{"resourceType":"CodeSystem","id":"insurance-plan-type","text":{"status":"generated","div":"<div xmlns=\"http://www.w3.org/1999/xhtml\"><p>This code system http://ibm.com/fhir/cdm/CodeSystem/insurance-plan-type defines the following codes:</p><table class=\"codes\"><tr><td style=\"white-space:nowrap\"><b>Code</b></td><td><b>Display</b></td></tr><tr><td style=\"white-space:nowrap\">hearing<a name=\"insurance-plan-type-hearing\"> </a></td><td>Hearing</td></tr><tr><td style=\"white-space:nowrap\">lifeins<a name=\"insurance-plan-type-lifeins\"> </a></td><td>Life Insurance</td></tr></table></div>"},"url":"http://ibm.com/fhir/cdm/CodeSystem/insurance-plan-type","version":"2.0.0","name":"InsurancePlanTypeCodeSystem","title":"Insurance Plan Type Codes","status":"active","date":"2021-09-21T12:28:41+00:00","contact":[{"name":"Kim Kenna","telecom":[{"system":"email","value":"sloand@us.ibm.com"}]},{"name":"Tom Eggebraaten","telecom":[{"system":"email","value":"tegge@us.ibm.com"}]}],"description":"The codes that indicates the specific benefit categories a member may have (medical, dental, vision, etc) based on benefit election.","content":"complete","count":2,"concept":[{"code":"hearing","display":"Hearing"},{"code":"lifeins","display":"Life Insurance"}]}