{"resourceType":"CodeSystem","id":"encounter-class","text":{"status":"generated","div":"<div xmlns=\"http://www.w3.org/1999/xhtml\"><p>This code system http://ibm.com/fhir/cdm/CodeSystem/encounter-class defines the following codes:</p><table class=\"codes\"><tr><td style=\"white-space:nowrap\"><b>Code</b></td><td><b>Display</b></td><td><b>Definition</b></td></tr><tr><td style=\"white-space:nowrap\">UNKNOWN<a name=\"encounter-class-UNKNOWN\"> </a></td><td>unknown</td><td>Class of the encounter is unknown or unspecified</td></tr><tr><td style=\"white-space:nowrap\">OTHER<a name=\"encounter-class-OTHER\"> </a></td><td>other</td><td>Class of the encounter does not fit other classifications</td></tr></table></div>"},"url":"http://ibm.com/fhir/cdm/CodeSystem/encounter-class","version":"2.0.0","name":"EncounterClassCodeSystem","title":"Encounter Class Codes","status":"active","date":"2021-10-26T01:56:32+00:00","contact":[{"name":"Kim Kenna","telecom":[{"system":"email","value":"sloand@us.ibm.com"}]},{"name":"Tom Eggebraaten","telecom":[{"system":"email","value":"tegge@us.ibm.com"}]}],"description":"Extended class codes for encounters","content":"complete","count":2,"concept":[{"code":"UNKNOWN","display":"unknown","definition":"Class of the encounter is unknown or unspecified"},{"code":"OTHER","display":"other","definition":"Class of the encounter does not fit other classifications"}]}