{"resourceType":"ValueSet","id":"diagnosis-present-on-admission","text":{"status":"generated","div":"<div xmlns=\"http://www.w3.org/1999/xhtml\"><ul><li>Include all codes defined in <a href=\"CodeSystem-diagnosis-present-on-admission.html\"><code>http://ibm.com/fhir/cdm/CodeSystem/diagnosis-present-on-admission</code></a></li></ul></div>"},"url":"http://ibm.com/fhir/cdm/ValueSet/diagnosis-present-on-admission","version":"2.0.0","name":"DiagnosisPresentOnAdmissionValueSet","title":"Diagnosis Present On Admission Value Set","status":"active","date":"2021-10-26T01:56:32+00:00","contact":[{"name":"Kim Kenna","telecom":[{"system":"email","value":"sloand@us.ibm.com"}]},{"name":"Tom Eggebraaten","telecom":[{"system":"email","value":"tegge@us.ibm.com"}]}],"description":"The Present On Admission (POA) value set for diagnosis codes on an inpatient acute care facility Claim","compose":{"include":[{"system":"http://ibm.com/fhir/cdm/CodeSystem/diagnosis-present-on-admission"}]}}