{"resourceType":"ValueSet","id":"ada-tooth","text":{"status":"generated","div":"<div xmlns=\"http://www.w3.org/1999/xhtml\"><ul><li>Include all codes defined in <a href=\"CodeSystem-ada-tooth.html\"><code>http://ibm.com/fhir/cdm/CodeSystem/ada-tooth</code></a></li></ul></div>"},"url":"http://ibm.com/fhir/cdm/ValueSet/ada-tooth","version":"2.0.0","name":"ADAToothValueSet","title":"American Dental Association Tooth Numbering Value Set","status":"active","date":"2021-09-21T12:28:41+00:00","contact":[{"name":"Kim Kenna","telecom":[{"system":"email","value":"sloand@us.ibm.com"}]},{"name":"Tom Eggebraaten","telecom":[{"system":"email","value":"tegge@us.ibm.com"}]}],"description":"Value set that defines a tooth","compose":{"include":[{"system":"http://ibm.com/fhir/cdm/CodeSystem/ada-tooth"}]}}