{"resourceType":"ValueSet","id":"procedure-type","text":{"status":"generated","div":"<div xmlns=\"http://www.w3.org/1999/xhtml\"><ul><li>Include all codes defined in <a href=\"CodeSystem-procedure-type.html\"><code>http://ibm.com/fhir/cdm/CodeSystem/procedure-type</code></a></li></ul></div>"},"url":"http://ibm.com/fhir/cdm/ValueSet/procedure-type","version":"2.0.0","name":"ProcedureTypeValueSet","title":"Procedure Type Value Set","status":"active","date":"2021-09-20T17:48:04+00:00","contact":[{"name":"Kim Kenna","telecom":[{"system":"email","value":"sloand@us.ibm.com"}]},{"name":"Tom Eggebraaten","telecom":[{"system":"email","value":"tegge@us.ibm.com"}]}],"description":"The value set indicating the procedure type","compose":{"include":[{"system":"http://ibm.com/fhir/cdm/CodeSystem/procedure-type"}]}}