{"resourceType":"ValueSet","id":"eng-product","text":{"status":"generated","div":"<div xmlns=\"http://www.w3.org/1999/xhtml\"><ul><li>Include all codes defined in <a href=\"CodeSystem-eng-product.html\"><code>http://ibm.com/fhir/cdm/CodeSystem/eng-product</code></a></li></ul></div>"},"url":"http://ibm.com/fhir/cdm/ValueSet/eng-product","version":"2.0.0","name":"EngagementProductValueSet","title":"Engagement Product Value Set","status":"active","date":"2021-10-01T15:07:10+00:00","contact":[{"name":"Kim Kenna","telecom":[{"system":"email","value":"sloand@us.ibm.com"}]},{"name":"Tom Eggebraaten","telecom":[{"system":"email","value":"tegge@us.ibm.com"}]}],"description":"IBM Watson Health engagement products","compose":{"include":[{"system":"http://ibm.com/fhir/cdm/CodeSystem/eng-product"}]}}