{"resourceType":"ValueSet","id":"insurance-plan-cost-category","text":{"status":"generated","div":"<div xmlns=\"http://www.w3.org/1999/xhtml\"><ul><li>Include all codes defined in <a href=\"CodeSystem-insurance-plan-cost-category.html\"><code>http://ibm.com/fhir/cdm/CodeSystem/insurance-plan-cost-category</code></a></li></ul></div>"},"url":"http://ibm.com/fhir/cdm/ValueSet/insurance-plan-cost-category","version":"2.0.0","name":"InsurancePlanCostCategoryValueSet","title":"Insurance Plan Cost Category Value Set","status":"active","date":"2021-09-21T12:28:41+00:00","contact":[{"name":"Kim Kenna","telecom":[{"system":"email","value":"sloand@us.ibm.com"}]},{"name":"Tom Eggebraaten","telecom":[{"system":"email","value":"tegge@us.ibm.com"}]}],"description":"The value set that indicates the specific benefit categories a member may have (medical, dental, vision, etc) based on benefit election.","compose":{"include":[{"system":"http://ibm.com/fhir/cdm/CodeSystem/insurance-plan-cost-category"}]}}