{"resourceType":"ValueSet","id":"sexual-orientation","text":{"status":"generated","div":"<div xmlns=\"http://www.w3.org/1999/xhtml\"><ul><li>Include all codes defined in <a href=\"CodeSystem-sexual-orientation.html\"><code>http://ibm.com/fhir/cdm/CodeSystem/sexual-orientation</code></a></li></ul></div>"},"url":"http://ibm.com/fhir/cdm/ValueSet/sexual-orientation","version":"2.0.0","name":"SexualOrientationValueSet","title":"Sexual Orientation Value Set","status":"active","date":"2021-10-26T01:56:32+00:00","contact":[{"name":"Kim Kenna","telecom":[{"system":"email","value":"sloand@us.ibm.com"}]},{"name":"Tom Eggebraaten","telecom":[{"system":"email","value":"tegge@us.ibm.com"}]}],"description":"Codes indicating a person's physical, romantic, and/or emotional attraction towards other people","compose":{"include":[{"system":"http://ibm.com/fhir/cdm/CodeSystem/sexual-orientation"}]}}