{"resourceType":"ValueSet","id":"procedure-modifier","text":{"status":"generated","div":"<div xmlns=\"http://www.w3.org/1999/xhtml\"><p>This value set includes codes based on the following rules:</p><ul><li>Include all codes defined in <a href=\"CodeSystem-procedure-modifier.html\"><code>http://ibm.com/fhir/cdm/CodeSystem/procedure-modifier</code></a></li><li>Include all codes defined in <code>https://oidref.com/2.16.840.1.113883.6.285</code></li></ul></div>"},"url":"http://ibm.com/fhir/cdm/ValueSet/procedure-modifier","version":"2.0.0","name":"ProcedureModifierValueSet","title":"Procedure Modifier Value Set","status":"active","date":"2021-10-01T15:07:10+00:00","contact":[{"name":"Kim Kenna","telecom":[{"system":"email","value":"sloand@us.ibm.com"}]},{"name":"Tom Eggebraaten","telecom":[{"system":"email","value":"tegge@us.ibm.com"}]}],"description":"The value set indicating the procedure modifiers","compose":{"include":[{"system":"http://ibm.com/fhir/cdm/CodeSystem/procedure-modifier"},{"system":"https://oidref.com/2.16.840.1.113883.6.285"}]}}