{"resourceType":"ValueSet","id":"eng-communication-request-status","text":{"status":"generated","div":"<div xmlns=\"http://www.w3.org/1999/xhtml\"><ul><li>Include all codes defined in <a href=\"CodeSystem-eng-communication-reqeust-status-reason.html\"><code>http://ibm.com/fhir/cdm/CodeSystem/eng-communication-reqeust-status-reason</code></a></li></ul></div>"},"url":"http://ibm.com/fhir/cdm/ValueSet/eng-communication-request-status","version":"2.0.0","name":"EngagementCommunicationRequestStatusReasonValueSet","title":"Engagement Communication Request Status Reason Value Set","status":"active","date":"2021-09-21T12:28:41+00:00","contact":[{"name":"Kim Kenna","telecom":[{"system":"email","value":"sloand@us.ibm.com"}]},{"name":"Tom Eggebraaten","telecom":[{"system":"email","value":"tegge@us.ibm.com"}]}],"description":"Status codes detailing the reason and status history for an Engagement communication request.","compose":{"include":[{"system":"http://ibm.com/fhir/cdm/CodeSystem/eng-communication-reqeust-status-reason"}]}}