<?xml version="1.0" encoding="UTF-8"?><CodeSystem xmlns="http://hl7.org/fhir"><id value="wh-payer-claim-status"/><text><status value="generated"/><div xmlns="http://www.w3.org/1999/xhtml"><p>This code system http://ibm.com/fhir/cdm/CodeSystem/wh-payer-claim-status defines the following codes:</p><table class="codes"><tr><td style="white-space:nowrap"><b>Code</b></td><td><b>Display</b></td></tr><tr><td style="white-space:nowrap">P<a name="wh-payer-claim-status-P"> </a></td><td>Paid</td></tr><tr><td style="white-space:nowrap">A<a name="wh-payer-claim-status-A"> </a></td><td>Adjusted</td></tr><tr><td style="white-space:nowrap">D<a name="wh-payer-claim-status-D"> </a></td><td>Denied</td></tr></table></div></text><url value="http://ibm.com/fhir/cdm/CodeSystem/wh-payer-claim-status"/><version value="3.0.0"/><name value="WhPayerClaimStatusCodeSystem"/><title value="Health Data Connect Claim Status Codes"/><status value="active"/><date value="2021-10-07T14:44:30+00:00"/><contact><name value="Kim Kenna"/><telecom><system value="email"/><value value="sloand@us.ibm.com"/></telecom></contact><contact><name value="Tom Eggebraaten"/><telecom><system value="email"/><value value="tegge@us.ibm.com"/></telecom></contact><description value="IBM® Health Data Connect standard code for the payment status of the claim."/><content value="complete"/><count value="3"/><concept><code value="P"/><display value="Paid"/></concept><concept><code value="A"/><display value="Adjusted"/></concept><concept><code value="D"/><display value="Denied"/></concept></CodeSystem>