<?xml version="1.0" encoding="UTF-8"?><CodeSystem xmlns="http://hl7.org/fhir"><id value="insurance-plan-cost-category"/><text><status value="generated"/><div xmlns="http://www.w3.org/1999/xhtml"><p>This code system http://ibm.com/fhir/cdm/CodeSystem/insurance-plan-cost-category defines the following codes:</p><table class="codes"><tr><td style="white-space:nowrap"><b>Code</b></td><td><b>Display</b></td></tr><tr><td style="white-space:nowrap">drug<a name="insurance-plan-cost-category-drug"> </a></td><td>Drug</td></tr><tr><td style="white-space:nowrap">medical<a name="insurance-plan-cost-category-medical"> </a></td><td>Medical</td></tr><tr><td style="white-space:nowrap">other<a name="insurance-plan-cost-category-other"> </a></td><td>Other</td></tr><tr><td style="white-space:nowrap">dental<a name="insurance-plan-cost-category-dental"> </a></td><td>Dental</td></tr><tr><td style="white-space:nowrap">mental<a name="insurance-plan-cost-category-mental"> </a></td><td>Mental</td></tr><tr><td style="white-space:nowrap">subst-ab<a name="insurance-plan-cost-category-subst-ab"> </a></td><td>Substance Abuse</td></tr><tr><td style="white-space:nowrap">vision<a name="insurance-plan-cost-category-vision"> </a></td><td>Vision</td></tr><tr><td style="white-space:nowrap">short-term<a name="insurance-plan-cost-category-short-term"> </a></td><td>Short Term Disability</td></tr><tr><td style="white-space:nowrap">long-term<a name="insurance-plan-cost-category-long-term"> </a></td><td>Long Term Disability</td></tr><tr><td style="white-space:nowrap">hospice<a name="insurance-plan-cost-category-hospice"> </a></td><td>Hospice</td></tr><tr><td style="white-space:nowrap">home<a name="insurance-plan-cost-category-home"> </a></td><td>Home Health</td></tr><tr><td style="white-space:nowrap">hearing<a name="insurance-plan-cost-category-hearing"> </a></td><td>Hearing</td></tr><tr><td style="white-space:nowrap">lifeins<a name="insurance-plan-cost-category-lifeins"> </a></td><td>Life Insurance</td></tr></table></div></text><url value="http://ibm.com/fhir/cdm/CodeSystem/insurance-plan-cost-category"/><version value="3.0.0"/><name value="InsurancePlanCostCategoryCodeSystem"/><title value="Insurance Plan Cost Category Codes"/><status value="active"/><date value="2021-10-07T14:44:30+00:00"/><contact><name value="Kim Kenna"/><telecom><system value="email"/><value value="sloand@us.ibm.com"/></telecom></contact><contact><name value="Tom Eggebraaten"/><telecom><system value="email"/><value value="tegge@us.ibm.com"/></telecom></contact><description value="The codes that indicates the specific benefit categories a member may have (medical, dental, vision, etc) based on benefit election."/><content value="complete"/><count value="13"/><concept><code value="drug"/><display value="Drug"/></concept><concept><code value="medical"/><display value="Medical"/></concept><concept><code value="other"/><display value="Other"/></concept><concept><code value="dental"/><display value="Dental"/></concept><concept><code value="mental"/><display value="Mental"/></concept><concept><code value="subst-ab"/><display value="Substance Abuse"/></concept><concept><code value="vision"/><display value="Vision"/></concept><concept><code value="short-term"/><display value="Short Term Disability"/></concept><concept><code value="long-term"/><display value="Long Term Disability"/></concept><concept><code value="hospice"/><display value="Hospice"/></concept><concept><code value="home"/><display value="Home Health"/></concept><concept><code value="hearing"/><display value="Hearing"/></concept><concept><code value="lifeins"/><display value="Life Insurance"/></concept></CodeSystem>