<?xml version="1.0" encoding="UTF-8"?><CodeSystem xmlns="http://hl7.org/fhir"><id value="procedure-type"/><text><status value="generated"/><div xmlns="http://www.w3.org/1999/xhtml"><p>This code system http://ibm.com/fhir/cdm/CodeSystem/procedure-type defines the following codes:</p><table class="codes"><tr><td style="white-space:nowrap"><b>Code</b></td><td><b>Display</b></td></tr><tr><td style="white-space:nowrap">surgical<a name="procedure-type-surgical"> </a></td><td>surgical</td></tr></table></div></text><url value="http://ibm.com/fhir/cdm/CodeSystem/procedure-type"/><version value="3.0.0"/><name value="ProcedureTypeCodeSystem"/><title value="Procedure Type Codes"/><status value="active"/><date value="2021-10-07T14:44:30+00:00"/><contact><name value="Kim Kenna"/><telecom><system value="email"/><value value="sloand@us.ibm.com"/></telecom></contact><contact><name value="Tom Eggebraaten"/><telecom><system value="email"/><value value="tegge@us.ibm.com"/></telecom></contact><description value="Codes indicating the procedure type"/><content value="complete"/><count value="1"/><concept><code value="surgical"/><display value="surgical"/></concept></CodeSystem>