<?xml version="1.0" encoding="UTF-8"?><ValueSet xmlns="http://hl7.org/fhir"><id value="encounter-class"/><text><status value="generated"/><div xmlns="http://www.w3.org/1999/xhtml"><p>This value set includes codes based on the following rules:</p><ul><li>Include all codes defined in <a href="http://terminology.hl7.org/2.1.0/CodeSystem-v3-ActCode.html"><code>http://terminology.hl7.org/CodeSystem/v3-ActCode</code></a></li><li>Include all codes defined in <a href="CodeSystem-encounter-class.html"><code>http://ibm.com/fhir/cdm/CodeSystem/encounter-class</code></a></li></ul></div></text><url value="http://ibm.com/fhir/cdm/ValueSet/encounter-class"/><version value="3.0.0"/><name value="EncounterClassValueSet"/><title value="Encounter Class Value Set"/><status value="active"/><date value="2021-10-07T14:44:30+00:00"/><contact><name value="Kim Kenna"/><telecom><system value="email"/><value value="sloand@us.ibm.com"/></telecom></contact><contact><name value="Tom Eggebraaten"/><telecom><system value="email"/><value value="tegge@us.ibm.com"/></telecom></contact><description value="Extended class codes for encounters"/><compose><include><system value="http://terminology.hl7.org/CodeSystem/v3-ActCode"/></include><include><system value="http://ibm.com/fhir/cdm/CodeSystem/encounter-class"/></include></compose></ValueSet>