<?xml version="1.0" encoding="UTF-8"?><ValueSet xmlns="http://hl7.org/fhir"><id value="room-and-board-service"/><text><status value="generated"/><div xmlns="http://www.w3.org/1999/xhtml"><ul><li>Include all codes defined in <a href="CodeSystem-room-and-board-service.html"><code>http://ibm.com/fhir/cdm/CodeSystem/room-and-board-service</code></a></li></ul></div></text><url value="http://ibm.com/fhir/cdm/ValueSet/room-and-board-service"/><version value="1.0.0"/><name value="RoomAndBoardServiceValueSet"/><title value="Room and Board Service Value Set"/><status value="active"/><date value="2021-08-25T21:19:12+00:00"/><contact><name value="Kim Kenna"/><telecom><system value="email"/><value value="sloand@us.ibm.com"/></telecom></contact><contact><name value="Tom Eggebraaten"/><telecom><system value="email"/><value value="tegge@us.ibm.com"/></telecom></contact><description value="The Value Set for the flag indicating the type of room and board services on a facility Claim"/><compose><include><system value="http://ibm.com/fhir/cdm/CodeSystem/room-and-board-service"/></include></compose></ValueSet>