<?xml version="1.0" encoding="UTF-8"?><ValueSet xmlns="http://hl7.org/fhir"><id value="sexual-orientation"/><text><status value="generated"/><div xmlns="http://www.w3.org/1999/xhtml"><ul><li>Include all codes defined in <a href="CodeSystem-sexual-orientation.html"><code>http://ibm.com/fhir/cdm/CodeSystem/sexual-orientation</code></a></li></ul></div></text><url value="http://ibm.com/fhir/cdm/ValueSet/sexual-orientation"/><version value="1.0.0"/><name value="SexualOrientationValueSet"/><title value="Sexual Orientation Value Set"/><status value="active"/><date value="2021-08-25T21:19:12+00:00"/><contact><name value="Kim Kenna"/><telecom><system value="email"/><value value="sloand@us.ibm.com"/></telecom></contact><contact><name value="Tom Eggebraaten"/><telecom><system value="email"/><value value="tegge@us.ibm.com"/></telecom></contact><description value="Codes indicating a person&#39;s physical, romantic, and/or emotional attraction towards other people"/><compose><include><system value="http://ibm.com/fhir/cdm/CodeSystem/sexual-orientation"/></include></compose></ValueSet>