<?xml version="1.0" encoding="UTF-8"?><ValueSet xmlns="http://hl7.org/fhir"><id value="rx-mail-or-retail"/><text><status value="generated"/><div xmlns="http://www.w3.org/1999/xhtml"><ul><li>Include all codes defined in <a href="CodeSystem-rx-mail-or-retail.html"><code>http://ibm.com/fhir/cdm/CodeSystem/rx-mail-or-retail</code></a></li></ul></div></text><url value="http://ibm.com/fhir/cdm/ValueSet/rx-mail-or-retail"/><version value="1.0.0"/><name value="RxMailOrRetailValueSet"/><title value="Rx Mail Or Retail Value Set"/><status value="active"/><date value="2021-08-25T21:19:12+00:00"/><contact><name value="Kim Kenna"/><telecom><system value="email"/><value value="sloand@us.ibm.com"/></telecom></contact><contact><name value="Tom Eggebraaten"/><telecom><system value="email"/><value value="tegge@us.ibm.com"/></telecom></contact><description value="IBM&#xAE; Health Data Connect standard value set indicating the purchase place of the prescription."/><compose><include><system value="http://ibm.com/fhir/cdm/CodeSystem/rx-mail-or-retail"/></include></compose></ValueSet>