<?xml version="1.0" encoding="UTF-8"?><ValueSet xmlns="http://hl7.org/fhir"><id value="wh-payer-procedure-group"/><text><status value="generated"/><div xmlns="http://www.w3.org/1999/xhtml"><ul><li>Include all codes defined in <a href="CodeSystem-wh-payer-procedure-group.html"><code>http://ibm.com/fhir/cdm/CodeSystem/wh-payer-procedure-group</code></a></li></ul></div></text><url value="http://ibm.com/fhir/cdm/ValueSet/wh-payer-procedure-group"/><version value="1.0.0"/><name value="WHPayerProcedureGroupValueSet"/><title value="Procedure Group Value Set"/><status value="active"/><date value="2021-08-25T21:19:12+00:00"/><contact><name value="Kim Kenna"/><telecom><system value="email"/><value value="sloand@us.ibm.com"/></telecom></contact><contact><name value="Tom Eggebraaten"/><telecom><system value="email"/><value value="tegge@us.ibm.com"/></telecom></contact><description value="IBM&#xAE; Health Data Connect standard value set containing procedure group codes"/><compose><include><system value="http://ibm.com/fhir/cdm/CodeSystem/wh-payer-procedure-group"/></include></compose></ValueSet>