<?xml version="1.0" encoding="UTF-8"?><ValueSet xmlns="http://hl7.org/fhir"><id value="wh-payer-claim-status"/><text><status value="generated"/><div xmlns="http://www.w3.org/1999/xhtml"><ul><li>Include all codes defined in <a href="CodeSystem-wh-payer-claim-status.html"><code>http://ibm.com/fhir/cdm/CodeSystem/wh-payer-claim-status</code></a></li></ul></div></text><url value="http://ibm.com/fhir/cdm/ValueSet/wh-payer-claim-status"/><version value="1.0.0"/><name value="WHPayerClaimStatusValueSet"/><title value="Health Data Connect Claim Status Codes Value Set"/><status value="active"/><date value="2021-08-25T21:19:12+00:00"/><contact><name value="Kim Kenna"/><telecom><system value="email"/><value value="sloand@us.ibm.com"/></telecom></contact><contact><name value="Tom Eggebraaten"/><telecom><system value="email"/><value value="tegge@us.ibm.com"/></telecom></contact><description value="IBM&#xAE; Health Data Connect  standard value set for the payment status of the claim."/><compose><include><system value="http://ibm.com/fhir/cdm/CodeSystem/wh-payer-claim-status"/></include></compose></ValueSet>