<?xml version="1.0" encoding="UTF-8"?>

<CodeSystem xmlns="http://hl7.org/fhir">
  <id value="diagnosis-present-on-admission"/>
  <text>
    <status value="generated"/><div xmlns="http://www.w3.org/1999/xhtml"><p>This code system http://ibm.com/fhir/cdm/CodeSystem/diagnosis-present-on-admission defines the following codes:</p><table class="codes"><tr><td style="white-space:nowrap"><b>Code</b></td><td><b>Display</b></td></tr><tr><td style="white-space:nowrap">1<a name="diagnosis-present-on-admission-1"> </a></td><td>Exempt from POA Reporting</td></tr><tr><td style="white-space:nowrap">N<a name="diagnosis-present-on-admission-N"> </a></td><td>No, not present at admission</td></tr><tr><td style="white-space:nowrap">U<a name="diagnosis-present-on-admission-U"> </a></td><td>Insufficient Documentation</td></tr><tr><td style="white-space:nowrap">W<a name="diagnosis-present-on-admission-W"> </a></td><td>Clinically Undetermined</td></tr><tr><td style="white-space:nowrap">Y<a name="diagnosis-present-on-admission-Y"> </a></td><td>Yes, present ad admission</td></tr></table></div>
  </text>
  <url value="http://ibm.com/fhir/cdm/CodeSystem/diagnosis-present-on-admission"/>
  <version value="0.1.0"/>
  <name value="DiagnosisPresentOnAdmissionCodeSystem"/>
  <title value="Diagnosis Present On Admission Codes"/>
  <status value="active"/>
  <date value="2021-08-05T15:18:11+00:00"/>
  <contact>
    <name value="Kim Kenna"/>
    <telecom>
      <system value="email"/>
      <value value="sloand@us.ibm.com"/>
    </telecom>
  </contact>
  <contact>
    <name value="Tom Eggebraaten"/>
    <telecom>
      <system value="email"/>
      <value value="tegge@us.ibm.com"/>
    </telecom>
  </contact>
  <description value="The Present On Admission (POA) code for diagnosis codes on an inpatient acute care facility Claim"/>
  <content value="complete"/>
  <count value="5"/>
  <concept>
    <code value="1"/>
    <display value="Exempt from POA Reporting"/>
  </concept>
  <concept>
    <code value="N"/>
    <display value="No, not present at admission"/>
  </concept>
  <concept>
    <code value="U"/>
    <display value="Insufficient Documentation"/>
  </concept>
  <concept>
    <code value="W"/>
    <display value="Clinically Undetermined"/>
  </concept>
  <concept>
    <code value="Y"/>
    <display value="Yes, present ad admission"/>
  </concept>
</CodeSystem>