<?xml version="1.0" encoding="UTF-8"?>

<ValueSet xmlns="http://hl7.org/fhir">
  <id value="legal-document-system"/>
  <text>
    <status value="generated"/><div xmlns="http://www.w3.org/1999/xhtml"><ul><li>Include all codes defined in <a href="CodeSystem-legal-document-system.html"><code>http://ibm.com/fhir/cdm/CodeSystem/legal-document-system</code></a></li></ul></div>
  </text>
  <url value="http://ibm.com/fhir/cdm/ValueSet/legal-document-system"/>
  <version value="0.1.0"/>
  <name value="LegalDocumentSystemValueSet"/>
  <title value="Legal Document System Value Set"/>
  <status value="active"/>
  <date value="2021-08-05T15:18:11+00:00"/>
  <contact>
    <name value="Kim Kenna"/>
    <telecom>
      <system value="email"/>
      <value value="sloand@us.ibm.com"/>
    </telecom>
  </contact>
  <contact>
    <name value="Tom Eggebraaten"/>
    <telecom>
      <system value="email"/>
      <value value="tegge@us.ibm.com"/>
    </telecom>
  </contact>
  <description value="Codes indicating the system of legal document used for identification"/>
  <compose>
    <include>
      <system value="http://ibm.com/fhir/cdm/CodeSystem/legal-document-system"/>
    </include>
  </compose>
</ValueSet>