{
  "resourceType": "ClaimResponse",
  "id": "CDMClaimResponseDrugInstance",
  "meta": {
    "extension": [
      {
        "url": "http://ibm.com/fhir/cdm/StructureDefinition/tenant-id",
        "valueString": "tenant7209"
      },
      {
        "url": "http://ibm.com/fhir/cdm/StructureDefinition/ingestion-batch-id",
        "valueString": "rgVCJnQBxvghkKTI8Hzz"
      },
      {
        "url": "http://ibm.com/fhir/cdm/StructureDefinition/process-name",
        "valueString": "TREX"
      },
      {
        "url": "http://ibm.com/fhir/cdm/StructureDefinition/process-client-id",
        "valueString": "7209"
      },
      {
        "url": "http://ibm.com/fhir/cdm/StructureDefinition/process-record-id",
        "valueIdentifier": {
          "system": "http://acme-health.com/WellnessCenterPharmacy",
          "value": "7209_07869_e00080779_3938586_2516181"
        }
      },
      {
        "url": "http://ibm.com/fhir/cdm/StructureDefinition/source-file-id",
        "valueString": "e00080779"
      }
    ],
    "source": "http://acme-health.com/WellnessCenterPharmacy",
    "profile": [
      "http://ibm.com/fhir/cdm/StructureDefinition/cdm-claim-response-drug"
    ]
  },
  "text": {
    "status": "extensions",
    "div": "<div xmlns=\"http://www.w3.org/1999/xhtml\"><p><b>Generated Narrative</b></p><div style=\"display: inline-block; background-color: #d9e0e7; padding: 6px; margin: 4px; border: 1px solid #8da1b4; border-radius: 5px; line-height: 60%\"><p style=\"margin-bottom: 0px\">Resource \"CDMClaimResponseDrugInstance\" </p><p style=\"margin-bottom: 0px\">Information Source: http://acme-health.com/WellnessCenterPharmacy!</p><p style=\"margin-bottom: 0px\">Profile: <a href=\"StructureDefinition-cdm-claim-response-drug.html\">CDM Claim Response Drug</a></p></div><p><b>Claim Status</b>: LocClaimSts <span style=\"background: LightGoldenRodYellow; margin: 4px; border: 1px solid khaki\"> (local-claim-status#LocClaimSts)</span></p><p><b>Claim Received Date</b>: 2017-06-01</p><p><b>identifier</b>: Prescription Number: 000000000000000000019721078 (OFFICIAL)</p><p><b>status</b>: active</p><p><b>type</b>: Pharmacy; Pharmacy claims for goods and services <span style=\"background: LightGoldenRodYellow; margin: 4px; border: 1px solid khaki\"> (<a href=\"CodeSystem-wh-payer-claim-type.html\">Health Data Connect Claim Type Codes</a>#pharmacy; local-claim-type#Pharmacy)</span></p><p><b>use</b>: claim</p><p><b>patient</b>: <a href=\"Patient-CDMPatientInstance.html\">Patient/CDMPatientInstance</a> \" MCLASTNAME\"</p><p><b>created</b>: Jul 25, 2017, 10:31:00 PM</p><p><b>insurer</b>: <span></span></p><p><b>outcome</b>: complete</p><blockquote><p><b>item</b></p><p><b>Claim Response Item Status</b>: Paid <span style=\"background: LightGoldenRodYellow; margin: 4px; border: 1px solid khaki\"> (<a href=\"CodeSystem-wh-payer-claim-status.html\">Health Data Connect Claim Status Codes</a>#P)</span></p><p><b>Claim Response Benefit Plan</b>: <a href=\"Coverage-CoverageDrugExample.html\">Coverage/CoverageDrugExample</a></p><p><b>Rx Formulary Indicator</b>: N</p><p><b>Rx Pay Tier</b>: Tier1 <span style=\"background: LightGoldenRodYellow; margin: 4px; border: 1px solid khaki\"> (local-rx-pay-tier#Tier1)</span></p><p><b>Rx Supply Indicator</b>: N</p><p><b>Usual And Customary Amount</b>: 0</p><p><b>itemSequence</b>: 1</p><blockquote><p><b>adjudication</b></p><p><b>category</b>: Coinsurance <span style=\"background: LightGoldenRodYellow; margin: 4px; border: 1px solid khaki\"> (<a href=\"CodeSystem-adjudication-category.html\">Adjudication Category Codes</a>#coinsurance)</span></p></blockquote><blockquote><p><b>adjudication</b></p><p><b>category</b>: Copayment <span style=\"background: LightGoldenRodYellow; margin: 4px; border: 1px solid khaki\"> (<a href=\"CodeSystem-adjudication-category.html\">Adjudication Category Codes</a>#copay)</span></p></blockquote><blockquote><p><b>adjudication</b></p><p><b>category</b>: Deductible Amount <span style=\"background: LightGoldenRodYellow; margin: 4px; border: 1px solid khaki\"> (<a href=\"CodeSystem-adjudication-category.html\">Adjudication Category Codes</a>#deductible)</span></p></blockquote><blockquote><p><b>adjudication</b></p><p><b>category</b>: Tax Amount <span style=\"background: LightGoldenRodYellow; margin: 4px; border: 1px solid khaki\"> (<a href=\"CodeSystem-adjudication-category.html\">Adjudication Category Codes</a>#tax)</span></p></blockquote><blockquote><p><b>adjudication</b></p><p><b>category</b>: Third Party Amount <span style=\"background: LightGoldenRodYellow; margin: 4px; border: 1px solid khaki\"> (<a href=\"CodeSystem-adjudication-category.html\">Adjudication Category Codes</a>#third-party)</span></p></blockquote><blockquote><p><b>adjudication</b></p><p><b>category</b>: Allowed Amount <span style=\"background: LightGoldenRodYellow; margin: 4px; border: 1px solid khaki\"> (<a href=\"CodeSystem-adjudication-category.html\">Adjudication Category Codes</a>#allowed)</span></p></blockquote><blockquote><p><b>adjudication</b></p><p><b>category</b>: Submitted <span style=\"background: LightGoldenRodYellow; margin: 4px; border: 1px solid khaki\"> (<a href=\"CodeSystem-adjudication-category.html\">Adjudication Category Codes</a>#submitted)</span></p></blockquote><blockquote><p><b>adjudication</b></p><p><b>category</b>: Net Payment <span style=\"background: LightGoldenRodYellow; margin: 4px; border: 1px solid khaki\"> (<a href=\"CodeSystem-adjudication-category.html\">Adjudication Category Codes</a>#net-payment)</span></p><p><b>reason</b>: M50 <span style=\"background: LightGoldenRodYellow; margin: 4px; border: 1px solid khaki\"> (remittance-advice-remark-codes#M50; remittance-advice-remark-codes#N423)</span></p></blockquote><blockquote><p><b>adjudication</b></p><p><b>category</b>: Discount Amount <span style=\"background: LightGoldenRodYellow; margin: 4px; border: 1px solid khaki\"> (<a href=\"CodeSystem-adjudication-category.html\">Adjudication Category Codes</a>#discount)</span></p></blockquote><blockquote><p><b>adjudication</b></p><p><b>category</b>: Fee For Service Equivalent <span style=\"background: LightGoldenRodYellow; margin: 4px; border: 1px solid khaki\"> (<a href=\"CodeSystem-adjudication-category.html\">Adjudication Category Codes</a>#ffs-equivalent)</span></p></blockquote><blockquote><p><b>adjudication</b></p><p><b>category</b>: Fully Insured Payment <span style=\"background: LightGoldenRodYellow; margin: 4px; border: 1px solid khaki\"> (<a href=\"CodeSystem-adjudication-category.html\">Adjudication Category Codes</a>#fully-insured-payment)</span></p></blockquote><blockquote><p><b>adjudication</b></p><p><b>category</b>: Healthcare Reimbursement Amount <span style=\"background: LightGoldenRodYellow; margin: 4px; border: 1px solid khaki\"> (<a href=\"CodeSystem-adjudication-category.html\">Adjudication Category Codes</a>#healthcare-reimbursement)</span></p></blockquote><blockquote><p><b>adjudication</b></p><p><b>category</b>: Healthcare Savings Account <span style=\"background: LightGoldenRodYellow; margin: 4px; border: 1px solid khaki\"> (<a href=\"CodeSystem-adjudication-category.html\">Adjudication Category Codes</a>#healthcare-savings-account)</span></p></blockquote><blockquote><p><b>adjudication</b></p><p><b>category</b>: Medicare Allowed Amount <span style=\"background: LightGoldenRodYellow; margin: 4px; border: 1px solid khaki\"> (<a href=\"CodeSystem-adjudication-category.html\">Adjudication Category Codes</a>#medicare-allowed)</span></p></blockquote><blockquote><p><b>adjudication</b></p><p><b>category</b>: Medicare Coinsurance Amount <span style=\"background: LightGoldenRodYellow; margin: 4px; border: 1px solid khaki\"> (<a href=\"CodeSystem-adjudication-category.html\">Adjudication Category Codes</a>#medicare-coinsurance)</span></p></blockquote><blockquote><p><b>adjudication</b></p><p><b>category</b>: Medicare Deductible Amount <span style=\"background: LightGoldenRodYellow; margin: 4px; border: 1px solid khaki\"> (<a href=\"CodeSystem-adjudication-category.html\">Adjudication Category Codes</a>#medicare-deductible)</span></p></blockquote><blockquote><p><b>adjudication</b></p><p><b>category</b>: Patient Liability <span style=\"background: LightGoldenRodYellow; margin: 4px; border: 1px solid khaki\"> (<a href=\"CodeSystem-adjudication-category.html\">Adjudication Category Codes</a>#patient-liability)</span></p></blockquote><blockquote><p><b>adjudication</b></p><p><b>category</b>: Penalty <span style=\"background: LightGoldenRodYellow; margin: 4px; border: 1px solid khaki\"> (<a href=\"CodeSystem-adjudication-category.html\">Adjudication Category Codes</a>#penalty)</span></p><p><b>reason</b>: LocPenaltyType <span style=\"background: LightGoldenRodYellow; margin: 4px; border: 1px solid khaki\"> (local-penalty-type#LocPenaltyType)</span></p></blockquote><blockquote><p><b>adjudication</b></p><p><b>category</b>: Excess Copayment <span style=\"background: LightGoldenRodYellow; margin: 4px; border: 1px solid khaki\"> (<a href=\"CodeSystem-adjudication-category.html\">Adjudication Category Codes</a>#excess_copay)</span></p></blockquote><blockquote><p><b>adjudication</b></p><p><b>category</b>: Medicare Paid Amount <span style=\"background: LightGoldenRodYellow; margin: 4px; border: 1px solid khaki\"> (<a href=\"CodeSystem-adjudication-category.html\">Adjudication Category Codes</a>#medicare-paid)</span></p></blockquote></blockquote><h3>Adjudications</h3><table class=\"grid\"><tr><td>-</td><td><b>Extension</b></td><td><b>Category</b></td></tr><tr><td>*</td><td></td><td>In Network <span style=\"background: LightGoldenRodYellow; margin: 4px; border: 1px solid khaki\"> (<a href=\"CodeSystem-paid-in-network-indicator.html\">Paid In Network Indicator Codes</a>#in-network)</span></td></tr></table><blockquote><p><b>payment</b></p><p><b>Claim Adjustment Type</b>: Adjustment (positive or negative adjustment) <span style=\"background: LightGoldenRodYellow; margin: 4px; border: 1px solid khaki\"> (<a href=\"CodeSystem-wh-payer-claim-adjustment-type.html\">Health Data Connect Claim Adjustment Type Codes</a>#1)</span></p><p><b>Claim Adjustment Type</b>: LocalClaimAdjType <span style=\"background: LightGoldenRodYellow; margin: 4px; border: 1px solid khaki\"> (local-claim-adjustment-type#LocalClaimAdjType)</span></p><p><b>Disposition Reason</b>: record-in-error-correct-and-resubmit <span style=\"background: LightGoldenRodYellow; margin: 4px; border: 1px solid khaki\"> (local-disposition-reason#record-in-error-correct-and-resubmit)</span></p><p><b>type</b>: Complete <span style=\"background: LightGoldenRodYellow; margin: 4px; border: 1px solid khaki\"> (<a href=\"http://terminology.hl7.org/2.1.0/CodeSystem-ex-paymenttype.html\">Example Payment Type Codes</a>#complete)</span></p><p><b>adjustmentReason</b>: local-adj-reason <span style=\"background: LightGoldenRodYellow; margin: 4px; border: 1px solid khaki\"> (local-adjustment-reason#local-adj-reason)</span></p><p><b>date</b>: 2017-07-20</p></blockquote></div>"
  },
  "extension": [
    {
      "url": "http://ibm.com/fhir/cdm/StructureDefinition/claim-status",
      "valueCodeableConcept": {
        "coding": [
          {
            "system": "http://acme-health.com/CodeSystem/local-claim-status",
            "code": "LocClaimSts"
          }
        ]
      }
    },
    {
      "url": "http://ibm.com/fhir/cdm/StructureDefinition/claim-received-date",
      "valueDate": "2017-06-01"
    }
  ],
  "identifier": [
    {
      "use": "official",
      "type": {
        "coding": [
          {
            "system": "http://ibm.com/fhir/cdm/CodeSystem/identifier-type",
            "code": "RXN"
          }
        ]
      },
      "system": "http://acme-health.com/CodeSystem/local-claim-identifier",
      "value": "000000000000000000019721078",
      "assigner": {
        "display": "Acme Health - Wellness Center Pharmacy"
      }
    }
  ],
  "status": "active",
  "type": {
    "coding": [
      {
        "system": "http://ibm.com/fhir/cdm/CodeSystem/wh-payer-claim-type",
        "code": "pharmacy"
      },
      {
        "system": "http://acme-health.com/CodeSystem/local-claim-type",
        "code": "Pharmacy"
      }
    ]
  },
  "use": "claim",
  "patient": {
    "reference": "Patient/CDMPatientInstance"
  },
  "created": "2017-07-25T17:31:00-05:00",
  "insurer": {
    "type": "Organization",
    "identifier": {
      "system": "http://acme-health.com/payer1/payer",
      "value": "Payer1"
    }
  },
  "outcome": "complete",
  "item": [
    {
      "extension": [
        {
          "url": "http://ibm.com/fhir/cdm/StructureDefinition/claim-response-item-status",
          "valueCodeableConcept": {
            "coding": [
              {
                "system": "http://ibm.com/fhir/cdm/CodeSystem/wh-payer-claim-status",
                "code": "P",
                "display": "Paid"
              }
            ]
          }
        },
        {
          "url": "http://ibm.com/fhir/cdm/StructureDefinition/claim-response-benefit-plan",
          "valueReference": {
            "reference": "Coverage/CoverageDrugExample"
          }
        },
        {
          "url": "http://ibm.com/fhir/cdm/StructureDefinition/rx-formulary-indicator",
          "valueString": "N"
        },
        {
          "url": "http://ibm.com/fhir/cdm/StructureDefinition/rx-pay-tier",
          "valueCodeableConcept": {
            "coding": [
              {
                "system": "http://acme-health.com/CodeSystem/local-rx-pay-tier",
                "code": "Tier1"
              }
            ]
          }
        },
        {
          "url": "http://ibm.com/fhir/cdm/StructureDefinition/rx-supply-indicator",
          "valueString": "N"
        },
        {
          "url": "http://ibm.com/fhir/cdm/StructureDefinition/usual-and-customary-amount",
          "valueDecimal": 0
        }
      ],
      "itemSequence": 1,
      "adjudication": [
        {
          "category": {
            "coding": [
              {
                "system": "http://ibm.com/fhir/cdm/CodeSystem/adjudication-category",
                "code": "coinsurance"
              }
            ]
          },
          "amount": {
            "value": 18.86
          }
        },
        {
          "category": {
            "coding": [
              {
                "system": "http://ibm.com/fhir/cdm/CodeSystem/adjudication-category",
                "code": "copay"
              }
            ]
          },
          "amount": {
            "value": 10
          }
        },
        {
          "category": {
            "coding": [
              {
                "system": "http://ibm.com/fhir/cdm/CodeSystem/adjudication-category",
                "code": "deductible"
              }
            ]
          },
          "amount": {
            "value": 10
          }
        },
        {
          "category": {
            "coding": [
              {
                "system": "http://ibm.com/fhir/cdm/CodeSystem/adjudication-category",
                "code": "tax"
              }
            ]
          },
          "amount": {
            "value": 1.01
          }
        },
        {
          "category": {
            "coding": [
              {
                "system": "http://ibm.com/fhir/cdm/CodeSystem/adjudication-category",
                "code": "third-party"
              }
            ]
          },
          "amount": {
            "value": 0
          }
        },
        {
          "category": {
            "coding": [
              {
                "system": "http://ibm.com/fhir/cdm/CodeSystem/adjudication-category",
                "code": "allowed"
              }
            ]
          },
          "amount": {
            "value": 25
          }
        },
        {
          "category": {
            "coding": [
              {
                "system": "http://ibm.com/fhir/cdm/CodeSystem/adjudication-category",
                "code": "submitted"
              }
            ]
          },
          "amount": {
            "value": 5
          }
        },
        {
          "category": {
            "coding": [
              {
                "system": "http://ibm.com/fhir/cdm/CodeSystem/adjudication-category",
                "code": "net-payment"
              }
            ]
          },
          "reason": {
            "coding": [
              {
                "system": "https://x12.org/codes/remittance-advice-remark-codes",
                "code": "M50"
              },
              {
                "system": "https://x12.org/codes/remittance-advice-remark-codes",
                "code": "N423"
              }
            ]
          },
          "amount": {
            "value": 0
          }
        },
        {
          "category": {
            "coding": [
              {
                "system": "http://ibm.com/fhir/cdm/CodeSystem/adjudication-category",
                "code": "discount"
              }
            ]
          },
          "amount": {
            "value": 0
          }
        },
        {
          "category": {
            "coding": [
              {
                "system": "http://ibm.com/fhir/cdm/CodeSystem/adjudication-category",
                "code": "ffs-equivalent"
              }
            ]
          },
          "amount": {
            "value": 0
          }
        },
        {
          "category": {
            "coding": [
              {
                "system": "http://ibm.com/fhir/cdm/CodeSystem/adjudication-category",
                "code": "fully-insured-payment"
              }
            ]
          },
          "amount": {
            "value": 0
          }
        },
        {
          "category": {
            "coding": [
              {
                "system": "http://ibm.com/fhir/cdm/CodeSystem/adjudication-category",
                "code": "healthcare-reimbursement"
              }
            ]
          },
          "amount": {
            "value": 0
          }
        },
        {
          "category": {
            "coding": [
              {
                "system": "http://ibm.com/fhir/cdm/CodeSystem/adjudication-category",
                "code": "healthcare-savings-account"
              }
            ]
          },
          "amount": {
            "value": 0
          }
        },
        {
          "category": {
            "coding": [
              {
                "system": "http://ibm.com/fhir/cdm/CodeSystem/adjudication-category",
                "code": "medicare-allowed"
              }
            ]
          },
          "amount": {
            "value": 0
          }
        },
        {
          "category": {
            "coding": [
              {
                "system": "http://ibm.com/fhir/cdm/CodeSystem/adjudication-category",
                "code": "medicare-coinsurance"
              }
            ]
          },
          "amount": {
            "value": 0
          }
        },
        {
          "category": {
            "coding": [
              {
                "system": "http://ibm.com/fhir/cdm/CodeSystem/adjudication-category",
                "code": "medicare-deductible"
              }
            ]
          },
          "amount": {
            "value": 0
          }
        },
        {
          "category": {
            "coding": [
              {
                "system": "http://ibm.com/fhir/cdm/CodeSystem/adjudication-category",
                "code": "patient-liability"
              }
            ]
          },
          "amount": {
            "value": 0
          }
        },
        {
          "category": {
            "coding": [
              {
                "system": "http://ibm.com/fhir/cdm/CodeSystem/adjudication-category",
                "code": "penalty"
              }
            ]
          },
          "reason": {
            "coding": [
              {
                "system": "http://acme-health.com/CodeSystem/local-penalty-type",
                "code": "LocPenaltyType"
              }
            ]
          },
          "amount": {
            "value": 1
          }
        },
        {
          "category": {
            "coding": [
              {
                "system": "http://ibm.com/fhir/cdm/CodeSystem/adjudication-category",
                "code": "excess_copay"
              }
            ]
          },
          "amount": {
            "value": 0
          }
        },
        {
          "category": {
            "coding": [
              {
                "system": "http://ibm.com/fhir/cdm/CodeSystem/adjudication-category",
                "code": "medicare-paid"
              }
            ]
          },
          "amount": {
            "value": 0
          }
        }
      ]
    }
  ],
  "adjudication": [
    {
      "extension": [
        {
          "url": "http://ibm.com/fhir/cdm/StructureDefinition/adjudication-date",
          "valueDate": "2017-06-30"
        }
      ],
      "category": {
        "coding": [
          {
            "system": "http://ibm.com/fhir/cdm/CodeSystem/paid-in-network-indicator",
            "code": "in-network"
          }
        ]
      }
    }
  ],
  "payment": {
    "extension": [
      {
        "url": "http://ibm.com/fhir/cdm/StructureDefinition/claim-adjustment-type",
        "valueCodeableConcept": {
          "coding": [
            {
              "system": "http://ibm.com/fhir/cdm/CodeSystem/wh-payer-claim-adjustment-type",
              "code": "1"
            }
          ]
        }
      },
      {
        "url": "http://ibm.com/fhir/cdm/StructureDefinition/claim-adjustment-type",
        "valueCodeableConcept": {
          "coding": [
            {
              "system": "http://acme-health.com/CodeSystem/local-claim-adjustment-type",
              "code": "LocalClaimAdjType"
            }
          ]
        }
      },
      {
        "url": "http://ibm.com/fhir/cdm/StructureDefinition/disposition-reason",
        "valueCodeableConcept": {
          "coding": [
            {
              "system": "http://acme-health.com/CodeSystem/local-disposition-reason",
              "code": "record-in-error-correct-and-resubmit"
            }
          ]
        }
      }
    ],
    "type": {
      "coding": [
        {
          "system": "http://terminology.hl7.org/CodeSystem/ex-paymenttype",
          "code": "complete"
        }
      ]
    },
    "adjustmentReason": {
      "coding": [
        {
          "system": "http://acme-health.com/CodeSystem/local-adjustment-reason",
          "code": "local-adj-reason"
        }
      ]
    },
    "date": "2017-07-20",
    "amount": {
      "value": 5
    }
  }
}