{
  "resourceType": "CodeSystem",
  "id": "eng-opt-out-reason",
  "text": {
    "status": "generated",
    "div": "<div xmlns=\"http://www.w3.org/1999/xhtml\"><p>This code system http://ibm.com/fhir/cdm/CodeSystem/eng-opt-out-reason defines the following codes:</p><table class=\"codes\"><tr><td style=\"white-space:nowrap\"><b>Code</b></td><td><b>Display</b></td></tr><tr><td style=\"white-space:nowrap\">email-health-related<a name=\"eng-opt-out-reason-email-health-related\"> </a></td><td>I don't want to receive health related information via email</td></tr><tr><td style=\"white-space:nowrap\">email-address-change<a name=\"eng-opt-out-reason-email-address-change\"> </a></td><td>I have changed my email address</td></tr><tr><td style=\"white-space:nowrap\">sms-health-related<a name=\"eng-opt-out-reason-sms-health-related\"> </a></td><td>I don't want to receive health related information via sms</td></tr><tr><td style=\"white-space:nowrap\">unintended-recipient<a name=\"eng-opt-out-reason-unintended-recipient\"> </a></td><td>I am not the intended recipient</td></tr><tr><td style=\"white-space:nowrap\">unknown<a name=\"eng-opt-out-reason-unknown\"> </a></td><td>Unknown reason</td></tr><tr><td style=\"white-space:nowrap\">other<a name=\"eng-opt-out-reason-other\"> </a></td><td>Other</td></tr></table></div>"
  },
  "url": "http://ibm.com/fhir/cdm/CodeSystem/eng-opt-out-reason",
  "version": "5.0.0",
  "name": "EngagementOptOutReasonCodeSystem",
  "title": "Engagement Opt-Out Reason Codes",
  "status": "active",
  "date": "2021-11-19T14:45:01+00:00",
  "contact": [
    {
      "name": "Kim Kenna",
      "telecom": [
        {
          "system": "email",
          "value": "sloand@us.ibm.com"
        }
      ]
    },
    {
      "name": "Tom Eggebraaten",
      "telecom": [
        {
          "system": "email",
          "value": "tegge@us.ibm.com"
        }
      ]
    }
  ],
  "description": "Codes indicating reasons patients may specify for opting-out of Engagement communications",
  "content": "complete",
  "count": 6,
  "concept": [
    {
      "code": "email-health-related",
      "display": "I don't want to receive health related information via email"
    },
    {
      "code": "email-address-change",
      "display": "I have changed my email address"
    },
    {
      "code": "sms-health-related",
      "display": "I don't want to receive health related information via sms"
    },
    {
      "code": "unintended-recipient",
      "display": "I am not the intended recipient"
    },
    {
      "code": "unknown",
      "display": "Unknown reason"
    },
    {
      "code": "other",
      "display": "Other"
    }
  ]
}