{
  "resourceType": "Coverage",
  "id": "CoverageDrugExample",
  "meta": {
    "source": "http://acme-health.com/WellnessCenterPharmacy",
    "profile": [
      "http://ibm.com/fhir/cdm/StructureDefinition/cdm-coverage"
    ]
  },
  "text": {
    "status": "extensions",
    "div": "<div xmlns=\"http://www.w3.org/1999/xhtml\"><p><b>Generated Narrative</b></p><div style=\"display: inline-block; background-color: #d9e0e7; padding: 6px; margin: 4px; border: 1px solid #8da1b4; border-radius: 5px; line-height: 60%\"><p style=\"margin-bottom: 0px\">Resource \"CoverageDrugExample\" </p><p style=\"margin-bottom: 0px\">Information Source: http://acme-health.com/WellnessCenterPharmacy!</p><p style=\"margin-bottom: 0px\">Profile: <a href=\"StructureDefinition-cdm-coverage.html\">CDM Coverage</a></p></div><p><b>Age and Gender Groups</b>: Males 20-24 yr <span style=\"background: LightGoldenRodYellow; margin: 4px; border: 1px solid khaki\"> (<a href=\"CodeSystem-age-gender-group.html\">Age and Gender Group Codes</a>#7)</span></p><p><b>Age In Years</b>: 21</p><p><b>Claim Group Identifier</b>: claim group id</p><p><b>Coverage Month</b>: 2017-06-01</p><p><b>Employee Count</b>: 1</p><p><b>Health Data Connect Subscriber Relationship Code</b>: 2</p><p><b>Employee Status</b>: Active Full Time <span style=\"background: LightGoldenRodYellow; margin: 4px; border: 1px solid khaki\"> (<a href=\"CodeSystem-wh-payer-employee-status-code.html\">Health Data Connect Employee Status Codes</a>#1)</span></p><p><b>Employee Hire Date</b>: 2017-01-30</p><p><b>identifier</b>: Source System Row Identifier: encryp-id1234</p><p><b>status</b>: active</p><p><b>subscriber</b>: <a href=\"Patient-CDMPatientInstance.html\">Patient/CDMPatientInstance</a> \" MCLASTNAME\"</p><p><b>beneficiary</b>: <span></span></p><p><b>period</b>: 2017-06-01 --&gt; 2017-06-30</p><p><b>payor</b>: <span></span></p></div>"
  },
  "extension": [
    {
      "url": "http://ibm.com/fhir/cdm/StructureDefinition/age-gender-group",
      "valueCodeableConcept": {
        "coding": [
          {
            "system": "http://ibm.com/fhir/cdm/CodeSystem/age-gender-group",
            "code": "7"
          }
        ]
      }
    },
    {
      "url": "http://ibm.com/fhir/cdm/StructureDefinition/snapshot-age-in-years",
      "valueUnsignedInt": 21
    },
    {
      "url": "http://ibm.com/fhir/cdm/StructureDefinition/claim-group-identifier",
      "valueString": "claim group id"
    },
    {
      "url": "http://ibm.com/fhir/cdm/StructureDefinition/coverage-month",
      "valueDate": "2017-06-01"
    },
    {
      "url": "http://ibm.com/fhir/cdm/StructureDefinition/employee-count",
      "valueUnsignedInt": 1
    },
    {
      "url": "http://ibm.com/fhir/cdm/StructureDefinition/wh-payer-subscriber-relationship",
      "valueString": "2"
    },
    {
      "url": "http://ibm.com/fhir/cdm/StructureDefinition/employee-status",
      "valueCodeableConcept": {
        "coding": [
          {
            "system": "http://ibm.com/fhir/cdm/CodeSystem/wh-payer-employee-status-code",
            "code": "1",
            "display": "Active Full Time"
          }
        ]
      }
    },
    {
      "url": "http://ibm.com/fhir/cdm/StructureDefinition/employee-hire-date",
      "valueDate": "2017-01-30"
    }
  ],
  "identifier": [
    {
      "extension": [
        {
          "url": "http://ibm.com/fhir/cdm/StructureDefinition/encrypted-state",
          "valueBoolean": true
        }
      ],
      "type": {
        "coding": [
          {
            "system": "http://ibm.com/fhir/cdm/CodeSystem/identifier-type",
            "code": "SSRI"
          }
        ]
      },
      "system": "http://acme-health.com/emr1/WellnessCenterPharmacy",
      "value": "encryp-id1234"
    }
  ],
  "status": "active",
  "subscriber": {
    "reference": "Patient/CDMPatientInstance"
  },
  "beneficiary": {
    "type": "Person",
    "identifier": {
      "system": "http://acme-health.com/emr1/person",
      "value": "Payer1"
    }
  },
  "period": {
    "start": "2017-06-01",
    "end": "2017-06-30"
  },
  "payor": [
    {
      "type": "Organiation",
      "identifier": {
        "system": "http://acme-health.com/payer1/payer",
        "value": "encryp-id1234"
      }
    }
  ]
}