{
  "resourceType": "Practitioner",
  "id": "MatchedPractitionerExample",
  "meta": {
    "extension": [
      {
        "url": "http://ibm.com/fhir/cdm/StructureDefinition/tenant-id",
        "valueString": "99999"
      },
      {
        "url": "http://ibm.com/fhir/cdm/StructureDefinition/ingestion-batch-id",
        "valueString": "b069a545-9506-40c6-8498-23de2e189143"
      },
      {
        "url": "http://ibm.com/fhir/cdm/StructureDefinition/process-organization",
        "valueString": "IBM"
      },
      {
        "url": "http://ibm.com/fhir/cdm/StructureDefinition/process-type",
        "valueString": "Matching"
      },
      {
        "url": "http://ibm.com/fhir/cdm/StructureDefinition/process-name",
        "valueString": "Practitioner Matching"
      },
      {
        "url": "http://ibm.com/fhir/cdm/StructureDefinition/process-version",
        "valueString": "1.0"
      },
      {
        "url": "http://ibm.com/fhir/cdm/StructureDefinition/process-timestamp",
        "valueDateTime": "2020-02-12T03:01:00Z"
      }
    ],
    "source": "http://ibm.com/fhir/primary/practitioner-match",
    "profile": [
      "http://ibm.com/fhir/cdm/StructureDefinition/cdm-match-practitioner"
    ],
    "tag": [
      {
        "system": "http://ibm.com/fhir/cdm/CodeSystem/process-meta-source-classification",
        "code": "derived"
      }
    ]
  },
  "text": {
    "status": "extensions",
    "div": "<div xmlns=\"http://www.w3.org/1999/xhtml\"><p><b>Generated Narrative</b></p><div style=\"display: inline-block; background-color: #d9e0e7; padding: 6px; margin: 4px; border: 1px solid #8da1b4; border-radius: 5px; line-height: 60%\"><p style=\"margin-bottom: 0px\">Resource \"MatchedPractitionerExample\" </p><p style=\"margin-bottom: 0px\">Information Source: http://ibm.com/fhir/primary/practitioner-match!</p><p style=\"margin-bottom: 0px\">Profile: <a href=\"StructureDefinition-cdm-match-practitioner.html\">CDM Match Practitioner</a></p><p style=\"margin-bottom: 0px\">Tag: <span title=\"{http://ibm.com/fhir/cdm/CodeSystem/process-meta-source-classification http://ibm.com/fhir/cdm/CodeSystem/process-meta-source-classification}\">http://ibm.com/fhir/cdm/CodeSystem/process-meta-source-classification</span></p></div><blockquote><p><b>See Also</b></p><p><b>value</b>: <a href=\"Practitioner-MatchedPractitionerSource-EMR1-DrA.html\">Practitioner/MatchedPractitionerSource-EMR1-DrA</a> \" MATCH\"</p><p><b>value</b>: Automoted matching algorithm or model identified the match <span style=\"background: LightGoldenRodYellow; margin: 4px; border: 1px solid khaki\"> (<a href=\"CodeSystem-match-method.html\">Match Method Codes</a>#automated)</span></p><p><b>value</b>: Certain Match (Details: http://terminology.hl7.org/CodeSystem/match-grade code certain = 'Certain Match', stated as 'null')</p><p><b>value</b>: 100</p><p><b>value</b>: 2020-02-12 --&gt; (ongoing)</p><p><b>Match Compared To</b>: <a href=\"MatchedPractitionerSource-EMR2-DrA\">MatchedPractitionerSource-EMR2-DrA</a></p><p><b>Match Criteria</b>: NPI match</p><p><b>Match Confidence Code</b>: Certain Match (Details: http://terminology.hl7.org/CodeSystem/match-grade code certain = 'Certain Match', stated as 'null')</p><p><b>Confidence Score</b>: 100</p><p><b>Match Compared To</b>: <a href=\"MatchedPractitionerSource-EMR2-DrA\">MatchedPractitionerSource-EMR2-DrA</a></p><p><b>Match Criteria</b>: TIN match</p><p><b>Match Confidence Code</b>: Certain Match (Details: http://terminology.hl7.org/CodeSystem/match-grade code certain = 'Certain Match', stated as 'null')</p><p><b>Confidence Score</b>: 100</p><p><b>value</b>: IBM</p><p><b>value</b>: Practitioner Match</p><p><b>value</b>: MDM</p><p><b>value</b>: 1.0</p><p><b>value</b>: 2020-01-01T03:01:00Z</p></blockquote><blockquote><p><b>See Also</b></p><p><b>value</b>: <a href=\"Practitioner-MatchedPractitionerSource-EMR1-DrA.html\">Practitioner/MatchedPractitionerSource-EMR1-DrA</a> \" MATCH\"</p><p><b>value</b>: Automoted matching algorithm or model identified the match <span style=\"background: LightGoldenRodYellow; margin: 4px; border: 1px solid khaki\"> (<a href=\"CodeSystem-match-method.html\">Match Method Codes</a>#automated)</span></p><p><b>value</b>: Certain Match (Details: http://terminology.hl7.org/CodeSystem/match-grade code certain = 'Certain Match', stated as 'null')</p><p><b>value</b>: 100</p><p><b>value</b>: 2020-02-12 --&gt; (ongoing)</p><p><b>Match Compared To</b>: <a href=\"MatchedPractitionerSource-EMR2-DrA\">MatchedPractitionerSource-EMR2-DrA</a></p><p><b>Match Criteria</b>: NPI match</p><p><b>Match Confidence Code</b>: Certain Match (Details: http://terminology.hl7.org/CodeSystem/match-grade code certain = 'Certain Match', stated as 'null')</p><p><b>Confidence Score</b>: 100</p><p><b>Match Compared To</b>: <a href=\"MatchedPractitionerSource-EMR2-DrA\">MatchedPractitionerSource-EMR2-DrA</a></p><p><b>Match Criteria</b>: TIN match</p><p><b>Match Confidence Code</b>: Certain Match (Details: http://terminology.hl7.org/CodeSystem/match-grade code certain = 'Certain Match', stated as 'null')</p><p><b>Confidence Score</b>: 100</p><p><b>value</b>: IBM</p><p><b>value</b>: Practitioner Match</p><p><b>value</b>: MDM</p><p><b>value</b>: 1.0</p><p><b>value</b>: 2020-01-01T03:01:00Z</p></blockquote><p><b>identifier</b>: Match Data Identifier: e65bdcac-6e50-4353-8faa-dc147a603468 (OFFICIAL), Provider number: 1122445599 (OFFICIAL)</p><p><b>name</b>: Dr Rosemary B Match, MD</p></div>"
  },
  "extension": [
    {
      "extension": [
        {
          "url": "http://ibm.com/fhir/cdm/StructureDefinition/match-source-reference",
          "valueReference": {
            "reference": "Practitioner/MatchedPractitionerSource-EMR1-DrA"
          }
        },
        {
          "url": "http://ibm.com/fhir/cdm/StructureDefinition/match-method",
          "valueCodeableConcept": {
            "coding": [
              {
                "system": "http://ibm.com/fhir/cdm/CodeSystem/match-method",
                "code": "automated"
              }
            ]
          }
        },
        {
          "url": "http://ibm.com/fhir/cdm/StructureDefinition/match-confidence-level",
          "valueCoding": {
            "system": "http://terminology.hl7.org/CodeSystem/match-grade",
            "code": "certain"
          }
        },
        {
          "url": "http://ibm.com/fhir/cdm/StructureDefinition/match-confidence-score",
          "valueDecimal": 100
        },
        {
          "url": "http://ibm.com/fhir/cdm/StructureDefinition/match-period",
          "valuePeriod": {
            "start": "2020-02-12"
          }
        },
        {
          "extension": [
            {
              "url": "http://ibm.com/fhir/cdm/StructureDefinition/match-compared-to",
              "valueReference": {
                "reference": "MatchedPractitionerSource-EMR2-DrA"
              }
            },
            {
              "url": "http://ibm.com/fhir/cdm/StructureDefinition/match-criteria",
              "valueString": "NPI match"
            },
            {
              "url": "http://ibm.com/fhir/cdm/StructureDefinition/match-confidence-level",
              "valueCoding": {
                "system": "http://terminology.hl7.org/CodeSystem/match-grade",
                "code": "certain"
              }
            },
            {
              "url": "http://ibm.com/fhir/cdm/StructureDefinition/match-confidence-score",
              "valueDecimal": 100
            }
          ],
          "url": "http://ibm.com/fhir/cdm/StructureDefinition/match-detail"
        },
        {
          "extension": [
            {
              "url": "http://ibm.com/fhir/cdm/StructureDefinition/match-compared-to",
              "valueReference": {
                "reference": "MatchedPractitionerSource-EMR2-DrA"
              }
            },
            {
              "url": "http://ibm.com/fhir/cdm/StructureDefinition/match-criteria",
              "valueString": "TIN match"
            },
            {
              "url": "http://ibm.com/fhir/cdm/StructureDefinition/match-confidence-level",
              "valueCoding": {
                "system": "http://terminology.hl7.org/CodeSystem/match-grade",
                "code": "certain"
              }
            },
            {
              "url": "http://ibm.com/fhir/cdm/StructureDefinition/match-confidence-score",
              "valueDecimal": 100
            }
          ],
          "url": "http://ibm.com/fhir/cdm/StructureDefinition/process-organization",
          "valueString": "IBM"
        },
        {
          "url": "http://ibm.com/fhir/cdm/StructureDefinition/process-type",
          "valueString": "Practitioner Match"
        },
        {
          "url": "http://ibm.com/fhir/cdm/StructureDefinition/process-name",
          "valueString": "MDM"
        },
        {
          "url": "http://ibm.com/fhir/cdm/StructureDefinition/process-version",
          "valueString": "1.0"
        },
        {
          "url": "http://ibm.com/fhir/cdm/StructureDefinition/process-timestamp",
          "valueDateTime": "2020-01-01T03:01:00Z"
        }
      ],
      "url": "http://ibm.com/fhir/cdm/StructureDefinition/see-also"
    },
    {
      "extension": [
        {
          "url": "http://ibm.com/fhir/cdm/StructureDefinition/match-source-reference",
          "valueReference": {
            "reference": "Practitioner/MatchedPractitionerSource-EMR1-DrA"
          }
        },
        {
          "url": "http://ibm.com/fhir/cdm/StructureDefinition/match-method",
          "valueCodeableConcept": {
            "coding": [
              {
                "system": "http://ibm.com/fhir/cdm/CodeSystem/match-method",
                "code": "automated"
              }
            ]
          }
        },
        {
          "url": "http://ibm.com/fhir/cdm/StructureDefinition/match-confidence-level",
          "valueCoding": {
            "system": "http://terminology.hl7.org/CodeSystem/match-grade",
            "code": "certain"
          }
        },
        {
          "url": "http://ibm.com/fhir/cdm/StructureDefinition/match-confidence-score",
          "valueDecimal": 100
        },
        {
          "url": "http://ibm.com/fhir/cdm/StructureDefinition/match-period",
          "valuePeriod": {
            "start": "2020-02-12"
          }
        },
        {
          "extension": [
            {
              "url": "http://ibm.com/fhir/cdm/StructureDefinition/match-compared-to",
              "valueReference": {
                "reference": "MatchedPractitionerSource-EMR2-DrA"
              }
            },
            {
              "url": "http://ibm.com/fhir/cdm/StructureDefinition/match-criteria",
              "valueString": "NPI match"
            },
            {
              "url": "http://ibm.com/fhir/cdm/StructureDefinition/match-confidence-level",
              "valueCoding": {
                "system": "http://terminology.hl7.org/CodeSystem/match-grade",
                "code": "certain"
              }
            },
            {
              "url": "http://ibm.com/fhir/cdm/StructureDefinition/match-confidence-score",
              "valueDecimal": 100
            }
          ],
          "url": "http://ibm.com/fhir/cdm/StructureDefinition/match-detail"
        },
        {
          "extension": [
            {
              "url": "http://ibm.com/fhir/cdm/StructureDefinition/match-compared-to",
              "valueReference": {
                "reference": "MatchedPractitionerSource-EMR2-DrA"
              }
            },
            {
              "url": "http://ibm.com/fhir/cdm/StructureDefinition/match-criteria",
              "valueString": "TIN match"
            },
            {
              "url": "http://ibm.com/fhir/cdm/StructureDefinition/match-confidence-level",
              "valueCoding": {
                "system": "http://terminology.hl7.org/CodeSystem/match-grade",
                "code": "certain"
              }
            },
            {
              "url": "http://ibm.com/fhir/cdm/StructureDefinition/match-confidence-score",
              "valueDecimal": 100
            }
          ],
          "url": "http://ibm.com/fhir/cdm/StructureDefinition/process-organization",
          "valueString": "IBM"
        },
        {
          "url": "http://ibm.com/fhir/cdm/StructureDefinition/process-type",
          "valueString": "Practitioner Match"
        },
        {
          "url": "http://ibm.com/fhir/cdm/StructureDefinition/process-name",
          "valueString": "MDM"
        },
        {
          "url": "http://ibm.com/fhir/cdm/StructureDefinition/process-version",
          "valueString": "1.0"
        },
        {
          "url": "http://ibm.com/fhir/cdm/StructureDefinition/process-timestamp",
          "valueDateTime": "2020-01-01T03:01:00Z"
        }
      ],
      "url": "http://ibm.com/fhir/cdm/StructureDefinition/see-also"
    }
  ],
  "identifier": [
    {
      "use": "official",
      "type": {
        "coding": [
          {
            "system": "http://ibm.com/fhir/cdm/CodeSystem/identifier-type",
            "code": "MDI"
          }
        ]
      },
      "system": "http://ibm.com/fhir/primary/practitioner-match-identifier",
      "value": "e65bdcac-6e50-4353-8faa-dc147a603468",
      "assigner": {
        "display": "IBM"
      }
    },
    {
      "use": "official",
      "type": {
        "coding": [
          {
            "system": "http://terminology.hl7.org/CodeSystem/v2-0203",
            "code": "PRN"
          }
        ]
      },
      "system": "http://hl7.org/fhir/sid/us-npi",
      "value": "1122445599",
      "assigner": {
        "display": "cms.gov"
      }
    }
  ],
  "name": [
    {
      "text": "Dr Rosemary B Match, MD",
      "family": "Match",
      "given": [
        "Rosemary",
        "B"
      ],
      "prefix": [
        "Dr"
      ],
      "suffix": [
        "MD"
      ]
    }
  ]
}