{
  "resourceType": "ValueSet",
  "id": "room-and-board-service",
  "text": {
    "status": "generated",
    "div": "<div xmlns=\"http://www.w3.org/1999/xhtml\"><ul><li>Include all codes defined in <a href=\"CodeSystem-room-and-board-service.html\"><code>http://ibm.com/fhir/cdm/CodeSystem/room-and-board-service</code></a></li></ul></div>"
  },
  "url": "http://ibm.com/fhir/cdm/ValueSet/room-and-board-service",
  "version": "5.0.0",
  "name": "RoomAndBoardServiceValueSet",
  "title": "Room and Board Service Value Set",
  "status": "active",
  "date": "2021-11-19T14:45:01+00:00",
  "contact": [
    {
      "name": "Kim Kenna",
      "telecom": [
        {
          "system": "email",
          "value": "sloand@us.ibm.com"
        }
      ]
    },
    {
      "name": "Tom Eggebraaten",
      "telecom": [
        {
          "system": "email",
          "value": "tegge@us.ibm.com"
        }
      ]
    }
  ],
  "description": "The Value Set for the flag indicating the type of room and board services on a facility Claim",
  "compose": {
    "include": [
      {
        "system": "http://ibm.com/fhir/cdm/CodeSystem/room-and-board-service"
      }
    ]
  }
}