{
  "resourceType": "ValueSet",
  "id": "ndc-no-hyphens",
  "text": {
    "status": "generated",
    "div": "<div xmlns=\"http://www.w3.org/1999/xhtml\"><ul><li>Include all codes defined in <a href=\"CodeSystem-ndc-no-hyphens.html\"><code>http://ibm.com/fhir/cdm/CodeSystem/ndc-no-hyphens</code></a></li></ul></div>"
  },
  "url": "http://ibm.com/fhir/cdm/ValueSet/ndc-no-hyphens",
  "version": "5.0.0",
  "name": "NdcNoHyphensValueSet",
  "title": "NDC No Hyphens Value Set",
  "status": "active",
  "date": "2021-12-16T17:36:56+00:00",
  "contact": [
    {
      "name": "Kim Kenna",
      "telecom": [
        {
          "system": "email",
          "value": "sloand@us.ibm.com"
        }
      ]
    },
    {
      "name": "Tom Eggebraaten",
      "telecom": [
        {
          "system": "email",
          "value": "tegge@us.ibm.com"
        }
      ]
    }
  ],
  "description": "A common set of non-hyphenated National Drug Codes listed by the FDA (Food and Drug Administration). Non-hpyhenated codes are recieved for prescription drug claims.  Hyphenated NDC codes should also be included as an additional coding, when available.",
  "compose": {
    "include": [
      {
        "system": "http://ibm.com/fhir/cdm/CodeSystem/ndc-no-hyphens"
      }
    ]
  }
}