{
  "resourceType": "ValueSet",
  "id": "wh-payer-major-diagnostic-category",
  "text": {
    "status": "generated",
    "div": "<div xmlns=\"http://www.w3.org/1999/xhtml\"><ul><li>Include all codes defined in <a href=\"CodeSystem-wh-payer-major-diagnostic-category.html\"><code>http://ibm.com/fhir/cdm/CodeSystem/wh-payer-major-diagnostic-category</code></a></li></ul></div>"
  },
  "url": "http://ibm.com/fhir/cdm/ValueSet/wh-payer-major-diagnostic-category",
  "version": "5.0.0",
  "name": "WHPayerMajorDiagnosticCategoryValueSet",
  "title": "Major Diagnostic Category Value Set",
  "status": "active",
  "date": "2021-11-19T14:45:01+00:00",
  "contact": [
    {
      "name": "Kim Kenna",
      "telecom": [
        {
          "system": "email",
          "value": "sloand@us.ibm.com"
        }
      ]
    },
    {
      "name": "Tom Eggebraaten",
      "telecom": [
        {
          "system": "email",
          "value": "tegge@us.ibm.com"
        }
      ]
    }
  ],
  "description": "IBM® Health Data Connect standard value set containing major diagnostic category codes",
  "compose": {
    "include": [
      {
        "system": "http://ibm.com/fhir/cdm/CodeSystem/wh-payer-major-diagnostic-category"
      }
    ]
  }
}