{
  "resourceType": "ValueSet",
  "id": "wh-payer-coverage-class",
  "text": {
    "status": "generated",
    "div": "<div xmlns=\"http://www.w3.org/1999/xhtml\"><p>This value set includes codes based on the following rules:</p><ul><li>Include all codes defined in <a href=\"http://terminology.hl7.org/3.0.0/CodeSystem-coverage-class.html\"><code>http://terminology.hl7.org/CodeSystem/coverage-class</code></a></li><li>Include all codes defined in <a href=\"CodeSystem-wh-payer-coverage-class.html\"><code>http://ibm.com/fhir/cdm/CodeSystem/wh-payer-coverage-class</code></a></li></ul></div>"
  },
  "url": "http://ibm.com/fhir/cdm/ValueSet/wh-payer-coverage-class",
  "version": "5.0.0",
  "name": "WhPayerCoverageClassValueSet",
  "title": "Health Data Connect Coverage Class Value Set",
  "status": "active",
  "date": "2021-12-16T17:36:56+00:00",
  "contact": [
    {
      "name": "Kim Kenna",
      "telecom": [
        {
          "system": "email",
          "value": "sloand@us.ibm.com"
        }
      ]
    },
    {
      "name": "Tom Eggebraaten",
      "telecom": [
        {
          "system": "email",
          "value": "tegge@us.ibm.com"
        }
      ]
    }
  ],
  "description": "IBM® Health Data Connect standard value set for the coverage class",
  "compose": {
    "include": [
      {
        "system": "http://terminology.hl7.org/CodeSystem/coverage-class"
      },
      {
        "system": "http://ibm.com/fhir/cdm/CodeSystem/wh-payer-coverage-class"
      }
    ]
  }
}