{"resourceType":"ValueSet","id":"encounter-class","text":{"status":"generated","div":"<div xmlns=\"http://www.w3.org/1999/xhtml\"><p>This value set includes codes based on the following rules:</p><ul><li>Include all codes defined in <a href=\"http://terminology.hl7.org/2.1.0/CodeSystem-v3-ActCode.html\"><code>http://terminology.hl7.org/CodeSystem/v3-ActCode</code></a></li><li>Include all codes defined in <a href=\"CodeSystem-encounter-class.html\"><code>http://ibm.com/fhir/cdm/CodeSystem/encounter-class</code></a></li></ul></div>"},"url":"http://ibm.com/fhir/cdm/ValueSet/encounter-class","version":"1.0.0","name":"EncounterClassValueSet","title":"Encounter Class Value Set","status":"active","date":"2021-08-25T21:19:12+00:00","contact":[{"name":"Kim Kenna","telecom":[{"system":"email","value":"sloand@us.ibm.com"}]},{"name":"Tom Eggebraaten","telecom":[{"system":"email","value":"tegge@us.ibm.com"}]}],"description":"Extended class codes for encounters","compose":{"include":[{"system":"http://terminology.hl7.org/CodeSystem/v3-ActCode"},{"system":"http://ibm.com/fhir/cdm/CodeSystem/encounter-class"}]}}