{"resourceType":"ValueSet","id":"legal-document-source","text":{"status":"generated","div":"<div xmlns=\"http://www.w3.org/1999/xhtml\"><ul><li>Include all codes defined in <a href=\"CodeSystem-legal-document-source.html\"><code>http://ibm.com/fhir/cdm/CodeSystem/legal-document-source</code></a></li></ul></div>"},"url":"http://ibm.com/fhir/cdm/ValueSet/legal-document-source","version":"1.0.0","name":"LegalDocumentSourceValueSet","title":"Legal Document Source Value Set","status":"active","date":"2021-08-25T21:19:12+00:00","contact":[{"name":"Kim Kenna","telecom":[{"system":"email","value":"sloand@us.ibm.com"}]},{"name":"Tom Eggebraaten","telecom":[{"system":"email","value":"tegge@us.ibm.com"}]}],"description":"Codes indicating the source of legal document used for identification","compose":{"include":[{"system":"http://ibm.com/fhir/cdm/CodeSystem/legal-document-source"}]}}