{"resourceType":"ValueSet","id":"sex-assigned-at-birth","text":{"status":"generated","div":"<div xmlns=\"http://www.w3.org/1999/xhtml\"><ul><li>Include all codes defined in <a href=\"CodeSystem-sex-assigned-at-birth.html\"><code>http://ibm.com/fhir/cdm/CodeSystem/sex-assigned-at-birth</code></a></li></ul></div>"},"url":"http://ibm.com/fhir/cdm/ValueSet/sex-assigned-at-birth","version":"1.0.0","name":"SexAssignedAtBirthValueSet","title":"Sex Assigned At Birth Value Set","status":"active","date":"2021-08-25T21:19:12+00:00","contact":[{"name":"Kim Kenna","telecom":[{"system":"email","value":"sloand@us.ibm.com"}]},{"name":"Tom Eggebraaten","telecom":[{"system":"email","value":"tegge@us.ibm.com"}]}],"description":"Sex assigned at birth based on observation by a physician.  Also called phenotype, or how the genes were expressed, based on the observation of the doctor. This assignment may not match the gender identity of the person, which will not be known until the newborn is older.","compose":{"include":[{"system":"http://ibm.com/fhir/cdm/CodeSystem/sex-assigned-at-birth"}]}}