<?xml version="1.0" encoding="UTF-8"?><ValueSet xmlns="http://hl7.org/fhir"><id value="paid-in-network-indicator"/><text><status value="generated"/><div xmlns="http://www.w3.org/1999/xhtml"><ul><li>Include all codes defined in <a href="CodeSystem-paid-in-network-indicator.html"><code>http://ibm.com/fhir/cdm/CodeSystem/paid-in-network-indicator</code></a></li></ul></div></text><url value="http://ibm.com/fhir/cdm/ValueSet/paid-in-network-indicator"/><version value="0.1.0"/><name value="PaidInNetworkIndicatorValueSet"/><title value="Paid In Network Indicator Value Set"/><status value="active"/><date value="2021-08-25T17:41:48+00:00"/><contact><name value="Kim Kenna"/><telecom><system value="email"/><value value="sloand@us.ibm.com"/></telecom></contact><contact><name value="Tom Eggebraaten"/><telecom><system value="email"/><value value="tegge@us.ibm.com"/></telecom></contact><description value="An indicator of whether the claim was paid at the in-network or out-of-network level."/><compose><include><system value="http://ibm.com/fhir/cdm/CodeSystem/paid-in-network-indicator"/></include></compose></ValueSet>