<?xml version="1.0" encoding="UTF-8"?><ValueSet xmlns="http://hl7.org/fhir"><id value="procedure-type"/><text><status value="generated"/><div xmlns="http://www.w3.org/1999/xhtml"><ul><li>Include all codes defined in <a href="CodeSystem-procedure-type.html"><code>http://ibm.com/fhir/cdm/CodeSystem/procedure-type</code></a></li></ul></div></text><url value="http://ibm.com/fhir/cdm/ValueSet/procedure-type"/><version value="0.1.0"/><name value="ProcedureTypeValueSet"/><title value="Procedure Type Value Set"/><status value="active"/><date value="2021-08-05T16:48:12+00:00"/><contact><name value="Kim Kenna"/><telecom><system value="email"/><value value="sloand@us.ibm.com"/></telecom></contact><contact><name value="Tom Eggebraaten"/><telecom><system value="email"/><value value="tegge@us.ibm.com"/></telecom></contact><description value="The value set indicating the procedure type"/><compose><include><system value="http://ibm.com/fhir/cdm/CodeSystem/procedure-type"/></include></compose></ValueSet>