<?xml version="1.0" encoding="UTF-8"?><ValueSet xmlns="http://hl7.org/fhir"><id value="place-of-service"/><text><status value="generated"/><div xmlns="http://www.w3.org/1999/xhtml"><ul><li>Include all codes defined in <code>https://www.cms.gov/Medicare/Coding/place-of-service-codes/Place_of_Service_Code_Set</code></li></ul></div></text><url value="http://ibm.com/fhir/cdm/ValueSet/place-of-service"/><version value="0.1.0"/><name value="PlaceOfServiceValueSet"/><title value="Claim Supporting Info Category Value Set"/><status value="active"/><date value="2021-08-25T17:41:48+00:00"/><contact><name value="Kim Kenna"/><telecom><system value="email"/><value value="sloand@us.ibm.com"/></telecom></contact><contact><name value="Tom Eggebraaten"/><telecom><system value="email"/><value value="tegge@us.ibm.com"/></telecom></contact><description value="The value set that indicates the place of service, based on standard values from Centers for Medicare and Medicaid Services (CMS)."/><compose><include><system value="https://www.cms.gov/Medicare/Coding/place-of-service-codes/Place_of_Service_Code_Set"/></include></compose></ValueSet>