<?xml version="1.0" encoding="UTF-8"?>

<CodeSystem xmlns="http://hl7.org/fhir">
  <id value="wh-payer-indicators"/>
  <text>
    <status value="generated"/><div xmlns="http://www.w3.org/1999/xhtml"><p>This code system http://ibm.com/fhir/cdm/CodeSystem/wh-payer-indicators defines the following codes:</p><table class="codes"><tr><td style="white-space:nowrap"><b>Code</b></td><td><b>Display</b></td><td><b>Definition</b></td></tr><tr><td style="white-space:nowrap">Y<a name="wh-payer-indicators-Y"> </a></td><td>Yes</td><td>Positive indication</td></tr><tr><td style="white-space:nowrap">N<a name="wh-payer-indicators-N"> </a></td><td>No</td><td>Negative indication</td></tr><tr><td style="white-space:nowrap">E<a name="wh-payer-indicators-E"> </a></td><td>E</td><td>Unknown or exception indication. For example, Enrollment may not have any claims.</td></tr></table></div>
  </text>
  <url value="http://ibm.com/fhir/cdm/CodeSystem/wh-payer-indicators"/>
  <version value="5.0.0"/>
  <name value="WhPayerIndicatorsCodeSystem"/>
  <title value="Health Data Connect Indicator Codes"/>
  <status value="active"/>
  <date value="2021-12-16T17:36:56+00:00"/>
  <contact>
    <name value="Kim Kenna"/>
    <telecom>
      <system value="email"/>
      <value value="sloand@us.ibm.com"/>
    </telecom>
  </contact>
  <contact>
    <name value="Tom Eggebraaten"/>
    <telecom>
      <system value="email"/>
      <value value="tegge@us.ibm.com"/>
    </telecom>
  </contact>
  <description value="IBM® Health Data Connect indicator type code"/>
  <content value="complete"/>
  <count value="3"/>
  <concept>
    <code value="Y"/>
    <display value="Yes"/>
    <definition value="Positive indication"/>
  </concept>
  <concept>
    <code value="N"/>
    <display value="No"/>
    <definition value="Negative indication"/>
  </concept>
  <concept>
    <code value="E"/>
    <display value="E"/>
    <definition value="Unknown or exception indication. For example, Enrollment may not have any claims."/>
  </concept>
</CodeSystem>