<?xml version="1.0" encoding="UTF-8"?>

<CodeSystem xmlns="http://hl7.org/fhir">
  <id value="wh-payer-tanf-benefit"/>
  <text>
    <status value="generated"/><div xmlns="http://www.w3.org/1999/xhtml"><p>This code system http://ibm.com/fhir/cdm/CodeSystem/wh-payer-tanf-benefit defines the following codes:</p><table class="codes"><tr><td style="white-space:nowrap"><b>Code</b></td><td><b>Display</b></td></tr><tr><td style="white-space:nowrap">0<a name="wh-payer-tanf-benefit-0"> </a></td><td>Not eligible for Medicaid</td></tr><tr><td style="white-space:nowrap">1<a name="wh-payer-tanf-benefit-1"> </a></td><td>Did not receive TANF benefits</td></tr><tr><td style="white-space:nowrap">2<a name="wh-payer-tanf-benefit-2"> </a></td><td>Did receive TANF benefits</td></tr><tr><td style="white-space:nowrap">9<a name="wh-payer-tanf-benefit-9"> </a></td><td>TANF status is unknown</td></tr></table></div>
  </text>
  <url value="http://ibm.com/fhir/cdm/CodeSystem/wh-payer-tanf-benefit"/>
  <version value="7.0.0"/>
  <name value="WhPayerTanfBenefitCodeSystem"/>
  <title value="Health Data Connect TANF Benefit codes"/>
  <status value="active"/>
  <date value="2022-09-07T18:58:38+00:00"/>
  <publisher value="Alvearie Team"/>
  <description value="Standard code of the Temporary Assistance for Needy Families (TANF) benefits for the person"/>
  <jurisdiction>
    <coding>
      <system value="urn:iso:std:iso:3166"/>
      <code value="US"/>
    </coding>
  </jurisdiction>
  <caseSensitive value="true"/>
  <content value="complete"/>
  <count value="4"/>
  <concept>
    <code value="0"/>
    <display value="Not eligible for Medicaid"/>
  </concept>
  <concept>
    <code value="1"/>
    <display value="Did not receive TANF benefits"/>
  </concept>
  <concept>
    <code value="2"/>
    <display value="Did receive TANF benefits"/>
  </concept>
  <concept>
    <code value="9"/>
    <display value="TANF status is unknown"/>
  </concept>
</CodeSystem>