<?xml version="1.0" encoding="UTF-8"?>

<CodeSystem xmlns="http://hl7.org/fhir">
  <id value="insurance-plan-type"/>
  <text>
    <status value="generated"/><div xmlns="http://www.w3.org/1999/xhtml"><p>This code system <code>http://linuxforhealth.org/fhir/cdm/CodeSystem/insurance-plan-type</code> defines the following codes:</p><table class="codes"><tr><td style="white-space:nowrap"><b>Code</b></td><td><b>Display</b></td><td><b>Definition</b></td></tr><tr><td style="white-space:nowrap">hearing<a name="insurance-plan-type-hearing"> </a></td><td>Hearing</td><td>Insurance plan type for hearing</td></tr><tr><td style="white-space:nowrap">lifeins<a name="insurance-plan-type-lifeins"> </a></td><td>Life Insurance</td><td>Insurance plan type for lift insurance</td></tr><tr><td style="white-space:nowrap">substance-abuse-ambulatory<a name="insurance-plan-type-substance-abuse-ambulatory"> </a></td><td>Substance Abuse Ambulatory</td><td>Insurance plan type for ambulatory substance abuse</td></tr><tr><td style="white-space:nowrap">substance-abuse-day-night<a name="insurance-plan-type-substance-abuse-day-night"> </a></td><td>Substance Abuse Day Night</td><td>Insurance plan type for day-night substance abuse</td></tr><tr><td style="white-space:nowrap">substance-abuse-inpatient<a name="insurance-plan-type-substance-abuse-inpatient"> </a></td><td>Substance Abuse Inpatient</td><td>Insurance plan type for inpatient substance abuse</td></tr><tr><td style="white-space:nowrap">mental-health-ambulatory<a name="insurance-plan-type-mental-health-ambulatory"> </a></td><td>Mental Health Ambulatory</td><td>Insurance plan type for ambulatory mental health</td></tr><tr><td style="white-space:nowrap">mental-health-day-night<a name="insurance-plan-type-mental-health-day-night"> </a></td><td>Mental Health Day Night</td><td>Insurance plan type for day-night mental health</td></tr><tr><td style="white-space:nowrap">mental-health-inpatient<a name="insurance-plan-type-mental-health-inpatient"> </a></td><td>Mental Health Inpatient</td><td>Insurance plan type for inpatient mental health</td></tr></table></div>
  </text>
  <url value="http://linuxforhealth.org/fhir/cdm/CodeSystem/insurance-plan-type"/>
  <version value="8.0.0"/>
  <name value="InsurancePlanTypeCodeSystem"/>
  <title value="Insurance Plan Type Codes"/>
  <status value="active"/>
  <date value="2022-11-10T16:00:46+00:00"/>
  <publisher value="LinuxForHealth Team"/>
  <description value="The codes that indicates the specific benefit categories a member may have (medical, dental, vision, etc) based on benefit election."/>
  <jurisdiction>
    <coding>
      <system value="urn:iso:std:iso:3166"/>
      <code value="US"/>
    </coding>
  </jurisdiction>
  <caseSensitive value="true"/>
  <content value="complete"/>
  <count value="8"/>
  <concept>
    <code value="hearing"/>
    <display value="Hearing"/>
    <definition value="Insurance plan type for hearing"/>
  </concept>
  <concept>
    <code value="lifeins"/>
    <display value="Life Insurance"/>
    <definition value="Insurance plan type for lift insurance"/>
  </concept>
  <concept>
    <code value="substance-abuse-ambulatory"/>
    <display value="Substance Abuse Ambulatory"/>
    <definition value="Insurance plan type for ambulatory substance abuse"/>
  </concept>
  <concept>
    <code value="substance-abuse-day-night"/>
    <display value="Substance Abuse Day Night"/>
    <definition value="Insurance plan type for day-night substance abuse"/>
  </concept>
  <concept>
    <code value="substance-abuse-inpatient"/>
    <display value="Substance Abuse Inpatient"/>
    <definition value="Insurance plan type for inpatient substance abuse"/>
  </concept>
  <concept>
    <code value="mental-health-ambulatory"/>
    <display value="Mental Health Ambulatory"/>
    <definition value="Insurance plan type for ambulatory mental health"/>
  </concept>
  <concept>
    <code value="mental-health-day-night"/>
    <display value="Mental Health Day Night"/>
    <definition value="Insurance plan type for day-night mental health"/>
  </concept>
  <concept>
    <code value="mental-health-inpatient"/>
    <display value="Mental Health Inpatient"/>
    <definition value="Insurance plan type for inpatient mental health"/>
  </concept>
</CodeSystem>