<?xml version="1.0" encoding="UTF-8"?>

<CodeSystem xmlns="http://hl7.org/fhir">
  <id value="claim-supporting-info-category"/>
  <text>
    <status value="generated"/><div xmlns="http://www.w3.org/1999/xhtml"><p>This code system http://ibm.com/fhir/cdm/CodeSystem/claim-supporting-info-category defines the following codes:</p><table class="codes"><tr><td style="white-space:nowrap"><b>Code</b></td><td><b>Display</b></td><td><b>Definition</b></td></tr><tr><td style="white-space:nowrap">dayssupply<a name="claim-supporting-info-category-dayssupply"> </a></td><td>Day Supply</td><td>The number of days of drug therapy covered by this prescription</td></tr></table></div>
  </text>
  <url value="http://ibm.com/fhir/cdm/CodeSystem/claim-supporting-info-category"/>
  <version value="6.0.0"/>
  <name value="ClaimSupportingInfoCategoryCodeSystem"/>
  <title value="Claim Supporting Info Category Codes"/>
  <status value="active"/>
  <date value="2022-01-21T20:46:54+00:00"/>
  <publisher value="Alvearie Team"/>
  <description value="Claim supporting info category codes for Health Data Connect claims"/>
  <jurisdiction>
    <coding>
      <system value="urn:iso:std:iso:3166"/>
      <code value="US"/>
    </coding>
  </jurisdiction>
  <caseSensitive value="true"/>
  <content value="complete"/>
  <count value="1"/>
  <concept>
    <code value="dayssupply"/>
    <display value="Day Supply"/>
    <definition value="The number of days of drug therapy covered by this prescription"/>
  </concept>
</CodeSystem>