<?xml version="1.0" encoding="UTF-8"?>

<CodeSystem xmlns="http://hl7.org/fhir">
  <id value="match-confidence-level"/>
  <text>
    <status value="generated"/><div xmlns="http://www.w3.org/1999/xhtml"><p>This code system http://ibm.com/fhir/cdm/CodeSystem/match-confidence-level defines the following codes:</p><table class="codes"><tr><td style="white-space:nowrap"><b>Code</b></td><td><b>Display</b></td></tr><tr><td style="white-space:nowrap">no-match<a name="match-confidence-level-no-match"> </a></td><td>This record is not likely to be a match.  This record should ONLY be matched when another match is used to identify the match or if a human has intervened to specify a match.</td></tr></table></div>
  </text>
  <url value="http://ibm.com/fhir/cdm/CodeSystem/match-confidence-level"/>
  <version value="7.0.0"/>
  <name value="MatchConfidenceLevelCodeSystem"/>
  <title value="Match Confidence Level Codes"/>
  <status value="active"/>
  <date value="2022-09-06T21:25:20+00:00"/>
  <publisher value="Alvearie Team"/>
  <description value="Codes indicating confidence level of matched entities"/>
  <jurisdiction>
    <coding>
      <system value="urn:iso:std:iso:3166"/>
      <code value="US"/>
    </coding>
  </jurisdiction>
  <caseSensitive value="true"/>
  <content value="complete"/>
  <count value="1"/>
  <concept>
    <code value="no-match"/>
    <display value="This record is not likely to be a match.  This record should ONLY be matched when another match is used to identify the match or if a human has intervened to specify a match."/>
  </concept>
</CodeSystem>