<?xml version="1.0" encoding="UTF-8"?>

<CodeSystem xmlns="http://hl7.org/fhir">
  <id value="wh-payer-medicare-coverage"/>
  <text>
    <status value="generated"/><div xmlns="http://www.w3.org/1999/xhtml"><p>This code system http://ibm.com/fhir/cdm/CodeSystem/wh-payer-medicare-coverage defines the following codes:</p><table class="codes"><tr><td style="white-space:nowrap"><b>Code</b></td><td><b>Display</b></td><td><b>Definition</b></td></tr><tr><td style="white-space:nowrap">2<a name="wh-payer-medicare-coverage-2"> </a></td><td>Both Parts A and B</td><td>Both Parts A and B</td></tr><tr><td style="white-space:nowrap">3<a name="wh-payer-medicare-coverage-3"> </a></td><td>Parts A, B and D</td><td>Parts A, B and D</td></tr><tr><td style="white-space:nowrap">A<a name="wh-payer-medicare-coverage-A"> </a></td><td>Medicare Part A</td><td>Medicare Part A</td></tr><tr><td style="white-space:nowrap">B<a name="wh-payer-medicare-coverage-B"> </a></td><td>Medicare Part B</td><td>Medicare Part B</td></tr><tr><td style="white-space:nowrap">D<a name="wh-payer-medicare-coverage-D"> </a></td><td>Medicare Part D</td><td>Medicare Part D</td></tr><tr><td style="white-space:nowrap">E<a name="wh-payer-medicare-coverage-E"> </a></td><td>Parts A and D</td><td>Parts A and D</td></tr><tr><td style="white-space:nowrap">F<a name="wh-payer-medicare-coverage-F"> </a></td><td>Parts B and D</td><td>Parts B and D</td></tr><tr><td style="white-space:nowrap">N<a name="wh-payer-medicare-coverage-N"> </a></td><td>Not Eligible for Medicare</td><td>Not Eligible for Medicare</td></tr></table></div>
  </text>
  <url value="http://ibm.com/fhir/cdm/CodeSystem/wh-payer-medicare-coverage"/>
  <version value="5.0.0"/>
  <name value="WhPayerMedicareCoverageCodeSystem"/>
  <title value="Health Data Connect Medicare Coverage Codes"/>
  <status value="active"/>
  <date value="2021-12-16T17:36:56+00:00"/>
  <contact>
    <name value="Kim Kenna"/>
    <telecom>
      <system value="email"/>
      <value value="sloand@us.ibm.com"/>
    </telecom>
  </contact>
  <contact>
    <name value="Tom Eggebraaten"/>
    <telecom>
      <system value="email"/>
      <value value="tegge@us.ibm.com"/>
    </telecom>
  </contact>
  <description value="IBM® Health Data Connect standard code for the type of Medicare coverage, if any, for the person"/>
  <content value="complete"/>
  <count value="8"/>
  <concept>
    <code value="2"/>
    <display value="Both Parts A and B"/>
    <definition value="Both Parts A and B"/>
  </concept>
  <concept>
    <code value="3"/>
    <display value="Parts A, B and D"/>
    <definition value="Parts A, B and D"/>
  </concept>
  <concept>
    <code value="A"/>
    <display value="Medicare Part A"/>
    <definition value="Medicare Part A"/>
  </concept>
  <concept>
    <code value="B"/>
    <display value="Medicare Part B"/>
    <definition value="Medicare Part B"/>
  </concept>
  <concept>
    <code value="D"/>
    <display value="Medicare Part D"/>
    <definition value="Medicare Part D"/>
  </concept>
  <concept>
    <code value="E"/>
    <display value="Parts A and D"/>
    <definition value="Parts A and D"/>
  </concept>
  <concept>
    <code value="F"/>
    <display value="Parts B and D"/>
    <definition value="Parts B and D"/>
  </concept>
  <concept>
    <code value="N"/>
    <display value="Not Eligible for Medicare"/>
    <definition value="Not Eligible for Medicare"/>
  </concept>
</CodeSystem>