<?xml version="1.0" encoding="UTF-8"?>

<Condition xmlns="http://hl7.org/fhir">
  <id value="CDMConditionExample"/>
  <meta>
    <extension url="http://ibm.com/fhir/cdm/StructureDefinition/tenant-id">
      <valueString value="99999"/>
    </extension>
    <extension url="http://ibm.com/fhir/cdm/StructureDefinition/ingestion-batch-id">
      <valueString value="b069a545-9506-40c6-8498-23de2e189143"/>
    </extension>
    <source value="http://acme-health.com/emr1"/>
    <profile value="http://ibm.com/fhir/cdm/StructureDefinition/cdm-condition"/>
  </meta>
  <text>
    <status value="extensions"/><div xmlns="http://www.w3.org/1999/xhtml"><p><b>Generated Narrative: Condition</b><a name="CDMConditionExample"> </a></p><div style="display: inline-block; background-color: #d9e0e7; padding: 6px; margin: 4px; border: 1px solid #8da1b4; border-radius: 5px; line-height: 60%"><p style="margin-bottom: 0px">Resource Condition "CDMConditionExample" </p><p style="margin-bottom: 0px">Information Source: http://acme-health.com/emr1!</p><p style="margin-bottom: 0px">Profile: <a href="StructureDefinition-cdm-condition.html">CDM Condition</a></p></div><p><b>Condition Disease Course</b>: Subacute onset <span style="background: LightGoldenRodYellow; margin: 4px; border: 1px solid khaki"> (<a href="CodeSystem-wh-condition-course.html">Health Data Connect Condition Course Codes</a>#373935005)</span></p><p><b>identifier</b>: Source System Row Identifier: 46706977-907b-453a-87bc-76002d7076ef (OFFICIAL)</p><p><b>clinicalStatus</b>: Active <span style="background: LightGoldenRodYellow; margin: 4px; border: 1px solid khaki"> (<a href="http://terminology.hl7.org/3.1.0/CodeSystem-condition-clinical.html">Condition Clinical Status Codes</a>#active)</span></p><p><b>verificationStatus</b>: Confirmed <span style="background: LightGoldenRodYellow; margin: 4px; border: 1px solid khaki"> (<a href="http://terminology.hl7.org/3.1.0/CodeSystem-condition-ver-status.html">ConditionVerificationStatus</a>#confirmed)</span></p><p><b>category</b>: Encounter Diagnosis <span style="background: LightGoldenRodYellow; margin: 4px; border: 1px solid khaki"> (<a href="http://terminology.hl7.org/3.1.0/CodeSystem-condition-category.html">Condition Category Codes</a>#encounter-diagnosis)</span></p><p><b>severity</b>: Moderate <span style="background: LightGoldenRodYellow; margin: 4px; border: 1px solid khaki"> (<a href="https://browser.ihtsdotools.org/">SNOMED CT</a>#6736007)</span></p><p><b>code</b>: Benign essential hypertension <span style="background: LightGoldenRodYellow; margin: 4px; border: 1px solid khaki"> (<a href="https://browser.ihtsdotools.org/">SNOMED CT</a>#1201005)</span></p><p><b>subject</b>: <a href="Patient-CDMPatientInstance.html">Patient/CDMPatientInstance</a> " MCLASTNAME"</p><p><b>encounter</b>: <a href="Encounter-CDMEncounterExample.html">Encounter/CDMEncounterExample</a></p><p><b>recordedDate</b>: 2020-01-04</p><p><b>recorder</b>: <a href="Practitioner-DrKelly.html">Practitioner/DrKelly</a> " KELLY"</p><p><b>asserter</b>: <a href="Practitioner-DrKelly.html">Practitioner/DrKelly</a> " KELLY"</p></div>
  </text>
  <extension url="http://ibm.com/fhir/cdm/StructureDefinition/condition-disease-course">
    <valueCodeableConcept>
      <coding>
        <system value="http://ibm.com/fhir/cdm/CodeSystem/wh-condition-course"/>
        <code value="373935005"/>
      </coding>
    </valueCodeableConcept>
  </extension>
  <identifier>
    <use value="official"/>
    <type>
      <coding>
        <system value="http://ibm.com/fhir/cdm/CodeSystem/identifier-type"/>
        <code value="SSRI"/>
      </coding>
    </type>
    <system value="http://acme-health.com/emr1/condition"/>
    <value value="46706977-907b-453a-87bc-76002d7076ef"/>
    <assigner>
      <display value="Acme Health - EMR1"/>
    </assigner>
  </identifier>
  <clinicalStatus>
    <coding>
      <system value="http://terminology.hl7.org/CodeSystem/condition-clinical"/>
      <code value="active"/>
    </coding>
  </clinicalStatus>
  <verificationStatus>
    <coding>
      <system value="http://terminology.hl7.org/CodeSystem/condition-ver-status"/>
      <code value="confirmed"/>
    </coding>
  </verificationStatus>
  <category>
    <coding>
      <system value="http://terminology.hl7.org/CodeSystem/condition-category"/>
      <code value="encounter-diagnosis"/>
    </coding>
  </category>
  <severity>
    <coding>
      <system value="http://snomed.info/sct"/>
      <code value="6736007"/>
      <display value="Moderate"/>
    </coding>
  </severity>
  <code>
    <coding>
      <system value="http://snomed.info/sct"/>
      <code value="1201005"/>
      <display value="Benign essential hypertension"/>
    </coding>
  </code>
  <subject>
    <reference value="Patient/CDMPatientInstance"/>
  </subject>
  <encounter>
    <reference value="Encounter/CDMEncounterExample"/>
  </encounter>
  <recordedDate value="2020-01-04"/>
  <recorder>
    <reference value="Practitioner/DrKelly"/>
  </recorder>
  <asserter>
    <reference value="Practitioner/DrKelly"/>
  </asserter>
</Condition>