<?xml version="1.0" encoding="UTF-8"?>

<MeasureReport xmlns="http://hl7.org/fhir">
  <id value="QualityMeasurePractitionerReportExample"/>
  <meta>
    <extension url="http://linuxforhealth.org/fhir/cdm/StructureDefinition/tenant-id">
      <valueString value="99999"/>
    </extension>
    <extension url="http://linuxforhealth.org/fhir/cdm/StructureDefinition/ingestion-batch-id">
      <valueString value="b069a545-9506-40c6-8498-23de2e189143"/>
    </extension>
    <extension url="http://linuxforhealth.org/fhir/cdm/StructureDefinition/process-organization">
      <valueString value="HDC"/>
    </extension>
    <extension url="http://linuxforhealth.org/fhir/cdm/StructureDefinition/process-type">
      <valueString value="Cohorting"/>
    </extension>
    <extension url="http://linuxforhealth.org/fhir/cdm/StructureDefinition/process-name">
      <valueString value="Powersearch"/>
    </extension>
    <extension url="http://linuxforhealth.org/fhir/cdm/StructureDefinition/process-version">
      <valueString value="1.0"/>
    </extension>
    <extension url="http://linuxforhealth.org/fhir/cdm/StructureDefinition/process-timestamp">
      <valueDateTime value="2020-02-12T02:01:00Z"/>
    </extension>
    <source value="http://linuxforhealth.org/platform/measure-cohort"/>
    <profile value="http://linuxforhealth.org/fhir/cdm/StructureDefinition/quality-measure-report-practitioner"/>
    <tag>
      <system value="http://linuxforhealth.org/fhir/cdm/CodeSystem/process-meta-source-classification"/>
      <code value="derived"/>
    </tag>
  </meta>
  <text>
    <status value="extensions"/><div xmlns="http://www.w3.org/1999/xhtml"><p><b>Generated Narrative: MeasureReport</b><a name="QualityMeasurePractitionerReportExample"> </a></p><div style="display: inline-block; background-color: #d9e0e7; padding: 6px; margin: 4px; border: 1px solid #8da1b4; border-radius: 5px; line-height: 60%"><p style="margin-bottom: 0px">Resource MeasureReport "QualityMeasurePractitionerReportExample" </p><p style="margin-bottom: 0px">Information Source: http://linuxforhealth.org/platform/measure-cohort!</p><p style="margin-bottom: 0px">Profile: <a href="StructureDefinition-quality-measure-report-practitioner.html">Practitioner Quality Measure Report</a></p><p style="margin-bottom: 0px">Tag: <span title="{http://linuxforhealth.org/fhir/cdm/CodeSystem/process-meta-source-classification http://linuxforhealth.org/fhir/cdm/CodeSystem/process-meta-source-classification}">http://linuxforhealth.org/fhir/cdm/CodeSystem/process-meta-source-classification</span></p></div><p><b>MeasureParameterValue</b>: </p><p><b style="color: maroon">Exception generating Narrative: type org.hl7.fhir.r5.model.ParameterDefinition not handled - should not be here</b></p></div>
  </text>
  <contained>
    <Patient>
      <id value="Patient1"/>
    </Patient>
  </contained>
  <contained>
    <Patient>
      <id value="Patient2"/>
    </Patient>
  </contained>
  <contained>
    <Patient>
      <id value="Patient3"/>
    </Patient>
  </contained>
  <contained>
    <Patient>
      <id value="Patient4"/>
    </Patient>
  </contained>
  <contained>
    <Patient>
      <id value="Patient5"/>
    </Patient>
  </contained>
  <contained>
    <List>
      <id value="InitialPopulationPatientList"/>
      <status value="current"/>
      <mode value="working"/>
      <entry>
        <item>
          <reference value="#Patient1"/>
        </item>
      </entry>
      <entry>
        <item>
          <reference value="#Patient2"/>
        </item>
      </entry>
      <entry>
        <item>
          <reference value="#Patient3"/>
        </item>
      </entry>
      <entry>
        <item>
          <reference value="#Patient4"/>
        </item>
      </entry>
      <entry>
        <item>
          <reference value="#Patient5"/>
        </item>
      </entry>
    </List>
  </contained>
  <contained>
    <List>
      <id value="DenominatorPatientList"/>
      <status value="current"/>
      <mode value="working"/>
      <entry>
        <item>
          <reference value="#Patient1"/>
        </item>
      </entry>
      <entry>
        <item>
          <reference value="#Patient2"/>
        </item>
      </entry>
      <entry>
        <item>
          <reference value="#Patient3"/>
        </item>
      </entry>
      <entry>
        <item>
          <reference value="#Patient4"/>
        </item>
      </entry>
    </List>
  </contained>
  <contained>
    <List>
      <id value="NumeratorPatientList"/>
      <meta>
        <profile value="http://linuxforhealth.org/fhir/cdm/StructureDefinition/patient-list"/>
      </meta>
      <status value="current"/>
      <mode value="working"/>
      <entry>
        <item>
          <reference value="#Patient1"/>
        </item>
      </entry>
      <entry>
        <item>
          <reference value="#Patient2"/>
        </item>
      </entry>
      <entry>
        <item>
          <reference value="#Patient3"/>
        </item>
      </entry>
    </List>
  </contained>
  <contained>
    <List>
      <id value="CareGapPatientList"/>
      <meta>
        <profile value="http://linuxforhealth.org/fhir/cdm/StructureDefinition/patient-list"/>
      </meta>
      <status value="current"/>
      <mode value="working"/>
      <entry>
        <item>
          <reference value="#Patient4"/>
        </item>
      </entry>
    </List>
  </contained>
  <extension url="http://linuxforhealth.org/fhir/cdm/StructureDefinition/measure-parameter-value">
    <valueParameterDefinition>
      <extension url="http://linuxforhealth.org/fhir/cdm/StructureDefinition/parameter-value">
        <valuePeriod>
          <start value="2019-02-13"/>
          <end value="2020-02-12"/>
        </valuePeriod>
      </extension>
      <name value="measurePeriod"/>
      <use value="out"/>
      <type value="Period"/>
    </valueParameterDefinition>
  </extension>
  <extension url="http://linuxforhealth.org/fhir/cdm/StructureDefinition/measure-parameter-value">
    <valueParameterDefinition>
      <extension url="http://linuxforhealth.org/fhir/cdm/StructureDefinition/parameter-value">
        <valueString value="HbA1c Testing"/>
      </extension>
      <name value="complianceDisplayName"/>
      <use value="out"/>
      <type value="string"/>
    </valueParameterDefinition>
  </extension>
  <extension url="http://linuxforhealth.org/fhir/cdm/StructureDefinition/measure-parameter-value">
    <valueParameterDefinition>
      <extension url="http://linuxforhealth.org/fhir/cdm/StructureDefinition/parameter-value">
        <valueString value="Once yearly"/>
      </extension>
      <name value="complianceFrequency"/>
      <use value="out"/>
      <type value="string"/>
    </valueParameterDefinition>
  </extension>
  <identifier>
    <type>
      <coding>
        <system value="http://terminology.hl7.org/CodeSystem/v2-0203"/>
        <code value="RI"/>
      </coding>
    </type>
    <system value="http://linuxforhealth.org/platform/quality-measure-report"/>
    <value value="36864f66-df3a-47c0-92e2-e8ec2e46eedb"/>
    <assigner>
      <display value="HDC"/>
    </assigner>
  </identifier>
  <status value="complete"/>
  <type value="subject-list"/>
  <measure value="https://linuxforhealth.org/fhir/cdm/Measure-QualityMeasureExample.html"/>
  <subject>
    <reference value="PractitionerRole/CDMPractitionerRole-Attributed-PCP"/>
  </subject>
  <date value="2020-03-01T03:00:00Z"/>
  <reporter>
    <reference value="Organization/HDC"/>
  </reporter>
  <period>
    <start value="2020-01-01"/>
    <end value="2020-12-31"/>
  </period>
  <improvementNotation>
    <coding>
      <system value="http://terminology.hl7.org/CodeSystem/measure-improvement-notation"/>
      <code value="increase"/>
    </coding>
  </improvementNotation>
  <group>
    <population id="dm-hba1c-initial-pop">
      <code>
        <coding>
          <system value="http://terminology.hl7.org/CodeSystem/measure-population"/>
          <code value="initial-population"/>
        </coding>
      </code>
      <subjectResults>
        <reference value="#InitialPopulationPatientList"/>
      </subjectResults>
    </population>
    <population id="dm-hba1c-den">
      <code>
        <coding>
          <system value="http://terminology.hl7.org/CodeSystem/measure-population"/>
          <code value="denominator"/>
        </coding>
      </code>
      <subjectResults>
        <reference value="#DenominatorPatientList"/>
      </subjectResults>
    </population>
    <population id="dm-hba1c-num">
      <code>
        <coding>
          <system value="http://terminology.hl7.org/CodeSystem/measure-population"/>
          <code value="numerator"/>
        </coding>
      </code>
      <subjectResults>
        <reference value="#NumeratorPatientList"/>
      </subjectResults>
    </population>
    <population id="dm-hba1c-caregap">
      <code>
        <coding>
          <system value="http://linuxforhealth.org/fhir/cdm/CodeSystem/measure-population-type"/>
          <code value="care-gap"/>
        </coding>
      </code>
      <subjectResults>
        <reference value="#CareGapPatientList"/>
      </subjectResults>
    </population>
    <measureScore>
      <value value="0.75"/>
    </measureScore>
  </group>
</MeasureReport>