<?xml version="1.0" encoding="UTF-8"?>

<Observation xmlns="http://hl7.org/fhir">
  <id value="RelatedCareGapObservation"/>
  <meta>
    <extension url="http://ibm.com/fhir/cdm/StructureDefinition/tenant-id">
      <valueString value="99999"/>
    </extension>
    <extension url="http://ibm.com/fhir/cdm/StructureDefinition/ingestion-batch-id">
      <valueString value="b069a545-9506-40c6-8498-23de2e189143"/>
    </extension>
    <extension url="http://ibm.com/fhir/cdm/StructureDefinition/process-organization">
      <valueString value="IBM"/>
    </extension>
    <extension url="http://ibm.com/fhir/cdm/StructureDefinition/process-type">
      <valueString value="Cohorting"/>
    </extension>
    <extension url="http://ibm.com/fhir/cdm/StructureDefinition/process-name">
      <valueString value="Powersearch"/>
    </extension>
    <extension url="http://ibm.com/fhir/cdm/StructureDefinition/process-version">
      <valueString value="1.0"/>
    </extension>
    <extension url="http://ibm.com/fhir/cdm/StructureDefinition/process-timestamp">
      <valueDateTime value="2020-02-13T02:01:00Z"/>
    </extension>
    <source value="http://ibm.com/fhir/engagement-measure-cohort"/>
    <profile value="http://ibm.com/fhir/cdm/StructureDefinition/measure-population-observation"/>
  </meta>
  <text>
    <status value="extensions"/><div xmlns="http://www.w3.org/1999/xhtml"><p><b>Generated Narrative</b></p><div style="display: inline-block; background-color: #d9e0e7; padding: 6px; margin: 4px; border: 1px solid #8da1b4; border-radius: 5px; line-height: 60%"><p style="margin-bottom: 0px">Resource "RelatedCareGapObservation" </p><p style="margin-bottom: 0px">Information Source: http://ibm.com/fhir/engagement-measure-cohort!</p><p style="margin-bottom: 0px">Profile: <a href="StructureDefinition-measure-population-observation.html">Measure Population Observation</a></p></div><p><b>CanonicalMeasure</b>: <a href="Measure-QualityMeasureExample.html">Diabetes_HbA1c_Test_Performed</a></p><p><b>Measure Population Id</b>: dm-hba1c-caregap-poor-control</p><p><b>Assigned Practitioner</b>: <a href="PractitionerRole-CDMPractitionerRole-EMR-PCP.html">PractitionerRole/CDMPractitionerRole-EMR-PCP</a></p><p><b>CareGapComplianceMet</b>: true</p><p><b>identifier</b>: Derived Resource Identifier: 68d2c2330e254037adbd83eabee6eec4</p><p><b>status</b>: final</p><p><b>code</b>: Care Gap <span style="background: LightGoldenRodYellow; margin: 4px; border: 1px solid khaki"> (<a href="CodeSystem-measure-population-type.html">Measure Population Type Codes</a>#care-gap)</span></p><p><b>subject</b>: <a href="Patient-CDMPatientInstance.html">Patient/CDMPatientInstance</a> " MCLASTNAME"</p><p><b>effective</b>: 2020-02-01 --&gt; 2020-02-13</p></div>
  </text>
  <extension url="http://ibm.com/fhir/cdm/StructureDefinition/canonical-measure">
    <valueCanonical value="https://alvearie.io/alvearie-fhir-ig/Measure-QualityMeasureExample.html"/>
  </extension>
  <extension url="http://ibm.com/fhir/cdm/StructureDefinition/measure-population-id">
    <valueId value="dm-hba1c-caregap-poor-control"/>
  </extension>
  <extension url="http://ibm.com/fhir/cdm/StructureDefinition/assigned-practitioner">
    <valueReference>
      <reference value="PractitionerRole/CDMPractitionerRole-EMR-PCP"/>
    </valueReference>
  </extension>
  <extension url="http://ibm.com/fhir/cdm/StructureDefinition/care-gap-compliance-met">
    <valueBoolean value="true"/>
  </extension>
  <identifier>
    <type>
      <coding>
        <system value="http://ibm.com/fhir/cdm/CodeSystem/identifier-type"/>
        <code value="DRI"/>
      </coding>
    </type>
    <system value="http://ibm.com/fhir/cdm/measure-population-observation"/>
    <value value="68d2c2330e254037adbd83eabee6eec4"/>
    <assigner>
      <display value="IBM"/>
    </assigner>
  </identifier>
  <status value="final"/>
  <code>
    <coding>
      <system value="http://ibm.com/fhir/cdm/CodeSystem/measure-population-type"/>
      <code value="care-gap"/>
    </coding>
  </code>
  <subject>
    <reference value="Patient/CDMPatientInstance"/>
  </subject>
  <effectivePeriod>
    <start value="2020-02-01"/>
    <end value="2020-02-13"/>
  </effectivePeriod>
</Observation>