<?xml version="1.0" encoding="UTF-8"?>

<Organization xmlns="http://hl7.org/fhir">
  <id value="Payer1"/>
  <meta>
    <source value="http://acme-health.com/organization/payer"/>
    <profile value="http://ibm.com/fhir/cdm/StructureDefinition/cdm-organization"/>
  </meta>
  <text>
    <status value="generated"/><div xmlns="http://www.w3.org/1999/xhtml"><p><b>Generated Narrative</b></p><p><b>identifier</b>: Source System Row Identifier: Payer1 (OFFICIAL)</p><p><b>active</b>: true</p><p><b>type</b>: <span title="Codes: {http://terminology.hl7.org/CodeSystem/organization-type pay}, {http://acme-health.com/CodeSystem/local-provider-type LocPayerType}">Payer</span></p><p><b>name</b>: Payer 1</p><p><b>address</b>: 200 Main Street Suite 101 Irving TX 75014 US (WORK)</p></div>
  </text>
  <identifier>
    <use value="official"/>
    <type>
      <coding>
        <system value="http://ibm.com/fhir/cdm/CodeSystem/identifier-type"/>
        <code value="SSRI"/>
      </coding>
    </type>
    <system value="http://acme-health.com/organization/payer"/>
    <value value="Payer1"/>
  </identifier>
  <active value="true"/>
  <type>
    <coding>
      <system value="http://terminology.hl7.org/CodeSystem/organization-type"/>
      <code value="pay"/>
    </coding>
    <coding>
      <system value="http://acme-health.com/CodeSystem/local-provider-type"/>
      <code value="LocPayerType"/>
    </coding>
  </type>
  <name value="Payer 1"/>
  <address>
    <extension url="http://ibm.com/fhir/cdm/StructureDefinition/county-code">
      <valueCodeableConcept>
        <coding>
          <system value="http://acme-health.com/CodeSystem/local-county-code"/>
          <code value="057"/>
        </coding>
      </valueCodeableConcept>
    </extension>
    <use value="work"/>
    <type value="physical"/>
    <line value="200 Main Street"/>
    <line value="Suite 101"/>
    <city value="Irving"/>
    <district value="TX"/>
    <state value="TX"/>
    <postalCode value="75014"/>
    <country value="US"/>
  </address>
</Organization>