<?xml version="1.0" encoding="UTF-8"?>

<Patient xmlns="http://hl7.org/fhir">
  <id value="MatchedPatientSource-EMR3-PatientD"/>
  <meta>
    <extension url="http://ibm.com/fhir/cdm/StructureDefinition/tenant-id">
      <valueString value="99999"/>
    </extension>
    <extension url="http://ibm.com/fhir/cdm/StructureDefinition/ingestion-batch-id">
      <valueString value="b069a545-9506-40c6-8498-23de2e189143"/>
    </extension>
    <source value="http://acme-health.com/emr1"/>
    <profile value="http://ibm.com/fhir/cdm/StructureDefinition/cdm-patient"/>
  </meta>
  <text>
    <status value="extensions"/><div xmlns="http://www.w3.org/1999/xhtml"><p><b>Generated Narrative</b></p><div style="display: inline-block; background-color: #d9e0e7; padding: 6px; margin: 4px; border: 1px solid #8da1b4; border-radius: 5px; line-height: 60%"><p style="margin-bottom: 0px">Resource "MatchedPatientSource-EMR3-PatientD" </p><p style="margin-bottom: 0px">Information Source: http://acme-health.com/emr1!</p><p style="margin-bottom: 0px">Profile: <a href="StructureDefinition-cdm-patient.html">CDM Patient</a></p></div><p><b>Sex Assigned At Birth</b>: Female <span style="background: LightGoldenRodYellow; margin: 4px; border: 1px solid khaki"> (<a href="CodeSystem-sex-assigned-at-birth.html">Sex Assigned At Birth Codes</a>#female)</span></p><p><b>identifier</b>: Source System Row Identifier: emr3-patientC (OFFICIAL), Match Data Identifier: e00e79d2-684e-4a1a-8f2b-858b2ff9db36 (SECONDARY)</p><p><b>active</b>: true</p><p><b>name</b>: Margaret B Match </p><p><b>gender</b>: female</p><p><b>birthDate</b>: 1990-01-04</p></div>
  </text>
  <extension url="http://ibm.com/fhir/cdm/StructureDefinition/sex-assigned-at-birth">
    <valueCodeableConcept>
      <coding>
        <system value="http://ibm.com/fhir/cdm/CodeSystem/sex-assigned-at-birth"/>
        <code value="female"/>
      </coding>
    </valueCodeableConcept>
  </extension>
  <identifier>
    <use value="official"/>
    <type>
      <coding>
        <system value="http://ibm.com/fhir/cdm/CodeSystem/identifier-type"/>
        <code value="SSRI"/>
      </coding>
    </type>
    <system value="http://acme-health.com/emr3/patient"/>
    <value value="emr3-patientC"/>
  </identifier>
  <identifier>
    <use value="secondary"/>
    <type>
      <coding>
        <system value="http://ibm.com/fhir/cdm/CodeSystem/identifier-type"/>
        <code value="MDI"/>
      </coding>
    </type>
    <system value="http://ibm.com/fhir/primary/patient-match-identifier"/>
    <value value="e00e79d2-684e-4a1a-8f2b-858b2ff9db36"/>
    <assigner>
      <display value="IBM"/>
    </assigner>
  </identifier>
  <active value="true"/>
  <name>
    <family value="Match"/>
    <given value="Margaret B"/>
  </name>
  <gender value="female"/>
  <birthDate value="1990-01-04"/>
</Patient>