<?xml version="1.0" encoding="UTF-8"?>

<Patient xmlns="http://hl7.org/fhir">
  <id value="CDMPatientInstance"/>
  <meta>
    <extension url="http://ibm.com/fhir/cdm/StructureDefinition/tenant-id">
      <valueString value="99999"/>
    </extension>
    <extension url="http://ibm.com/fhir/cdm/StructureDefinition/ingestion-batch-id">
      <valueString value="b069a545-9506-40c6-8498-23de2e189143"/>
    </extension>
    <source value="http://acme-health.com/emr1"/>
    <profile value="http://ibm.com/fhir/cdm/StructureDefinition/cdm-patient"/>
  </meta>
  <text>
    <status value="extensions"/><div xmlns="http://www.w3.org/1999/xhtml"><p><b>Generated Narrative</b></p><p><b>Sex Assigned At Birth</b>: <span title="Codes: {http://ibm.com/fhir/cdm/CodeSystem/sex-assigned-at-birth male}">Male</span></p><p><b>genderIdentity</b>: <span title="Codes: {http://ibm.com/fhir/cdm/CodeSystem/gender-identity gender-neutral}">Gender-neutral</span></p><p><b>Identified Pronouns</b>: they</p><p><b>Identified Pronouns</b>: ze</p><blockquote><p><b>Legally Documented Sex</b></p><p><b>value</b>: <span title="Codes: {http://ibm.com/fhir/cdm/CodeSystem/sex-assigned-at-birth male}">Male</span></p><p><b>value</b>: <span title="Codes: {http://ibm.com/fhir/cdm/CodeSystem/legal-document-source passport}">Official document issued by a government, certifying identity and citizenship</span></p><p><b>value</b>: <span title="Codes: {http://ibm.com/fhir/cdm/CodeSystem/legal-document-system us-gov}">U.S. Federal Goverment</span></p></blockquote><p><b>SexualOrientation</b>: <span title="Codes: {http://ibm.com/fhir/cdm/CodeSystem/sexual-orientation asexual}">Asexual</span></p><blockquote><p><b>US Core Race Extension</b></p><p><b>value</b>: <span title="{urn:oid:2.16.840.1.113883.6.238 2106-3}">White</span></p><p><b>value</b>: White</p></blockquote><blockquote><p><b>US Core Ethnicity Extension</b></p><p><b>value</b>: <span title="{urn:oid:2.16.840.1.113883.6.238 2186-5}">Not Hispanic or Latino</span></p><p><b>value</b>: Not Hispanic or Latino</p></blockquote><p><b>Local Race Code</b>: <span title="Codes: {http://acme-health.com/CodeSystem/local-race-code White}">White</span></p><p><b>identifier</b>: Source System Row Identifier: unencryp-id1234 (OFFICIAL), Source System Row Identifier: encryp-id1234 (SECONDARY), Medical record number: 1011110101 (OFFICIAL), Medical record number: 1011110101 (USUAL), Social Beneficiary Identifier: 0001223333 (OFFICIAL), Social Beneficiary Identifier: 1CA0CA0CC00 (OFFICIAL), Social Beneficiary Identifier: 987654321000 (OFFICIAL), Match Data Identifier: 7b78d6de-46cb-4fbb-930d-2a74e24b17fe (SECONDARY)</p><p><b>active</b>: true</p><p><b>name</b>: Firstname McLastname </p><p><b>telecom</b>: 216-248-8689(MOBILE), ph: 216-345-2662(HOME), ph: 216-555-2222(WORK), <a href="mailto:fmclastname@fakemail.com">fmclastname@fakemail.com</a></p><p><b>gender</b>: male</p><p><b>birthDate</b>: 1990-01-04</p><p><b>deceased</b>: Sep 28, 2020, 12:00:00 AM</p><p><b>address</b>: Townington Ohio 12345 US (HOME)</p><h3>Communications</h3><table class="grid"><tr><td>-</td><td><b>Extension</b></td><td><b>Language</b></td></tr><tr><td>*</td><td></td><td><span title="Codes: {urn:ietf:bcp:47 en}">English</span></td></tr></table><p><b>generalPractitioner</b>: <a href="PractitionerRole-CDMPractitionerRole-EMR-PCP.html">Generated Summary: Source System Row Identifier: 5870c580-0d87-4237-a86b-a49ef4637b31 (OFFICIAL); active; <span title="Codes: {http://snomed.info/sct 59058001}">General physician</span>; <span title="Codes: {http://snomed.info/sct 394814009}">General practice (specialty)</span></a></p></div>
  </text>
  <extension url="http://ibm.com/fhir/cdm/StructureDefinition/sex-assigned-at-birth">
    <valueCodeableConcept>
      <coding>
        <system value="http://ibm.com/fhir/cdm/CodeSystem/sex-assigned-at-birth"/>
        <code value="male"/>
      </coding>
    </valueCodeableConcept>
  </extension>
  <extension url="http://hl7.org/fhir/StructureDefinition/patient-genderIdentity">
    <valueCodeableConcept>
      <coding>
        <system value="http://ibm.com/fhir/cdm/CodeSystem/gender-identity"/>
        <code value="gender-neutral"/>
      </coding>
    </valueCodeableConcept>
  </extension>
  <extension url="http://ibm.com/fhir/cdm/StructureDefinition/identified-pronouns">
    <valueString value="they"/>
  </extension>
  <extension url="http://ibm.com/fhir/cdm/StructureDefinition/identified-pronouns">
    <valueString value="ze"/>
  </extension>
  <extension url="http://ibm.com/fhir/cdm/StructureDefinition/legally-documented-sex">
    <extension url="http://ibm.com/fhir/cdm/StructureDefinition/documented-sex">
      <valueCodeableConcept>
        <coding>
          <system value="http://ibm.com/fhir/cdm/CodeSystem/sex-assigned-at-birth"/>
          <code value="male"/>
        </coding>
      </valueCodeableConcept>
    </extension>
    <extension url="http://ibm.com/fhir/cdm/StructureDefinition/documented-source">
      <valueCodeableConcept>
        <coding>
          <system value="http://ibm.com/fhir/cdm/CodeSystem/legal-document-source"/>
          <code value="passport"/>
        </coding>
      </valueCodeableConcept>
    </extension>
    <extension url="http://ibm.com/fhir/cdm/StructureDefinition/documented-system">
      <valueCodeableConcept>
        <coding>
          <system value="http://ibm.com/fhir/cdm/CodeSystem/legal-document-system"/>
          <code value="us-gov"/>
        </coding>
      </valueCodeableConcept>
    </extension>
  </extension>
  <extension url="http://ibm.com/fhir/cdm/StructureDefinition/sexual-orientation">
    <valueCodeableConcept>
      <coding>
        <system value="http://ibm.com/fhir/cdm/CodeSystem/sexual-orientation"/>
        <code value="asexual"/>
      </coding>
    </valueCodeableConcept>
  </extension>
  <extension url="http://hl7.org/fhir/us/core/StructureDefinition/us-core-race">
    <extension url="ombCategory">
      <valueCoding>
        <system value="urn:oid:2.16.840.1.113883.6.238"/>
        <code value="2106-3"/>
        <display value="White"/>
      </valueCoding>
    </extension>
    <extension url="text">
      <valueString value="White"/>
    </extension>
  </extension>
  <extension url="http://hl7.org/fhir/us/core/StructureDefinition/us-core-ethnicity">
    <extension url="ombCategory">
      <valueCoding>
        <system value="urn:oid:2.16.840.1.113883.6.238"/>
        <code value="2186-5"/>
        <display value="Not Hispanic or Latino"/>
      </valueCoding>
    </extension>
    <extension url="text">
      <valueString value="Not Hispanic or Latino"/>
    </extension>
  </extension>
  <extension url="http://ibm.com/fhir/cdm/StructureDefinition/local-race-cd">
    <valueCodeableConcept>
      <coding>
        <system value="http://acme-health.com/CodeSystem/local-race-code"/>
        <code value="White"/>
      </coding>
    </valueCodeableConcept>
  </extension>
  <identifier>
    <extension url="http://ibm.com/fhir/cdm/StructureDefinition/unencrypted-state">
      <valueBoolean value="false"/>
    </extension>
    <use value="official"/>
    <type>
      <coding>
        <system value="http://ibm.com/fhir/cdm/CodeSystem/identifier-type"/>
        <code value="SSRI"/>
      </coding>
    </type>
    <system value="http://acme-health.com/emr1/patient"/>
    <value value="unencryp-id1234"/>
    <assigner>
      <display value="Acme Health - EMR1 (unencrypted)"/>
    </assigner>
  </identifier>
  <identifier>
    <extension url="http://ibm.com/fhir/cdm/StructureDefinition/encrypted-state">
      <valueBoolean value="true"/>
    </extension>
    <use value="secondary"/>
    <type>
      <coding>
        <system value="http://ibm.com/fhir/cdm/CodeSystem/identifier-type"/>
        <code value="SSRI"/>
      </coding>
    </type>
    <system value="http://acme-health.com/emr1/patient"/>
    <value value="encryp-id1234"/>
    <assigner>
      <display value="Acme Health - EMR1 (encrpyted)"/>
    </assigner>
  </identifier>
  <identifier>
    <use value="official"/>
    <type>
      <coding>
        <system value="http://terminology.hl7.org/CodeSystem/v2-0203"/>
        <code value="MR"/>
      </coding>
    </type>
    <system value="http://acme-health.com/patient-mrn"/>
    <value value="1011110101"/>
    <assigner>
      <display value="Acme Health MRN"/>
    </assigner>
  </identifier>
  <identifier>
    <use value="usual"/>
    <type>
      <coding>
        <system value="http://terminology.hl7.org/CodeSystem/v2-0203"/>
        <code value="MR"/>
      </coding>
    </type>
    <system value="http://acme-health.com/patient-mrn"/>
    <value value="1011110101"/>
    <assigner>
      <display value="Acme Health MRN"/>
    </assigner>
  </identifier>
  <identifier>
    <use value="official"/>
    <type>
      <coding>
        <system value="http://terminology.hl7.org/CodeSystem/v2-0203"/>
        <code value="SB"/>
      </coding>
      <coding>
        <system value="http://terminology.hl7.org/CodeSystem/v2-0203"/>
        <code value="SS"/>
      </coding>
    </type>
    <system value="http;//hl7.org/fhir/sid/us-ssn"/>
    <value value="0001223333"/>
    <assigner>
      <display value="ssa.gov"/>
    </assigner>
  </identifier>
  <identifier>
    <use value="official"/>
    <type>
      <coding>
        <system value="http://terminology.hl7.org/CodeSystem/v2-0203"/>
        <code value="SB"/>
      </coding>
      <coding>
        <system value="http://terminology.hl7.org/CodeSystem/v2-0203"/>
        <code value="MC"/>
      </coding>
    </type>
    <system value="http://hl7.org/fhir/sid/us-mbi"/>
    <value value="1CA0CA0CC00"/>
    <assigner>
      <display value="medicare.gov"/>
    </assigner>
  </identifier>
  <identifier>
    <use value="official"/>
    <type>
      <coding>
        <system value="http://terminology.hl7.org/CodeSystem/v2-0203"/>
        <code value="SB"/>
      </coding>
      <coding>
        <system value="http://terminology.hl7.org/CodeSystem/v2-0203"/>
        <code value="MA"/>
      </coding>
    </type>
    <value value="987654321000"/>
    <assigner>
      <display value="medicaid.ohio.gov"/>
    </assigner>
  </identifier>
  <identifier>
    <use value="secondary"/>
    <type>
      <coding>
        <system value="http://ibm.com/fhir/cdm/CodeSystem/identifier-type"/>
        <code value="MDI"/>
      </coding>
    </type>
    <system value="http://ibm.com/fhir/primary/patient-match-identifier"/>
    <value value="7b78d6de-46cb-4fbb-930d-2a74e24b17fe"/>
    <assigner>
      <display value="IBM"/>
    </assigner>
  </identifier>
  <active value="true"/>
  <name>
    <family value="McLastname"/>
    <given value="Firstname"/>
  </name>
  <telecom>
    <extension url="http://hl7.org/fhir/StructureDefinition/contactpoint-country">
      <valueString value="1"/>
    </extension>
    <extension url="http://hl7.org/fhir/StructureDefinition/iso21090-TEL-address">
      <valueUrl value="tel:+12162488969"/>
    </extension>
    <system value="sms"/>
    <value value="216-248-8689"/>
    <use value="mobile"/>
    <rank value="1"/>
  </telecom>
  <telecom>
    <extension url="http://hl7.org/fhir/StructureDefinition/contactpoint-country">
      <valueString value="1"/>
    </extension>
    <extension url="http://hl7.org/fhir/StructureDefinition/iso21090-TEL-address">
      <valueUrl value="tel:+12163452662"/>
    </extension>
    <system value="phone"/>
    <value value="216-345-2662"/>
    <use value="home"/>
    <rank value="2"/>
  </telecom>
  <telecom>
    <extension url="http://hl7.org/fhir/StructureDefinition/contactpoint-country">
      <valueString value="1"/>
    </extension>
    <extension url="http://hl7.org/fhir/StructureDefinition/contactpoint-extension">
      <valueString value="123"/>
    </extension>
    <extension url="http://hl7.org/fhir/StructureDefinition/iso21090-TEL-address">
      <valueUrl value="tel:+12165552222;ext=123"/>
    </extension>
    <system value="phone"/>
    <value value="216-555-2222"/>
    <use value="work"/>
    <rank value="4"/>
  </telecom>
  <telecom>
    <system value="email"/>
    <value value="fmclastname@fakemail.com"/>
    <use value="home"/>
    <rank value="3"/>
  </telecom>
  <gender value="male"/>
  <birthDate value="1990-01-04"/>
  <deceasedDateTime value="2020-09-28T00:00:00Z"/>
  <address>
    <extension url="http://ibm.com/fhir/cdm/StructureDefinition/county-code">
      <valueCodeableConcept>
        <coding>
          <system value="http://acme-health.com/CodeSystem/local-county-code"/>
          <code value="001"/>
        </coding>
      </valueCodeableConcept>
    </extension>
    <extension url="http://ibm.com/fhir/cdm/StructureDefinition/region-code">
      <valueCodeableConcept>
        <coding>
          <system value="http://acme-health.com/CodeSystem/local-region-code"/>
          <code value="MW"/>
        </coding>
      </valueCodeableConcept>
    </extension>
    <use value="home"/>
    <type value="both"/>
    <city value="Townington"/>
    <state value="Ohio"/>
    <postalCode value="12345"/>
    <country value="US"/>
    <period>
      <start value="2000-01-01"/>
      <end value="2000-10-31"/>
    </period>
  </address>
  <communication>
    <extension url="http://ibm.com/fhir/cdm/StructureDefinition/language-rank">
      <valuePositiveInt value="1"/>
    </extension>
    <language>
      <coding>
        <system value="urn:ietf:bcp:47"/>
        <code value="en"/>
      </coding>
    </language>
  </communication>
  <generalPractitioner>
    <extension url="http://ibm.com/fhir/cdm/StructureDefinition/reference-code">
      <valueCoding>
        <system value="http://ibm.com/fhir/cdm/CodeSystem/attribution-source"/>
        <code value="client-emr"/>
      </valueCoding>
    </extension>
    <extension url="http://ibm.com/fhir/cdm/StructureDefinition/reference-period">
      <valuePeriod>
        <start value="2019-01-01"/>
      </valuePeriod>
    </extension>
    <reference value="PractitionerRole/CDMPractitionerRole-EMR-PCP"/>
  </generalPractitioner>
</Patient>