<?xml version="1.0" encoding="UTF-8"?>

<Practitioner xmlns="http://hl7.org/fhir">
  <id value="MatchedPractitionerSource-Epic"/>
  <meta>
    <extension url="http://ibm.com/fhir/cdm/StructureDefinition/tenant-id">
      <valueString value="99999"/>
    </extension>
    <extension url="http://ibm.com/fhir/cdm/StructureDefinition/ingestion-batch-id">
      <valueString value="b069a545-9506-40c6-8498-23de2e189143"/>
    </extension>
    <source value="http://acme-health.com/epic"/>
    <profile value="http://ibm.com/fhir/cdm/StructureDefinition/cdm-practitioner"/>
  </meta>
  <text>
    <status value="generated"/><div xmlns="http://www.w3.org/1999/xhtml"><p><b>Generated Narrative</b></p><p><b>identifier</b>: Source System Row Identifier: 449ef60a-ad94-43fe-acae-7a4bffc800e0 (OFFICIAL), Provider number: 1122445599 (OFFICIAL), Match Data Identifier: e65bdcac-6e50-4353-8faa-dc147a603468 (SECONDARY)</p><p><b>name</b>: Dr Rosemary B Match, MD</p></div>
  </text>
  <identifier>
    <use value="official"/>
    <type>
      <coding>
        <system value="http://ibm.com/fhir/cdm/CodeSystem/identifier-type"/>
        <code value="SSRI"/>
      </coding>
    </type>
    <system value="http://acme-health.com/epic/practitioner"/>
    <value value="449ef60a-ad94-43fe-acae-7a4bffc800e0"/>
    <assigner>
      <display value="Acme Health - Epic"/>
    </assigner>
  </identifier>
  <identifier>
    <use value="official"/>
    <type>
      <coding>
        <system value="http://terminology.hl7.org/CodeSystem/v2-0203"/>
        <code value="PRN"/>
      </coding>
    </type>
    <system value="http://hl7.org/fhir/sid/us-npi"/>
    <value value="1122445599"/>
    <assigner>
      <display value="cms.gov"/>
    </assigner>
  </identifier>
  <identifier>
    <use value="secondary"/>
    <type>
      <coding>
        <system value="http://ibm.com/fhir/cdm/CodeSystem/identifier-type"/>
        <code value="MDI"/>
      </coding>
    </type>
    <system value="http://ibm.com/fhir/primary/practitioner-match-identifier"/>
    <value value="e65bdcac-6e50-4353-8faa-dc147a603468"/>
    <assigner>
      <display value="IBM"/>
    </assigner>
  </identifier>
  <name>
    <text value="Dr Rosemary B Match, MD"/>
    <family value="Match"/>
    <given value="Rosemary"/>
    <given value="B"/>
    <prefix value="Dr"/>
    <suffix value="MD"/>
  </name>
</Practitioner>