<?xml version="1.0" encoding="UTF-8"?>

<ValueSet xmlns="http://hl7.org/fhir">
  <id value="ms-drg-of-payment"/>
  <text>
    <status value="generated"/><div xmlns="http://www.w3.org/1999/xhtml"><ul><li>Include all codes defined in <code>https://www.cms.gov/icd10m/version37-fullcode-cms/fullcode_cms/P0002.html</code></li></ul></div>
  </text>
  <url value="http://ibm.com/fhir/cdm/ValueSet/ms-drg-of-payment"/>
  <version value="2.0.0"/>
  <name value="MsDrgOfPaymentValueSet"/>
  <title value="MS-Drg Of Payment Value Set"/>
  <status value="active"/>
  <date value="2021-09-28T19:40:31+00:00"/>
  <contact>
    <name value="Kim Kenna"/>
    <telecom>
      <system value="email"/>
      <value value="sloand@us.ibm.com"/>
    </telecom>
  </contact>
  <contact>
    <name value="Tom Eggebraaten"/>
    <telecom>
      <system value="email"/>
      <value value="tegge@us.ibm.com"/>
    </telecom>
  </contact>
  <description value="The Diagnosis Related Group (MS-DRG) value set under which the claim was paid, as reported on the facility Claim"/>
  <compose>
    <include>
      <system value="https://www.cms.gov/icd10m/version37-fullcode-cms/fullcode_cms/P0002.html"/>
    </include>
  </compose>
</ValueSet>