<?xml version="1.0" encoding="UTF-8"?>

<ValueSet xmlns="http://hl7.org/fhir">
  <id value="wh-basic-resource-type"/>
  <text>
    <status value="generated"/><div xmlns="http://www.w3.org/1999/xhtml"><p>This value set includes codes based on the following rules:</p><ul><li>Include all codes defined in <a href="http://terminology.hl7.org/3.1.0/CodeSystem-basic-resource-type.html"><code>http://terminology.hl7.org/CodeSystem/basic-resource-type</code></a></li><li>Include all codes defined in <a href="CodeSystem-wh-basic-resource-type.html"><code>http://ibm.com/fhir/cdm/CodeSystem/wh-basic-resource-type</code></a></li></ul></div>
  </text>
  <url value="http://ibm.com/fhir/cdm/ValueSet/wh-basic-resource-type"/>
  <version value="7.0.0"/>
  <name value="WhBasicResourceTypeValueSet"/>
  <title value="Health Data Connect Basic Resource Value Set"/>
  <status value="active"/>
  <date value="2022-09-01T21:20:10+00:00"/>
  <publisher value="Alvearie Team"/>
  <description value="Health Data Connect value set for the basic resource type"/>
  <jurisdiction>
    <coding>
      <system value="urn:iso:std:iso:3166"/>
      <code value="US"/>
    </coding>
  </jurisdiction>
  <compose>
    <include>
      <system value="http://terminology.hl7.org/CodeSystem/basic-resource-type"/>
    </include>
    <include>
      <system value="http://ibm.com/fhir/cdm/CodeSystem/wh-basic-resource-type"/>
    </include>
  </compose>
</ValueSet>