<?xml version="1.0" encoding="UTF-8"?>

<ValueSet xmlns="http://hl7.org/fhir">
  <id value="place-of-service"/>
  <text>
    <status value="generated"/><div xmlns="http://www.w3.org/1999/xhtml"><ul><li>Include all codes defined in <a href="http://terminology.hl7.org/3.1.0/CodeSystem-CMSPlaceofServiceCodes.html"><code>https://www.cms.gov/Medicare/Coding/place-of-service-codes/Place_of_Service_Code_Set</code></a></li></ul></div>
  </text>
  <url value="http://ibm.com/fhir/cdm/ValueSet/place-of-service"/>
  <version value="7.0.0"/>
  <name value="PlaceOfServiceValueSet"/>
  <title value="Claim Supporting Info Category Value Set"/>
  <status value="active"/>
  <date value="2022-09-07T15:39:45+00:00"/>
  <publisher value="Alvearie Team"/>
  <description value="The value set that indicates the place of service, based on standard values from Centers for Medicare and Medicaid Services (CMS)."/>
  <jurisdiction>
    <coding>
      <system value="urn:iso:std:iso:3166"/>
      <code value="US"/>
    </coding>
  </jurisdiction>
  <compose>
    <include>
      <system value="https://www.cms.gov/Medicare/Coding/place-of-service-codes/Place_of_Service_Code_Set"/>
    </include>
  </compose>
</ValueSet>