<?xml version="1.0" encoding="UTF-8"?>

<ValueSet xmlns="http://hl7.org/fhir">
  <id value="insight-category-values"/>
  <text>
    <status value="generated"/><div xmlns="http://www.w3.org/1999/xhtml"><ul><li>Include all codes defined in <a href="CodeSystem-insight-category-code-system.html"><code>http://ibm.com/fhir/cdm/CodeSystem/insight-category-code-system</code></a></li></ul></div>
  </text>
  <url value="http://ibm.com/fhir/cdm/ValueSet/insight-category-values"/>
  <version value="7.0.0"/>
  <name value="InsightCategoryValueSet"/>
  <title value="Insight Category ValueSet"/>
  <status value="active"/>
  <date value="2022-09-07T17:59:32+00:00"/>
  <publisher value="Alvearie Team"/>
  <description value="Values for the top level categorization of an insight produced relating to specific FHIR element(s) in the resource instance."/>
  <jurisdiction>
    <coding>
      <system value="urn:iso:std:iso:3166"/>
      <code value="US"/>
    </coding>
  </jurisdiction>
  <compose>
    <include>
      <system value="http://ibm.com/fhir/cdm/CodeSystem/insight-category-code-system"/>
    </include>
  </compose>
</ValueSet>