<?xml version="1.0" encoding="UTF-8"?>

<ValueSet xmlns="http://hl7.org/fhir">
  <id value="wh-payer-coverage-class"/>
  <text>
    <status value="generated"/><div xmlns="http://www.w3.org/1999/xhtml"><p>This value set includes codes based on the following rules:</p><ul><li>Include all codes defined in <a href="http://terminology.hl7.org/3.1.0/CodeSystem-coverage-class.html"><code>http://terminology.hl7.org/CodeSystem/coverage-class</code></a></li><li>Include all codes defined in <a href="CodeSystem-wh-payer-coverage-class.html"><code>http://ibm.com/fhir/cdm/CodeSystem/wh-payer-coverage-class</code></a></li></ul></div>
  </text>
  <url value="http://ibm.com/fhir/cdm/ValueSet/wh-payer-coverage-class"/>
  <version value="7.0.0"/>
  <name value="WhPayerCoverageClassValueSet"/>
  <title value="Health Data Connect Coverage Class Value Set"/>
  <status value="active"/>
  <date value="2022-09-06T21:02:26+00:00"/>
  <publisher value="Alvearie Team"/>
  <description value="Health Data Connect standard value set for the coverage class"/>
  <jurisdiction>
    <coding>
      <system value="urn:iso:std:iso:3166"/>
      <code value="US"/>
    </coding>
  </jurisdiction>
  <compose>
    <include>
      <system value="http://terminology.hl7.org/CodeSystem/coverage-class"/>
    </include>
    <include>
      <system value="http://ibm.com/fhir/cdm/CodeSystem/wh-payer-coverage-class"/>
    </include>
  </compose>
</ValueSet>