<?xml version="1.0" encoding="UTF-8"?>

<ValueSet xmlns="http://hl7.org/fhir">
  <id value="payer-coverage-class"/>
  <text>
    <status value="generated"/><div xmlns="http://www.w3.org/1999/xhtml"><p>This value set includes codes based on the following rules:</p><ul><li>Include all codes defined in <a href="http://terminology.hl7.org/4.0.0/CodeSystem-coverage-class.html"><code>http://terminology.hl7.org/CodeSystem/coverage-class</code></a></li><li>Include all codes defined in <a href="CodeSystem-payer-coverage-class.html"><code>http://linuxforhealth.org/fhir/cdm/CodeSystem/payer-coverage-class</code></a></li></ul></div>
  </text>
  <url value="http://linuxforhealth.org/fhir/cdm/ValueSet/payer-coverage-class"/>
  <version value="8.0.0"/>
  <name value="PayerCoverageClassValueSet"/>
  <title value="Payer Coverage Class Value Set"/>
  <status value="active"/>
  <date value="2022-11-10T16:00:46+00:00"/>
  <publisher value="LinuxForHealth Team"/>
  <description value="LinuxForHealth standard value set for the coverage class"/>
  <jurisdiction>
    <coding>
      <system value="urn:iso:std:iso:3166"/>
      <code value="US"/>
    </coding>
  </jurisdiction>
  <compose>
    <include>
      <system value="http://terminology.hl7.org/CodeSystem/coverage-class"/>
    </include>
    <include>
      <system value="http://linuxforhealth.org/fhir/cdm/CodeSystem/payer-coverage-class"/>
    </include>
  </compose>
</ValueSet>