<?xml version="1.0" encoding="UTF-8"?>

<ValueSet xmlns="http://hl7.org/fhir">
  <id value="claim-supporting-info-type"/>
  <text>
    <status value="generated"/><div xmlns="http://www.w3.org/1999/xhtml"><ul><li>Include all codes defined in <a href="CodeSystem-claim-supporting-info-type.html"><code>http://ibm.com/fhir/cdm/CodeSystem/claim-supporting-info-type</code></a></li></ul></div>
  </text>
  <url value="http://ibm.com/fhir/cdm/ValueSet/claim-supporting-info-type"/>
  <version value="6.1.0"/>
  <name value="ClaimSupportingInfoTypeValueSet"/>
  <title value="Claim Supporting Info Type Value Set"/>
  <status value="active"/>
  <date value="2022-05-31T20:10:14+00:00"/>
  <publisher value="Alvearie Team"/>
  <description value="Supporting information type codes for claims"/>
  <jurisdiction>
    <coding>
      <system value="urn:iso:std:iso:3166"/>
      <code value="US"/>
    </coding>
  </jurisdiction>
  <compose>
    <include>
      <system value="http://ibm.com/fhir/cdm/CodeSystem/claim-supporting-info-type"/>
    </include>
  </compose>
</ValueSet>