<?xml version="1.0" encoding="UTF-8"?>

<ValueSet xmlns="http://hl7.org/fhir">
  <id value="er-or-observation-room-service"/>
  <text>
    <status value="generated"/><div xmlns="http://www.w3.org/1999/xhtml"><ul><li>Include all codes defined in <a href="CodeSystem-er-or-observation-room-service.html"><code>http://ibm.com/fhir/cdm/CodeSystem/er-or-observation-room-service</code></a></li></ul></div>
  </text>
  <url value="http://ibm.com/fhir/cdm/ValueSet/er-or-observation-room-service"/>
  <version value="7.0.0"/>
  <name value="ErOrObservationRoomServiceValueSet"/>
  <title value="Er Or Observation Room Service Value Set"/>
  <status value="active"/>
  <date value="2022-09-06T17:14:02+00:00"/>
  <publisher value="Alvearie Team"/>
  <description value="Er Or Observation Room Service value set for claims"/>
  <jurisdiction>
    <coding>
      <system value="urn:iso:std:iso:3166"/>
      <code value="US"/>
    </coding>
  </jurisdiction>
  <compose>
    <include>
      <system value="http://ibm.com/fhir/cdm/CodeSystem/er-or-observation-room-service"/>
    </include>
  </compose>
</ValueSet>