<?xml version="1.0" encoding="UTF-8"?>

<ValueSet xmlns="http://hl7.org/fhir">
  <id value="hipaa-benefit-status"/>
  <text>
    <status value="generated"/><div xmlns="http://www.w3.org/1999/xhtml"><ul><li>Include all codes defined in <a href="CodeSystem-hipaa-benefit-status.html"><code>http://ibm.com/fhir/cdm/CodeSystem/hipaa-benefit-status</code></a></li></ul></div>
  </text>
  <url value="http://ibm.com/fhir/cdm/ValueSet/hipaa-benefit-status"/>
  <version value="5.0.0"/>
  <name value="HipaaBenefitStatusValueSet"/>
  <title value="HIPAA Benefit Status Value Set"/>
  <status value="active"/>
  <date value="2021-12-16T17:36:56+00:00"/>
  <contact>
    <name value="Kim Kenna"/>
    <telecom>
      <system value="email"/>
      <value value="sloand@us.ibm.com"/>
    </telecom>
  </contact>
  <contact>
    <name value="Tom Eggebraaten"/>
    <telecom>
      <system value="email"/>
      <value value="tegge@us.ibm.com"/>
    </telecom>
  </contact>
  <description value="HIPAA standard value set for the benefit status"/>
  <compose>
    <include>
      <system value="http://ibm.com/fhir/cdm/CodeSystem/hipaa-benefit-status"/>
    </include>
  </compose>
</ValueSet>