<?xml version="1.0" encoding="UTF-8"?>

<ValueSet xmlns="http://hl7.org/fhir">
  <id value="diagnosis-present-on-admission"/>
  <text>
    <status value="generated"/><div xmlns="http://www.w3.org/1999/xhtml"><ul><li>Include all codes defined in <a href="CodeSystem-diagnosis-present-on-admission.html"><code>http://ibm.com/fhir/cdm/CodeSystem/diagnosis-present-on-admission</code></a></li></ul></div>
  </text>
  <url value="http://ibm.com/fhir/cdm/ValueSet/diagnosis-present-on-admission"/>
  <version value="7.0.0"/>
  <name value="DiagnosisPresentOnAdmissionValueSet"/>
  <title value="Diagnosis Present On Admission Value Set"/>
  <status value="active"/>
  <date value="2022-09-06T17:14:02+00:00"/>
  <publisher value="Alvearie Team"/>
  <description value="The Present On Admission (POA) value set for diagnosis codes on an inpatient acute care facility Claim"/>
  <jurisdiction>
    <coding>
      <system value="urn:iso:std:iso:3166"/>
      <code value="US"/>
    </coding>
  </jurisdiction>
  <compose>
    <include>
      <system value="http://ibm.com/fhir/cdm/CodeSystem/diagnosis-present-on-admission"/>
    </include>
  </compose>
</ValueSet>