<?xml version="1.0" encoding="UTF-8"?>

<ValueSet xmlns="http://hl7.org/fhir">
  <id value="match-confidence-level"/>
  <text>
    <status value="generated"/><div xmlns="http://www.w3.org/1999/xhtml"><p>This value set includes codes based on the following rules:</p><ul><li>Include all codes defined in <a href="http://terminology.hl7.org/3.1.0/CodeSystem-match-grade.html"><code>http://terminology.hl7.org/CodeSystem/match-grade</code></a></li><li>Include all codes defined in <a href="CodeSystem-match-confidence-level.html"><code>http://ibm.com/fhir/cdm/CodeSystem/match-confidence-level</code></a></li></ul></div>
  </text>
  <url value="http://ibm.com/fhir/cdm/ValueSet/match-confidence-level"/>
  <version value="7.0.0"/>
  <name value="MatchConfidenceLevelValueSet"/>
  <title value="Match Confidence Level Code System"/>
  <status value="active"/>
  <date value="2022-09-07T18:17:14+00:00"/>
  <publisher value="Alvearie Team"/>
  <description value="Codes indicating confidence level of matched entities"/>
  <jurisdiction>
    <coding>
      <system value="urn:iso:std:iso:3166"/>
      <code value="US"/>
    </coding>
  </jurisdiction>
  <compose>
    <include>
      <system value="http://terminology.hl7.org/CodeSystem/match-grade"/>
    </include>
    <include>
      <system value="http://ibm.com/fhir/cdm/CodeSystem/match-confidence-level"/>
    </include>
  </compose>
</ValueSet>