<?xml version="1.0" encoding="UTF-8"?>

<ValueSet xmlns="http://hl7.org/fhir">
  <id value="claim-care-team-role"/>
  <text>
    <status value="generated"/><div xmlns="http://www.w3.org/1999/xhtml"><ul><li>Include all codes defined in <a href="CodeSystem-claim-care-team-role.html"><code>http://ibm.com/fhir/cdm/CodeSystem/claim-care-team-role</code></a></li></ul></div>
  </text>
  <url value="http://ibm.com/fhir/cdm/ValueSet/claim-care-team-role"/>
  <version value="2.0.0"/>
  <name value="ClaimCareTeamRoleValueSet"/>
  <title value="Claim Care Team Role Value Set"/>
  <status value="active"/>
  <date value="2021-09-28T19:40:31+00:00"/>
  <contact>
    <name value="Kim Kenna"/>
    <telecom>
      <system value="email"/>
      <value value="sloand@us.ibm.com"/>
    </telecom>
  </contact>
  <contact>
    <name value="Tom Eggebraaten"/>
    <telecom>
      <system value="email"/>
      <value value="tegge@us.ibm.com"/>
    </telecom>
  </contact>
  <description value="Value set that defines the function of a team member within a care team"/>
  <compose>
    <include>
      <system value="http://ibm.com/fhir/cdm/CodeSystem/claim-care-team-role"/>
    </include>
  </compose>
</ValueSet>