<?xml version="1.0" encoding="UTF-8"?>

<ValueSet xmlns="http://hl7.org/fhir">
  <id value="attribution-source"/>
  <text>
    <status value="generated"/><div xmlns="http://www.w3.org/1999/xhtml"><ul><li>Include all codes defined in <a href="CodeSystem-attribution-source.html"><code>http://ibm.com/fhir/cdm/CodeSystem/attribution-source</code></a></li></ul></div>
  </text>
  <url value="http://ibm.com/fhir/cdm/ValueSet/attribution-source"/>
  <version value="2.0.0"/>
  <name value="AttributionSourceValueSet"/>
  <title value="Attribution Source Value Set"/>
  <status value="active"/>
  <date value="2021-09-28T19:40:31+00:00"/>
  <contact>
    <name value="Kim Kenna"/>
    <telecom>
      <system value="email"/>
      <value value="sloand@us.ibm.com"/>
    </telecom>
  </contact>
  <contact>
    <name value="Tom Eggebraaten"/>
    <telecom>
      <system value="email"/>
      <value value="tegge@us.ibm.com"/>
    </telecom>
  </contact>
  <description value="Sources of attribution used to associate a patient to a practitioner"/>
  <compose>
    <include>
      <system value="http://ibm.com/fhir/cdm/CodeSystem/attribution-source"/>
    </include>
  </compose>
</ValueSet>