<?xml version="1.0" encoding="UTF-8"?><CodeSystem xmlns="http://hl7.org/fhir"><id value="wh-payer-employee-status-code"/><text><status value="generated"/><div xmlns="http://www.w3.org/1999/xhtml"><p>This code system http://ibm.com/fhir/cdm/CodeSystem/wh-payer-employee-status-code defines the following codes:</p><table class="codes"><tr><td style="white-space:nowrap"><b>Code</b></td><td><b>Display</b></td><td><b>Definition</b></td></tr><tr><td style="white-space:nowrap">1<a name="wh-payer-employee-status-code-1"> </a></td><td>Active Full Time</td><td>Active Full Time</td></tr><tr><td style="white-space:nowrap">2<a name="wh-payer-employee-status-code-2"> </a></td><td>Active Part-Time/Seasonal</td><td>Active Part-Time/Seasonal</td></tr><tr><td style="white-space:nowrap">3<a name="wh-payer-employee-status-code-3"> </a></td><td>Early Retiree</td><td>Early Retiree</td></tr><tr><td style="white-space:nowrap">4<a name="wh-payer-employee-status-code-4"> </a></td><td>Medicare Eligible Retiree</td><td>Medicare Eligible Retiree</td></tr><tr><td style="white-space:nowrap">5<a name="wh-payer-employee-status-code-5"> </a></td><td>Retiree (Status Unknown)</td><td>Retiree (Status Unknown)</td></tr><tr><td style="white-space:nowrap">6<a name="wh-payer-employee-status-code-6"> </a></td><td>COBRA Continuee</td><td>COBRA Continuee</td></tr><tr><td style="white-space:nowrap">7<a name="wh-payer-employee-status-code-7"> </a></td><td>Long Term Disability</td><td>Long Term Disability</td></tr><tr><td style="white-space:nowrap">8<a name="wh-payer-employee-status-code-8"> </a></td><td>Surviving Spouse/Dependent</td><td>Surviving Spouse/Dependent</td></tr><tr><td style="white-space:nowrap">9<a name="wh-payer-employee-status-code-9"> </a></td><td>Other/Unknown</td><td>Other/Unknown</td></tr></table></div></text><url value="http://ibm.com/fhir/cdm/CodeSystem/wh-payer-employee-status-code"/><version value="5.0.0"/><name value="WhPayerEmployeeStatusCodeSystem"/><title value="Health Data Connect Employee Status Codes"/><status value="active"/><date value="2021-12-16T17:36:56+00:00"/><contact><name value="Kim Kenna"/><telecom><system value="email"/><value value="sloand@us.ibm.com"/></telecom></contact><contact><name value="Tom Eggebraaten"/><telecom><system value="email"/><value value="tegge@us.ibm.com"/></telecom></contact><description value="IBM® Health Data Connect standard employee status value set for claims"/><content value="complete"/><count value="9"/><concept><code value="1"/><display value="Active Full Time"/><definition value="Active Full Time"/></concept><concept><code value="2"/><display value="Active Part-Time/Seasonal"/><definition value="Active Part-Time/Seasonal"/></concept><concept><code value="3"/><display value="Early Retiree"/><definition value="Early Retiree"/></concept><concept><code value="4"/><display value="Medicare Eligible Retiree"/><definition value="Medicare Eligible Retiree"/></concept><concept><code value="5"/><display value="Retiree (Status Unknown)"/><definition value="Retiree (Status Unknown)"/></concept><concept><code value="6"/><display value="COBRA Continuee"/><definition value="COBRA Continuee"/></concept><concept><code value="7"/><display value="Long Term Disability"/><definition value="Long Term Disability"/></concept><concept><code value="8"/><display value="Surviving Spouse/Dependent"/><definition value="Surviving Spouse/Dependent"/></concept><concept><code value="9"/><display value="Other/Unknown"/><definition value="Other/Unknown"/></concept></CodeSystem>