<?xml version="1.0" encoding="UTF-8"?><CodeSystem xmlns="http://hl7.org/fhir"><id value="age-group"/><text><status value="generated"/><div xmlns="http://www.w3.org/1999/xhtml"><p>This code system http://ibm.com/fhir/cdm/CodeSystem/age-group defines the following codes:</p><table class="codes"><tr><td style="white-space:nowrap"><b>Code</b></td><td><b>Display</b></td><td><b>Definition</b></td></tr><tr><td style="white-space:nowrap">1<a name="age-group-1"> </a></td><td>&lt; 1 yr</td><td>Ages &lt; 1 year</td></tr><tr><td style="white-space:nowrap">2<a name="age-group-2"> </a></td><td>1-4 yr</td><td>Ages 1 to 4 years</td></tr><tr><td style="white-space:nowrap">3<a name="age-group-3"> </a></td><td>5-9 yr</td><td>Ages 5 to 9 years</td></tr><tr><td style="white-space:nowrap">4<a name="age-group-4"> </a></td><td>10-14 yr</td><td>Ages 10 to 14 years</td></tr><tr><td style="white-space:nowrap">5<a name="age-group-5"> </a></td><td>15-17 yr</td><td>Ages 15 to 17 years</td></tr><tr><td style="white-space:nowrap">6<a name="age-group-6"> </a></td><td>18-19 yr</td><td>Ages 18 to 19 years</td></tr><tr><td style="white-space:nowrap">7<a name="age-group-7"> </a></td><td>20-24 yr</td><td>Ages 20 to 24 years</td></tr><tr><td style="white-space:nowrap">8<a name="age-group-8"> </a></td><td>25-29 yr</td><td>Ages 25 to 29 years</td></tr><tr><td style="white-space:nowrap">9<a name="age-group-9"> </a></td><td>30-34 yr</td><td>Ages 30 to 34 years</td></tr><tr><td style="white-space:nowrap">10<a name="age-group-10"> </a></td><td>35-39 yr</td><td>Ages 35 to 39 years</td></tr><tr><td style="white-space:nowrap">11<a name="age-group-11"> </a></td><td>40-44 yr</td><td>Ages 40 to 44 years</td></tr><tr><td style="white-space:nowrap">12<a name="age-group-12"> </a></td><td>45-49 yr</td><td>Ages 45 to 49 years</td></tr><tr><td style="white-space:nowrap">13<a name="age-group-13"> </a></td><td>50-54 yr</td><td>Ages 50 to 54 years</td></tr><tr><td style="white-space:nowrap">14<a name="age-group-14"> </a></td><td>55-59 yr</td><td>Ages 55 to 59 years</td></tr><tr><td style="white-space:nowrap">15<a name="age-group-15"> </a></td><td>60-64 yr</td><td>Ages 60 to 64 years</td></tr><tr><td style="white-space:nowrap">16<a name="age-group-16"> </a></td><td>65-74 yr</td><td>Ages 65 to 74 years</td></tr><tr><td style="white-space:nowrap">17<a name="age-group-17"> </a></td><td>75-84 yr</td><td>Ages 75 to 84 years</td></tr><tr><td style="white-space:nowrap">18<a name="age-group-18"> </a></td><td>85+ yr</td><td>Ages 85 years and up</td></tr></table></div></text><url value="http://ibm.com/fhir/cdm/CodeSystem/age-group"/><version value="5.0.0"/><name value="AgeGroupCodeSystem"/><title value="Age Group Codes."/><status value="active"/><date value="2021-11-19T14:45:01+00:00"/><contact><name value="Kim Kenna"/><telecom><system value="email"/><value value="sloand@us.ibm.com"/></telecom></contact><contact><name value="Tom Eggebraaten"/><telecom><system value="email"/><value value="tegge@us.ibm.com"/></telecom></contact><description value="Age group codes for claims."/><content value="complete"/><count value="18"/><concept><code value="1"/><display value="&lt; 1 yr"/><definition value="Ages &lt; 1 year"/></concept><concept><code value="2"/><display value="1-4 yr"/><definition value="Ages 1 to 4 years"/></concept><concept><code value="3"/><display value="5-9 yr"/><definition value="Ages 5 to 9 years"/></concept><concept><code value="4"/><display value="10-14 yr"/><definition value="Ages 10 to 14 years"/></concept><concept><code value="5"/><display value="15-17 yr"/><definition value="Ages 15 to 17 years"/></concept><concept><code value="6"/><display value="18-19 yr"/><definition value="Ages 18 to 19 years"/></concept><concept><code value="7"/><display value="20-24 yr"/><definition value="Ages 20 to 24 years"/></concept><concept><code value="8"/><display value="25-29 yr"/><definition value="Ages 25 to 29 years"/></concept><concept><code value="9"/><display value="30-34 yr"/><definition value="Ages 30 to 34 years"/></concept><concept><code value="10"/><display value="35-39 yr"/><definition value="Ages 35 to 39 years"/></concept><concept><code value="11"/><display value="40-44 yr"/><definition value="Ages 40 to 44 years"/></concept><concept><code value="12"/><display value="45-49 yr"/><definition value="Ages 45 to 49 years"/></concept><concept><code value="13"/><display value="50-54 yr"/><definition value="Ages 50 to 54 years"/></concept><concept><code value="14"/><display value="55-59 yr"/><definition value="Ages 55 to 59 years"/></concept><concept><code value="15"/><display value="60-64 yr"/><definition value="Ages 60 to 64 years"/></concept><concept><code value="16"/><display value="65-74 yr"/><definition value="Ages 65 to 74 years"/></concept><concept><code value="17"/><display value="75-84 yr"/><definition value="Ages 75 to 84 years"/></concept><concept><code value="18"/><display value="85+ yr"/><definition value="Ages 85 years and up"/></concept></CodeSystem>