<?xml version="1.0" encoding="UTF-8"?><CodeSystem xmlns="http://hl7.org/fhir"><id value="sex-assigned-at-birth"/><text><status value="generated"/><div xmlns="http://www.w3.org/1999/xhtml"><p>This code system http://ibm.com/fhir/cdm/CodeSystem/sex-assigned-at-birth defines the following codes:</p><table class="codes"><tr><td style="white-space:nowrap"><b>Code</b></td><td><b>Display</b></td></tr><tr><td style="white-space:nowrap">female<a name="sex-assigned-at-birth-female"> </a></td><td>Female</td></tr><tr><td style="white-space:nowrap">intersex<a name="sex-assigned-at-birth-intersex"> </a></td><td>Intersex</td></tr><tr><td style="white-space:nowrap">male<a name="sex-assigned-at-birth-male"> </a></td><td>Male</td></tr><tr><td style="white-space:nowrap">other<a name="sex-assigned-at-birth-other"> </a></td><td>Other</td></tr><tr><td style="white-space:nowrap">unknown<a name="sex-assigned-at-birth-unknown"> </a></td><td>Unknown</td></tr></table></div></text><url value="http://ibm.com/fhir/cdm/CodeSystem/sex-assigned-at-birth"/><version value="5.0.0"/><name value="SexAssignedAtBirthCodeSystem"/><title value="Sex Assigned At Birth Codes"/><status value="active"/><date value="2021-11-19T14:45:01+00:00"/><contact><name value="Kim Kenna"/><telecom><system value="email"/><value value="sloand@us.ibm.com"/></telecom></contact><contact><name value="Tom Eggebraaten"/><telecom><system value="email"/><value value="tegge@us.ibm.com"/></telecom></contact><description value="Sex assigned at birth based on observation by a physician.  Also called phenotype, or how the genes were expressed, based on the observation of the doctor. This assignment may not match the gender Identity of the person, which will not be known until the newborn is older."/><content value="complete"/><count value="5"/><concept><code value="female"/><display value="Female"/></concept><concept><code value="intersex"/><display value="Intersex"/></concept><concept><code value="male"/><display value="Male"/></concept><concept><code value="other"/><display value="Other"/></concept><concept><code value="unknown"/><display value="Unknown"/></concept></CodeSystem>