<?xml version="1.0" encoding="UTF-8"?><CodeSystem xmlns="http://hl7.org/fhir"><id value="eng-communication-mode"/><text><status value="generated"/><div xmlns="http://www.w3.org/1999/xhtml"><p>This code system http://ibm.com/fhir/cdm/CodeSystem/eng-communication-mode defines the following codes:</p><table class="codes"><tr><td style="white-space:nowrap"><b>Code</b></td><td><b>Display</b></td><td><b>Definition</b></td></tr><tr><td style="white-space:nowrap">phone<a name="eng-communication-mode-phone"> </a></td><td>Phone</td><td>Voice messaging by phone</td></tr><tr><td style="white-space:nowrap">sms<a name="eng-communication-mode-sms"> </a></td><td>Sms Text</td><td>SMS text messaging</td></tr><tr><td style="white-space:nowrap">email<a name="eng-communication-mode-email"> </a></td><td>Email</td><td>Email messaging</td></tr><tr><td style="white-space:nowrap">mail<a name="eng-communication-mode-mail"> </a></td><td>Mail</td><td>Postal mail messaging</td></tr><tr><td style="white-space:nowrap">chat<a name="eng-communication-mode-chat"> </a></td><td>Chat</td><td>Conversational chat messaging</td></tr></table></div></text><url value="http://ibm.com/fhir/cdm/CodeSystem/eng-communication-mode"/><version value="5.0.0"/><name value="EngagementCommunicationModeCodeSystem"/><title value="Engagement Communication Mode Codes"/><status value="active"/><date value="2021-11-19T14:45:01+00:00"/><contact><name value="Kim Kenna"/><telecom><system value="email"/><value value="sloand@us.ibm.com"/></telecom></contact><contact><name value="Tom Eggebraaten"/><telecom><system value="email"/><value value="tegge@us.ibm.com"/></telecom></contact><description value="Communication modes supported for Engagement communication"/><content value="complete"/><count value="5"/><concept><code value="phone"/><display value="Phone"/><definition value="Voice messaging by phone"/></concept><concept><code value="sms"/><display value="Sms Text"/><definition value="SMS text messaging"/></concept><concept><code value="email"/><display value="Email"/><definition value="Email messaging"/></concept><concept><code value="mail"/><display value="Mail"/><definition value="Postal mail messaging"/></concept><concept><code value="chat"/><display value="Chat"/><definition value="Conversational chat messaging"/></concept></CodeSystem>