<?xml version="1.0" encoding="UTF-8"?><ValueSet xmlns="http://hl7.org/fhir"><id value="wh-claim-subtype"/><text><status value="generated"/><div xmlns="http://www.w3.org/1999/xhtml"><ul><li>Include all codes defined in <a href="CodeSystem-wh-claim-subtype.html"><code>http://ibm.com/fhir/cdm/CodeSystem/wh-claim-subtype</code></a></li></ul></div></text><url value="http://ibm.com/fhir/cdm/ValueSet/wh-claim-subtype"/><version value="5.0.0"/><name value="WhClaimSubtypeValueSet"/><title value="Health Data Connect Claim Subtype Value Set"/><status value="active"/><date value="2021-12-16T17:36:56+00:00"/><contact><name value="Kim Kenna"/><telecom><system value="email"/><value value="sloand@us.ibm.com"/></telecom></contact><contact><name value="Tom Eggebraaten"/><telecom><system value="email"/><value value="tegge@us.ibm.com"/></telecom></contact><description value="IBM® Health Data Connect value set for the claim subtypes used to further define the claim type"/><compose><include><system value="http://ibm.com/fhir/cdm/CodeSystem/wh-claim-subtype"/></include></compose></ValueSet>