{"resourceType":"CodeSystem","id":"insurance-plan-cost-category","text":{"status":"generated","div":"<div xmlns=\"http://www.w3.org/1999/xhtml\"><p>This code system http://ibm.com/fhir/cdm/CodeSystem/insurance-plan-cost-category defines the following codes:</p><table class=\"codes\"><tr><td style=\"white-space:nowrap\"><b>Code</b></td><td><b>Display</b></td></tr><tr><td style=\"white-space:nowrap\">drug<a name=\"insurance-plan-cost-category-drug\"> </a></td><td>Drug</td></tr><tr><td style=\"white-space:nowrap\">medical<a name=\"insurance-plan-cost-category-medical\"> </a></td><td>Medical</td></tr><tr><td style=\"white-space:nowrap\">other<a name=\"insurance-plan-cost-category-other\"> </a></td><td>Other</td></tr><tr><td style=\"white-space:nowrap\">dental<a name=\"insurance-plan-cost-category-dental\"> </a></td><td>Dental</td></tr><tr><td style=\"white-space:nowrap\">mental<a name=\"insurance-plan-cost-category-mental\"> </a></td><td>Mental</td></tr><tr><td style=\"white-space:nowrap\">subst-ab<a name=\"insurance-plan-cost-category-subst-ab\"> </a></td><td>Substance Abuse</td></tr><tr><td style=\"white-space:nowrap\">vision<a name=\"insurance-plan-cost-category-vision\"> </a></td><td>Vision</td></tr><tr><td style=\"white-space:nowrap\">short-term<a name=\"insurance-plan-cost-category-short-term\"> </a></td><td>Short Term Disability</td></tr><tr><td style=\"white-space:nowrap\">long-term<a name=\"insurance-plan-cost-category-long-term\"> </a></td><td>Long Term Disability</td></tr><tr><td style=\"white-space:nowrap\">hospice<a name=\"insurance-plan-cost-category-hospice\"> </a></td><td>Hospice</td></tr><tr><td style=\"white-space:nowrap\">home<a name=\"insurance-plan-cost-category-home\"> </a></td><td>Home Health</td></tr><tr><td style=\"white-space:nowrap\">hearing<a name=\"insurance-plan-cost-category-hearing\"> </a></td><td>Hearing</td></tr><tr><td style=\"white-space:nowrap\">lifeins<a name=\"insurance-plan-cost-category-lifeins\"> </a></td><td>Life Insurance</td></tr></table></div>"},"url":"http://ibm.com/fhir/cdm/CodeSystem/insurance-plan-cost-category","version":"0.1.1","name":"InsurancePlanCostCategoryCodeSystem","title":"Insurance Plan Cost Category Codes","status":"active","date":"2021-07-23T19:33:42+00:00","contact":[{"name":"Kim Kenna","telecom":[{"system":"email","value":"sloand@us.ibm.com"}]},{"name":"Tom Eggebraaten","telecom":[{"system":"email","value":"tegge@us.ibm.com"}]}],"description":"The codes that indicates the specific benefit categories a member may have (medical, dental, vision, etc) based on benefit election.","content":"complete","count":13,"concept":[{"code":"drug","display":"Drug"},{"code":"medical","display":"Medical"},{"code":"other","display":"Other"},{"code":"dental","display":"Dental"},{"code":"mental","display":"Mental"},{"code":"subst-ab","display":"Substance Abuse"},{"code":"vision","display":"Vision"},{"code":"short-term","display":"Short Term Disability"},{"code":"long-term","display":"Long Term Disability"},{"code":"hospice","display":"Hospice"},{"code":"home","display":"Home Health"},{"code":"hearing","display":"Hearing"},{"code":"lifeins","display":"Life Insurance"}]}