{"resourceType":"ValueSet","id":"wh-payer-job-title-code","text":{"status":"generated","div":"<div xmlns=\"http://www.w3.org/1999/xhtml\"><p>This value set includes codes based on the following rules:</p><ul><li>Include all codes defined in <code>https://terminology.hl7.org/NamingSystem-soc.html</code></li><li>Include all codes defined in <a href=\"CodeSystem-wh-payer-subscriber-relationship.html\"><code>http://ibm.com/fhir/cdm/CodeSystem/wh-payer-subscriber-relationship</code></a></li></ul></div>"},"url":"http://ibm.com/fhir/cdm/ValueSet/wh-payer-job-title-code","version":"0.1.1","name":"WhPayerJobTitleValueSet","title":"Health Data Connect Job Title Value Set","status":"active","date":"2021-07-27T16:04:15+00:00","contact":[{"name":"Kim Kenna","telecom":[{"system":"email","value":"sloand@us.ibm.com"}]},{"name":"Tom Eggebraaten","telecom":[{"system":"email","value":"tegge@us.ibm.com"}]}],"description":"IBM® Health Data Connect value set for the job title, based on Bureau of Labor Statistics, Standard Occupational Classification (SOC) system.","compose":{"include":[{"system":"https://terminology.hl7.org/NamingSystem-soc.html"},{"system":"http://ibm.com/fhir/cdm/CodeSystem/wh-payer-subscriber-relationship"}]}}