{"resourceType":"ValueSet","id":"insurance-plan-type","text":{"status":"generated","div":"<div xmlns=\"http://www.w3.org/1999/xhtml\"><p>This value set includes codes based on the following rules:</p><ul><li>Include all codes defined in <a href=\"http://terminology.hl7.org/2.1.0/CodeSystem-insurance-plan-type.html\"><code>http://terminology.hl7.org/CodeSystem/insurance-plan-type</code></a></li><li>Include all codes defined in <a href=\"CodeSystem-insurance-plan-type.html\"><code>http://ibm.com/fhir/cdm/CodeSystem/insurance-plan-type</code></a></li></ul></div>"},"url":"http://ibm.com/fhir/cdm/ValueSet/insurance-plan-type","version":"0.1.1","name":"InsurancePlanTypeValueSet","title":"Insurance Plan Type Value Set","status":"active","date":"2021-07-27T16:04:15+00:00","contact":[{"name":"Kim Kenna","telecom":[{"system":"email","value":"sloand@us.ibm.com"}]},{"name":"Tom Eggebraaten","telecom":[{"system":"email","value":"tegge@us.ibm.com"}]}],"description":"The value set that indicates the specific benefit categories a member may have (medical, dental, vision, etc) based on benefit election.","compose":{"include":[{"system":"http://terminology.hl7.org/CodeSystem/insurance-plan-type"},{"system":"http://ibm.com/fhir/cdm/CodeSystem/insurance-plan-type"}]}}