{"resourceType":"ValueSet","id":"measure-population-type","text":{"status":"generated","div":"<div xmlns=\"http://www.w3.org/1999/xhtml\"><p>This value set includes codes based on the following rules:</p><ul><li>Include all codes defined in <a href=\"http://terminology.hl7.org/2.1.0/CodeSystem-measure-population.html\"><code>http://terminology.hl7.org/CodeSystem/measure-population</code></a></li><li>Include all codes defined in <a href=\"CodeSystem-measure-population-type.html\"><code>http://ibm.com/fhir/cdm/CodeSystem/measure-population-type</code></a></li></ul></div>"},"url":"http://ibm.com/fhir/cdm/ValueSet/measure-population-type","version":"0.1.1","name":"MeasurePopulationTypeValueSet","title":"Measure Population Type Value Set","status":"active","date":"2021-07-23T19:33:42+00:00","contact":[{"name":"Kim Kenna","telecom":[{"system":"email","value":"sloand@us.ibm.com"}]},{"name":"Tom Eggebraaten","telecom":[{"system":"email","value":"tegge@us.ibm.com"}]}],"description":"IBM Watson Health measure population types","compose":{"include":[{"system":"http://terminology.hl7.org/CodeSystem/measure-population"},{"system":"http://ibm.com/fhir/cdm/CodeSystem/measure-population-type"}]}}