<?xml version="1.0" encoding="UTF-8"?><CodeSystem xmlns="http://hl7.org/fhir"><id value="rx-mail-or-retail"/><text><status value="generated"/><div xmlns="http://www.w3.org/1999/xhtml"><p>This code system http://ibm.com/fhir/cdm/CodeSystem/rx-mail-or-retail defines the following codes:</p><table class="codes"><tr><td style="white-space:nowrap"><b>Code</b></td><td><b>Display</b></td><td><b>Definition</b></td></tr><tr><td style="white-space:nowrap">m<a name="rx-mail-or-retail-m"> </a></td><td>Mail Order</td><td>Mail Order</td></tr><tr><td style="white-space:nowrap">r<a name="rx-mail-or-retail-r"> </a></td><td>Retail</td><td>Retail</td></tr></table></div></text><url value="http://ibm.com/fhir/cdm/CodeSystem/rx-mail-or-retail"/><version value="0.1.0"/><name value="RxMailOrRetailCodeSystem"/><title value="Rx Mail Or Retail Codes"/><status value="active"/><date value="2021-06-15T15:17:59-05:00"/><contact><name value="Kim Kenna"/><telecom><system value="email"/><value value="sloand@us.ibm.com"/></telecom></contact><contact><name value="Tom Eggebraaten"/><telecom><system value="email"/><value value="tegge@us.ibm.com"/></telecom></contact><description value="IBM&#xAE; Health Data Connect standard codes indicating the purchase place of the prescription."/><content value="complete"/><count value="2"/><concept><code value="m"/><display value="Mail Order"/><definition value="Mail Order"/></concept><concept><code value="r"/><display value="Retail"/><definition value="Retail"/></concept></CodeSystem>