<?xml version="1.0" encoding="UTF-8"?><CodeSystem xmlns="http://hl7.org/fhir"><id value="ncpdp-dispense-as-written"/><text><status value="generated"/><div xmlns="http://www.w3.org/1999/xhtml"><p>This code system http://ibm.com/fhir/cdm/CodeSystem/ncpdp-dispense-as-written defines the following codes:</p><table class="codes"><tr><td style="white-space:nowrap"><b>Code</b></td><td><b>Display</b></td><td><b>Definition</b></td></tr><tr><td style="white-space:nowrap">0<a name="ncpdp-dispense-as-written-0"> </a></td><td>0</td><td>No Product Selection Indicated</td></tr><tr><td style="white-space:nowrap">1<a name="ncpdp-dispense-as-written-1"> </a></td><td>1</td><td>Prescriber Required (no sub)</td></tr><tr><td style="white-space:nowrap">2<a name="ncpdp-dispense-as-written-2"> </a></td><td>2</td><td>Patient Requested Product</td></tr><tr><td style="white-space:nowrap">3<a name="ncpdp-dispense-as-written-3"> </a></td><td>3</td><td>Pharmacist Selected Product</td></tr><tr><td style="white-space:nowrap">4<a name="ncpdp-dispense-as-written-4"> </a></td><td>4</td><td>Generic Drug Not in Stock</td></tr><tr><td style="white-space:nowrap">5<a name="ncpdp-dispense-as-written-5"> </a></td><td>5</td><td>Brand Dispensed as Generic</td></tr><tr><td style="white-space:nowrap">6<a name="ncpdp-dispense-as-written-6"> </a></td><td>6</td><td>Override</td></tr><tr><td style="white-space:nowrap">7<a name="ncpdp-dispense-as-written-7"> </a></td><td>7</td><td>Brand Mandated by Law (no sub)</td></tr><tr><td style="white-space:nowrap">8<a name="ncpdp-dispense-as-written-8"> </a></td><td>8</td><td>Generic Not Available</td></tr><tr><td style="white-space:nowrap">9<a name="ncpdp-dispense-as-written-9"> </a></td><td>9</td><td>Other</td></tr></table></div></text><url value="http://ibm.com/fhir/cdm/CodeSystem/ncpdp-dispense-as-written"/><version value="0.1.0"/><name value="NCPDPDispenseAsWrittenCodeSystem"/><title value="NCPDP Dispense As Written Codes"/><status value="active"/><date value="2021-06-15T15:17:59-05:00"/><contact><name value="Kim Kenna"/><telecom><system value="email"/><value value="sloand@us.ibm.com"/></telecom></contact><contact><name value="Tom Eggebraaten"/><telecom><system value="email"/><value value="tegge@us.ibm.com"/></telecom></contact><description value="The NCPDP industry standard description of how the product was dispensed."/><content value="complete"/><count value="10"/><concept><code value="0"/><display value="0"/><definition value="No Product Selection Indicated"/></concept><concept><code value="1"/><display value="1"/><definition value="Prescriber Required (no sub)"/></concept><concept><code value="2"/><display value="2"/><definition value="Patient Requested Product"/></concept><concept><code value="3"/><display value="3"/><definition value="Pharmacist Selected Product"/></concept><concept><code value="4"/><display value="4"/><definition value="Generic Drug Not in Stock"/></concept><concept><code value="5"/><display value="5"/><definition value="Brand Dispensed as Generic"/></concept><concept><code value="6"/><display value="6"/><definition value="Override"/></concept><concept><code value="7"/><display value="7"/><definition value="Brand Mandated by Law (no sub)"/></concept><concept><code value="8"/><display value="8"/><definition value="Generic Not Available"/></concept><concept><code value="9"/><display value="9"/><definition value="Other"/></concept></CodeSystem>