<?xml version="1.0" encoding="UTF-8"?>

<ValueSet xmlns="http://hl7.org/fhir">
  <id value="er-or-observation-room-service"/>
  <text>
    <status value="generated"/><div xmlns="http://www.w3.org/1999/xhtml"><ul><li>Include all codes defined in <a href="CodeSystem-er-or-observation-room-service.html"><code>http://ibm.com/fhir/cdm/CodeSystem/er-or-observation-room-service</code></a></li></ul></div>
  </text>
  <url value="http://ibm.com/fhir/cdm/ValueSet/er-or-observation-room-service"/>
  <version value="3.0.0"/>
  <name value="ErOrObservationRoomServiceValueSet"/>
  <title value="Er Or Observation Room Service Value Set"/>
  <status value="active"/>
  <date value="2021-10-07T14:44:30+00:00"/>
  <contact>
    <name value="Kim Kenna"/>
    <telecom>
      <system value="email"/>
      <value value="sloand@us.ibm.com"/>
    </telecom>
  </contact>
  <contact>
    <name value="Tom Eggebraaten"/>
    <telecom>
      <system value="email"/>
      <value value="tegge@us.ibm.com"/>
    </telecom>
  </contact>
  <description value="Er Or Observation Room Service value set for claims"/>
  <compose>
    <include>
      <system value="http://ibm.com/fhir/cdm/CodeSystem/er-or-observation-room-service"/>
    </include>
  </compose>
</ValueSet>