<?xml version="1.0" encoding="UTF-8"?>

<ValueSet xmlns="http://hl7.org/fhir">
  <id value="wh-payer-major-diagnostic-category"/>
  <text>
    <status value="generated"/><div xmlns="http://www.w3.org/1999/xhtml"><ul><li>Include all codes defined in <a href="CodeSystem-wh-payer-major-diagnostic-category.html"><code>http://ibm.com/fhir/cdm/CodeSystem/wh-payer-major-diagnostic-category</code></a></li></ul></div>
  </text>
  <url value="http://ibm.com/fhir/cdm/ValueSet/wh-payer-major-diagnostic-category"/>
  <version value="3.0.0"/>
  <name value="WHPayerMajorDiagnosticCategoryValueSet"/>
  <title value="Major Diagnostic Category Value Set"/>
  <status value="active"/>
  <date value="2021-10-07T14:44:30+00:00"/>
  <contact>
    <name value="Kim Kenna"/>
    <telecom>
      <system value="email"/>
      <value value="sloand@us.ibm.com"/>
    </telecom>
  </contact>
  <contact>
    <name value="Tom Eggebraaten"/>
    <telecom>
      <system value="email"/>
      <value value="tegge@us.ibm.com"/>
    </telecom>
  </contact>
  <description value="IBM® Health Data Connect standard value set containing major diagnostic category codes"/>
  <compose>
    <include>
      <system value="http://ibm.com/fhir/cdm/CodeSystem/wh-payer-major-diagnostic-category"/>
    </include>
  </compose>
</ValueSet>