{
  "resourceType": "MeasureReport",
  "id": "QualityMeasurePractitionerReportExample",
  "meta": {
    "extension": [
      {
        "url": "http://ibm.com/fhir/cdm/StructureDefinition/tenant-id",
        "valueString": "99999"
      },
      {
        "url": "http://ibm.com/fhir/cdm/StructureDefinition/ingestion-batch-id",
        "valueString": "b069a545-9506-40c6-8498-23de2e189143"
      },
      {
        "url": "http://ibm.com/fhir/cdm/StructureDefinition/process-organization",
        "valueString": "IBM"
      },
      {
        "url": "http://ibm.com/fhir/cdm/StructureDefinition/process-type",
        "valueString": "Cohorting"
      },
      {
        "url": "http://ibm.com/fhir/cdm/StructureDefinition/process-name",
        "valueString": "Powersearch"
      },
      {
        "url": "http://ibm.com/fhir/cdm/StructureDefinition/process-version",
        "valueString": "1.0"
      },
      {
        "url": "http://ibm.com/fhir/cdm/StructureDefinition/process-timestamp",
        "valueDateTime": "2020-02-12T02:01:00Z"
      }
    ],
    "source": "http://ibm.com/fhir/measure-cohort",
    "profile": [
      "http://ibm.com/fhir/cdm/StructureDefinition/quality-measure-report-practitioner"
    ],
    "tag": [
      {
        "system": "http://ibm.com/fhir/cdm/CodeSystem/process-meta-source-classification",
        "code": "derived"
      }
    ]
  },
  "text": {
    "status": "extensions",
    "div": "<div xmlns=\"http://www.w3.org/1999/xhtml\"><p><b>Generated Narrative</b></p><p><b>MeasureParameterValue</b>: </p><p><b style=\"color: maroon\">Exception generating Narrative: type org.hl7.fhir.r5.model.ParameterDefinition not handled - should not be here</b></p></div>"
  },
  "extension": [
    {
      "url": "http://ibm.com/fhir/cdm/StructureDefinition/measure-parameter-value",
      "valueParameterDefinition": {
        "extension": [
          {
            "url": "http://ibm.com/fhir/cdm/StructureDefinition/parameter-value",
            "valuePeriod": {
              "start": "2019-02-13",
              "end": "2020-02-12"
            }
          }
        ],
        "name": "measurePeriod",
        "use": "out",
        "type": "Period"
      }
    },
    {
      "url": "http://ibm.com/fhir/cdm/StructureDefinition/measure-parameter-value",
      "valueParameterDefinition": {
        "extension": [
          {
            "url": "http://ibm.com/fhir/cdm/StructureDefinition/parameter-value",
            "valueString": "HbA1c Testing"
          }
        ],
        "name": "complianceDisplayName",
        "use": "out",
        "type": "string"
      }
    },
    {
      "url": "http://ibm.com/fhir/cdm/StructureDefinition/measure-parameter-value",
      "valueParameterDefinition": {
        "extension": [
          {
            "url": "http://ibm.com/fhir/cdm/StructureDefinition/parameter-value",
            "valueString": "Once yearly"
          }
        ],
        "name": "complianceFrequency",
        "use": "out",
        "type": "string"
      }
    }
  ],
  "identifier": [
    {
      "type": {
        "coding": [
          {
            "system": "http://terminology.hl7.org/CodeSystem/v2-0203",
            "code": "RI"
          }
        ]
      },
      "system": "http://ibm.com/fhir/cdm/quality-measure-report",
      "value": "36864f66-df3a-47c0-92e2-e8ec2e46eedb",
      "assigner": {
        "display": "IBM"
      }
    }
  ],
  "status": "complete",
  "type": "subject-list",
  "measure": "Measure-QualityMeasureExample.html",
  "subject": {
    "reference": "PractitionerRole/CDMPractitionerRole-Attributed-PCP"
  },
  "date": "2020-03-01T03:00:00Z",
  "reporter": {
    "reference": "Organization/IBM"
  },
  "period": {
    "start": "2020-01-01",
    "end": "2020-12-31"
  },
  "improvementNotation": {
    "coding": [
      {
        "system": "http://terminology.hl7.org/CodeSystem/measure-improvement-notation",
        "code": "increase"
      }
    ]
  },
  "group": [
    {
      "population": [
        {
          "id": "dm-hba1c-initial-pop",
          "code": {
            "coding": [
              {
                "system": "http://terminology.hl7.org/CodeSystem/measure-population",
                "code": "initial-population"
              }
            ]
          },
          "count": 22,
          "subjectResults": {
            "reference": "List/DenominatorPatientList"
          }
        },
        {
          "id": "dm-hba1c-den",
          "code": {
            "coding": [
              {
                "system": "http://terminology.hl7.org/CodeSystem/measure-population",
                "code": "denominator"
              }
            ]
          },
          "count": 20,
          "subjectResults": {
            "reference": "List/DenominatorPatientList"
          }
        },
        {
          "id": "dm-hba1c-num",
          "code": {
            "coding": [
              {
                "system": "http://terminology.hl7.org/CodeSystem/measure-population",
                "code": "numerator"
              }
            ]
          },
          "count": 16,
          "subjectResults": {
            "reference": "List/NumeratorPatientList"
          }
        },
        {
          "id": "dm-hba1c-caregap-controlled",
          "code": {
            "coding": [
              {
                "system": "http://ibm.com/fhir/cdm/CodeSystem/measure-population-type",
                "code": "care-gap"
              }
            ]
          },
          "count": 3,
          "subjectResults": {
            "reference": "List/ControlledCareGapPatientList"
          }
        },
        {
          "id": "dm-hba1c-caregap-poor-control",
          "code": {
            "coding": [
              {
                "system": "http://ibm.com/fhir/cdm/CodeSystem/measure-population-type",
                "code": "care-gap"
              }
            ]
          },
          "count": 1,
          "subjectResults": {
            "reference": "List/PoorControlCareGapPatientList"
          }
        }
      ]
    }
  ]
}