{
  "resourceType": "ValueSet",
  "id": "patient-status",
  "text": {
    "status": "generated",
    "div": "<div xmlns=\"http://www.w3.org/1999/xhtml\"><p>This value set includes codes based on the following rules:</p><ul><li>Include all codes defined in <code>http://terminology.hl7.org/ValueSet/v3-PatientImportance</code></li><li>Include all codes defined in <a href=\"CodeSystem-patient-status.html\"><code>http://ibm.com/fhir/cdm/CodeSystem/patient-status</code></a></li></ul></div>"
  },
  "url": "http://ibm.com/fhir/cdm/ValueSet/patient-status",
  "version": "4.0.0",
  "name": "PatientStatusValueSet",
  "title": "Patient Status Value Set",
  "status": "active",
  "date": "2021-10-26T02:43:06+00:00",
  "contact": [
    {
      "name": "Kim Kenna",
      "telecom": [
        {
          "system": "email",
          "value": "sloand@us.ibm.com"
        }
      ]
    },
    {
      "name": "Tom Eggebraaten",
      "telecom": [
        {
          "system": "email",
          "value": "tegge@us.ibm.com"
        }
      ]
    }
  ],
  "description": "Examples of customer-specific patient status codes",
  "compose": {
    "include": [
      {
        "system": "http://terminology.hl7.org/ValueSet/v3-PatientImportance"
      },
      {
        "system": "http://ibm.com/fhir/cdm/CodeSystem/patient-status"
      }
    ]
  }
}