{
  "resourceType": "ValueSet",
  "id": "ub04-admit-type",
  "text": {
    "status": "generated",
    "div": "<div xmlns=\"http://www.w3.org/1999/xhtml\"><ul><li>Include all codes defined in <a href=\"CodeSystem-ub04-admit-type.html\"><code>http://ibm.com/fhir/cdm/CodeSystem/ub04-admit-type</code></a></li></ul></div>"
  },
  "url": "http://ibm.com/fhir/cdm/ValueSet/ub04-admit-type",
  "version": "4.0.0",
  "name": "Ub04AdmitTypeValueSet",
  "title": "UB04 Admit Type Value Set",
  "status": "active",
  "date": "2021-10-18T17:51:29+00:00",
  "contact": [
    {
      "name": "Kim Kenna",
      "telecom": [
        {
          "system": "email",
          "value": "sloand@us.ibm.com"
        }
      ]
    },
    {
      "name": "Tom Eggebraaten",
      "telecom": [
        {
          "system": "email",
          "value": "tegge@us.ibm.com"
        }
      ]
    }
  ],
  "description": "Value set for the UB04 admission type",
  "compose": {
    "include": [
      {
        "system": "http://ibm.com/fhir/cdm/CodeSystem/ub04-admit-type"
      }
    ]
  }
}