{
  "resourceType": "ValueSet",
  "id": "ada-tooth-quadrant",
  "text": {
    "status": "generated",
    "div": "<div xmlns=\"http://www.w3.org/1999/xhtml\"><ul><li>Include all codes defined in <a href=\"CodeSystem-ada-tooth-quadrant.html\"><code>http://ibm.com/fhir/cdm/CodeSystem/ada-tooth-quadrant</code></a></li></ul></div>"
  },
  "url": "http://ibm.com/fhir/cdm/ValueSet/ada-tooth-quadrant",
  "version": "4.0.0",
  "name": "ADAToothQuadrantValueSet",
  "title": "American Dental Association Tooth Quadrant Value Set",
  "status": "active",
  "date": "2021-10-18T17:51:29+00:00",
  "contact": [
    {
      "name": "Kim Kenna",
      "telecom": [
        {
          "system": "email",
          "value": "sloand@us.ibm.com"
        }
      ]
    },
    {
      "name": "Tom Eggebraaten",
      "telecom": [
        {
          "system": "email",
          "value": "tegge@us.ibm.com"
        }
      ]
    }
  ],
  "description": "Value set that defines a tooth quadrant",
  "compose": {
    "include": [
      {
        "system": "http://ibm.com/fhir/cdm/CodeSystem/ada-tooth-quadrant"
      }
    ]
  }
}