{
  "resourceType": "CodeSystem",
  "id": "wh-payer-procedure-group",
  "text": {
    "status": "generated",
    "div": "<div xmlns=\"http://www.w3.org/1999/xhtml\"><p>This code system http://ibm.com/fhir/cdm/CodeSystem/wh-payer-procedure-group defines the following codes:</p><table class=\"codes\"><tr><td style=\"white-space:nowrap\"><b>Code</b></td><td><b>Display</b></td><td><b>Definition</b></td></tr><tr><td style=\"white-space:nowrap\">1<a name=\"wh-payer-procedure-group-1\"> </a></td><td>Incision &amp; drainage of cyst</td><td>Incision &amp; drainage of cyst</td></tr><tr><td style=\"white-space:nowrap\">2<a name=\"wh-payer-procedure-group-2\"> </a></td><td>Acne surgery</td><td>Acne surgery</td></tr><tr><td style=\"white-space:nowrap\">3<a name=\"wh-payer-procedure-group-3\"> </a></td><td>Nail debridement/avulsion</td><td>Nail debridement/avulsion</td></tr><tr><td style=\"white-space:nowrap\">4<a name=\"wh-payer-procedure-group-4\"> </a></td><td>Skin lesion injection</td><td>Skin lesion injection</td></tr><tr><td style=\"white-space:nowrap\">5<a name=\"wh-payer-procedure-group-5\"> </a></td><td>Destruction, facial lesion</td><td>Destruction, facial lesion</td></tr><tr><td style=\"white-space:nowrap\">6<a name=\"wh-payer-procedure-group-6\"> </a></td><td>Destruction, non-facial lesion</td><td>Destruction, non-facial lesion</td></tr><tr><td style=\"white-space:nowrap\">7<a name=\"wh-payer-procedure-group-7\"> </a></td><td>Destruction of warts</td><td>Destruction of warts</td></tr><tr><td style=\"white-space:nowrap\">8<a name=\"wh-payer-procedure-group-8\"> </a></td><td>Excision of breast tissue</td><td>Excision of breast tissue</td></tr><tr><td style=\"white-space:nowrap\">9<a name=\"wh-payer-procedure-group-9\"> </a></td><td>Other minor skin &amp; breast surgery</td><td>Other minor skin &amp; breast surgery</td></tr><tr><td style=\"white-space:nowrap\">10<a name=\"wh-payer-procedure-group-10\"> </a></td><td>Arthrocentesis, sm/med joint</td><td>Arthrocentesis, sm/med joint</td></tr><tr><td style=\"white-space:nowrap\">11<a name=\"wh-payer-procedure-group-11\"> </a></td><td>Arthrocentesis, large joint</td><td>Arthrocentesis, large joint</td></tr><tr><td style=\"white-space:nowrap\">12<a name=\"wh-payer-procedure-group-12\"> </a></td><td>Other major skin surgery</td><td>Other major skin surgery</td></tr><tr><td style=\"white-space:nowrap\">13<a name=\"wh-payer-procedure-group-13\"> </a></td><td>Other major breast surgery</td><td>Other major breast surgery</td></tr><tr><td style=\"white-space:nowrap\">14<a name=\"wh-payer-procedure-group-14\"> </a></td><td>Other major musculoskeletal surgery</td><td>Other major musculoskeletal surgery</td></tr><tr><td style=\"white-space:nowrap\">15<a name=\"wh-payer-procedure-group-15\"> </a></td><td>Other minor musculoskeletal surgery</td><td>Other minor musculoskeletal surgery</td></tr><tr><td style=\"white-space:nowrap\">16<a name=\"wh-payer-procedure-group-16\"> </a></td><td>Bronchoscopy</td><td>Bronchoscopy</td></tr><tr><td style=\"white-space:nowrap\">17<a name=\"wh-payer-procedure-group-17\"> </a></td><td>Laryngoscopy</td><td>Laryngoscopy</td></tr><tr><td style=\"white-space:nowrap\">19<a name=\"wh-payer-procedure-group-19\"> </a></td><td>Other minor respiratory procedures</td><td>Other minor respiratory procedures</td></tr><tr><td style=\"white-space:nowrap\">20<a name=\"wh-payer-procedure-group-20\"> </a></td><td>Other major respiratory procedures</td><td>Other major respiratory procedures</td></tr><tr><td style=\"white-space:nowrap\">31<a name=\"wh-payer-procedure-group-31\"> </a></td><td>Venipuncture (draw blood)</td><td>Venipuncture (draw blood)</td></tr><tr><td style=\"white-space:nowrap\">38<a name=\"wh-payer-procedure-group-38\"> </a></td><td>Other minor cardiovascular procedures</td><td>Other minor cardiovascular procedures</td></tr><tr><td style=\"white-space:nowrap\">39<a name=\"wh-payer-procedure-group-39\"> </a></td><td>Other major cardiovascular procedures</td><td>Other major cardiovascular procedures</td></tr><tr><td style=\"white-space:nowrap\">44<a name=\"wh-payer-procedure-group-44\"> </a></td><td>Minor hemic &amp; lymphatic procedures</td><td>Minor hemic &amp; lymphatic procedures</td></tr><tr><td style=\"white-space:nowrap\">45<a name=\"wh-payer-procedure-group-45\"> </a></td><td>Major hemic &amp; lymphatic procedures</td><td>Major hemic &amp; lymphatic procedures</td></tr><tr><td style=\"white-space:nowrap\">46<a name=\"wh-payer-procedure-group-46\"> </a></td><td>Upper GI endoscopy</td><td>Upper GI endoscopy</td></tr><tr><td style=\"white-space:nowrap\">47<a name=\"wh-payer-procedure-group-47\"> </a></td><td>Repair of inguinal hernia</td><td>Repair of inguinal hernia</td></tr><tr><td style=\"white-space:nowrap\">48<a name=\"wh-payer-procedure-group-48\"> </a></td><td>Colonoscopy</td><td>Colonoscopy</td></tr><tr><td style=\"white-space:nowrap\">49<a name=\"wh-payer-procedure-group-49\"> </a></td><td>Other major digestive procedures</td><td>Other major digestive procedures</td></tr><tr><td style=\"white-space:nowrap\">50<a name=\"wh-payer-procedure-group-50\"> </a></td><td>Other minor digestive procedures</td><td>Other minor digestive procedures</td></tr><tr><td style=\"white-space:nowrap\">51<a name=\"wh-payer-procedure-group-51\"> </a></td><td>Cystourethroscopy</td><td>Cystourethroscopy</td></tr><tr><td style=\"white-space:nowrap\">52<a name=\"wh-payer-procedure-group-52\"> </a></td><td>Transurethral surgery</td><td>Transurethral surgery</td></tr><tr><td style=\"white-space:nowrap\">54<a name=\"wh-payer-procedure-group-54\"> </a></td><td>Other minor urinary procedures</td><td>Other minor urinary procedures</td></tr><tr><td style=\"white-space:nowrap\">55<a name=\"wh-payer-procedure-group-55\"> </a></td><td>Other major urinary procedures</td><td>Other major urinary procedures</td></tr><tr><td style=\"white-space:nowrap\">58<a name=\"wh-payer-procedure-group-58\"> </a></td><td>Minor male genital procedures</td><td>Minor male genital procedures</td></tr><tr><td style=\"white-space:nowrap\">59<a name=\"wh-payer-procedure-group-59\"> </a></td><td>Major male genital procedures</td><td>Major male genital procedures</td></tr><tr><td style=\"white-space:nowrap\">61<a name=\"wh-payer-procedure-group-61\"> </a></td><td>Colposcopy</td><td>Colposcopy</td></tr><tr><td style=\"white-space:nowrap\">62<a name=\"wh-payer-procedure-group-62\"> </a></td><td>Dilation &amp; currettage</td><td>Dilation &amp; currettage</td></tr><tr><td style=\"white-space:nowrap\">63<a name=\"wh-payer-procedure-group-63\"> </a></td><td>Laparoscopy, hysteroscopy</td><td>Laparoscopy, hysteroscopy</td></tr><tr><td style=\"white-space:nowrap\">64<a name=\"wh-payer-procedure-group-64\"> </a></td><td>Minor female genital procedures</td><td>Minor female genital procedures</td></tr><tr><td style=\"white-space:nowrap\">65<a name=\"wh-payer-procedure-group-65\"> </a></td><td>Major female genital procedures</td><td>Major female genital procedures</td></tr><tr><td style=\"white-space:nowrap\">66<a name=\"wh-payer-procedure-group-66\"> </a></td><td>Decompression, carpal tunnel</td><td>Decompression, carpal tunnel</td></tr><tr><td style=\"white-space:nowrap\">68<a name=\"wh-payer-procedure-group-68\"> </a></td><td>Minor endocrine system procedures</td><td>Minor endocrine system procedures</td></tr><tr><td style=\"white-space:nowrap\">69<a name=\"wh-payer-procedure-group-69\"> </a></td><td>Major endocrine system procedures</td><td>Major endocrine system procedures</td></tr><tr><td style=\"white-space:nowrap\">74<a name=\"wh-payer-procedure-group-74\"> </a></td><td>Minor nervous system procedures</td><td>Minor nervous system procedures</td></tr><tr><td style=\"white-space:nowrap\">75<a name=\"wh-payer-procedure-group-75\"> </a></td><td>Major nervous system procedures</td><td>Major nervous system procedures</td></tr><tr><td style=\"white-space:nowrap\">76<a name=\"wh-payer-procedure-group-76\"> </a></td><td>Cataract removal</td><td>Cataract removal</td></tr><tr><td style=\"white-space:nowrap\">84<a name=\"wh-payer-procedure-group-84\"> </a></td><td>Other minor eye/ocular procedures</td><td>Other minor eye/ocular procedures</td></tr><tr><td style=\"white-space:nowrap\">85<a name=\"wh-payer-procedure-group-85\"> </a></td><td>Other major eye/ocular procedures</td><td>Other major eye/ocular procedures</td></tr><tr><td style=\"white-space:nowrap\">94<a name=\"wh-payer-procedure-group-94\"> </a></td><td>Other minor ear/auditory procedures</td><td>Other minor ear/auditory procedures</td></tr><tr><td style=\"white-space:nowrap\">95<a name=\"wh-payer-procedure-group-95\"> </a></td><td>Other major ear/auditory procedures</td><td>Other major ear/auditory procedures</td></tr><tr><td style=\"white-space:nowrap\">98<a name=\"wh-payer-procedure-group-98\"> </a></td><td>Other minor surgery procedures</td><td>Other minor surgery procedures</td></tr><tr><td style=\"white-space:nowrap\">99<a name=\"wh-payer-procedure-group-99\"> </a></td><td>Other major surgery procedures</td><td>Other major surgery procedures</td></tr><tr><td style=\"white-space:nowrap\">101<a name=\"wh-payer-procedure-group-101\"> </a></td><td>Office visits, new patient</td><td>Office visits, new patient</td></tr><tr><td style=\"white-space:nowrap\">104<a name=\"wh-payer-procedure-group-104\"> </a></td><td>Office visits, established patient</td><td>Office visits, established patient</td></tr><tr><td style=\"white-space:nowrap\">109<a name=\"wh-payer-procedure-group-109\"> </a></td><td>Office visits, other</td><td>Office visits, other</td></tr><tr><td style=\"white-space:nowrap\">110<a name=\"wh-payer-procedure-group-110\"> </a></td><td>Office visits, emergency</td><td>Office visits, emergency</td></tr><tr><td style=\"white-space:nowrap\">111<a name=\"wh-payer-procedure-group-111\"> </a></td><td>Emergency department visits</td><td>Emergency department visits</td></tr><tr><td style=\"white-space:nowrap\">113<a name=\"wh-payer-procedure-group-113\"> </a></td><td>Physician telephone/online visits</td><td>Physician telephone/online visits</td></tr><tr><td style=\"white-space:nowrap\">114<a name=\"wh-payer-procedure-group-114\"> </a></td><td>ER visits, other</td><td>ER visits, other</td></tr><tr><td style=\"white-space:nowrap\">115<a name=\"wh-payer-procedure-group-115\"> </a></td><td>Preventive care visits</td><td>Preventive care visits</td></tr><tr><td style=\"white-space:nowrap\">116<a name=\"wh-payer-procedure-group-116\"> </a></td><td>Facility visits</td><td>Facility visits</td></tr><tr><td style=\"white-space:nowrap\">120<a name=\"wh-payer-procedure-group-120\"> </a></td><td>Outpatient consults</td><td>Outpatient consults</td></tr><tr><td style=\"white-space:nowrap\">121<a name=\"wh-payer-procedure-group-121\"> </a></td><td>Inpatient consults</td><td>Inpatient consults</td></tr><tr><td style=\"white-space:nowrap\">122<a name=\"wh-payer-procedure-group-122\"> </a></td><td>Other consults, location unspecified</td><td>Other consults, location unspecified</td></tr><tr><td style=\"white-space:nowrap\">124<a name=\"wh-payer-procedure-group-124\"> </a></td><td>Psychiatric diagnostic services</td><td>Psychiatric diagnostic services</td></tr><tr><td style=\"white-space:nowrap\">127<a name=\"wh-payer-procedure-group-127\"> </a></td><td>Specialty drugs other than chemotherapy</td><td>Specialty drugs other than chemotherapy</td></tr><tr><td style=\"white-space:nowrap\">128<a name=\"wh-payer-procedure-group-128\"> </a></td><td>Unlisted general med service</td><td>Unlisted general med service</td></tr><tr><td style=\"white-space:nowrap\">129<a name=\"wh-payer-procedure-group-129\"> </a></td><td>Other medical services</td><td>Other medical services</td></tr><tr><td style=\"white-space:nowrap\">130<a name=\"wh-payer-procedure-group-130\"> </a></td><td>Injections: immunizations</td><td>Injections: immunizations</td></tr><tr><td style=\"white-space:nowrap\">131<a name=\"wh-payer-procedure-group-131\"> </a></td><td>Injections: therapeutic/IV</td><td>Injections: therapeutic/IV</td></tr><tr><td style=\"white-space:nowrap\">132<a name=\"wh-payer-procedure-group-132\"> </a></td><td>Other injections/noninjectables</td><td>Other injections/noninjectables</td></tr><tr><td style=\"white-space:nowrap\">133<a name=\"wh-payer-procedure-group-133\"> </a></td><td>Other preventive medical services</td><td>Other preventive medical services</td></tr><tr><td style=\"white-space:nowrap\">135<a name=\"wh-payer-procedure-group-135\"> </a></td><td>Psychotherapy, individual</td><td>Psychotherapy, individual</td></tr><tr><td style=\"white-space:nowrap\">136<a name=\"wh-payer-procedure-group-136\"> </a></td><td>Psychotherapy, family</td><td>Psychotherapy, family</td></tr><tr><td style=\"white-space:nowrap\">137<a name=\"wh-payer-procedure-group-137\"> </a></td><td>Psychotherapy, group</td><td>Psychotherapy, group</td></tr><tr><td style=\"white-space:nowrap\">138<a name=\"wh-payer-procedure-group-138\"> </a></td><td>Psych advice, non-patient</td><td>Psych advice, non-patient</td></tr><tr><td style=\"white-space:nowrap\">139<a name=\"wh-payer-procedure-group-139\"> </a></td><td>Therapeutic psychiatric services</td><td>Therapeutic psychiatric services</td></tr><tr><td style=\"white-space:nowrap\">140<a name=\"wh-payer-procedure-group-140\"> </a></td><td>Dialysis</td><td>Dialysis</td></tr><tr><td style=\"white-space:nowrap\">143<a name=\"wh-payer-procedure-group-143\"> </a></td><td>Gastroenterology services (non-surgical)</td><td>Gastroenterology services (non-surgical)</td></tr><tr><td style=\"white-space:nowrap\">144<a name=\"wh-payer-procedure-group-144\"> </a></td><td>General eye exams</td><td>General eye exams</td></tr><tr><td style=\"white-space:nowrap\">145<a name=\"wh-payer-procedure-group-145\"> </a></td><td>General ophthalmology services</td><td>General ophthalmology services</td></tr><tr><td style=\"white-space:nowrap\">147<a name=\"wh-payer-procedure-group-147\"> </a></td><td>Ophthalmic diagnostic services</td><td>Ophthalmic diagnostic services</td></tr><tr><td style=\"white-space:nowrap\">148<a name=\"wh-payer-procedure-group-148\"> </a></td><td>ENT diagnostic services</td><td>ENT diagnostic services</td></tr><tr><td style=\"white-space:nowrap\">149<a name=\"wh-payer-procedure-group-149\"> </a></td><td>Speech/hearing therapy</td><td>Speech/hearing therapy</td></tr><tr><td style=\"white-space:nowrap\">150<a name=\"wh-payer-procedure-group-150\"> </a></td><td>Other ENT services (non-surgical)</td><td>Other ENT services (non-surgical)</td></tr><tr><td style=\"white-space:nowrap\">155<a name=\"wh-payer-procedure-group-155\"> </a></td><td>EKG</td><td>EKG</td></tr><tr><td style=\"white-space:nowrap\">156<a name=\"wh-payer-procedure-group-156\"> </a></td><td>EKG stress test</td><td>EKG stress test</td></tr><tr><td style=\"white-space:nowrap\">157<a name=\"wh-payer-procedure-group-157\"> </a></td><td>EKG monitoring</td><td>EKG monitoring</td></tr><tr><td style=\"white-space:nowrap\">158<a name=\"wh-payer-procedure-group-158\"> </a></td><td>PTCA- percutaneous angioplasty</td><td>PTCA- percutaneous angioplasty</td></tr><tr><td style=\"white-space:nowrap\">160<a name=\"wh-payer-procedure-group-160\"> </a></td><td>Echocardiogram</td><td>Echocardiogram</td></tr><tr><td style=\"white-space:nowrap\">161<a name=\"wh-payer-procedure-group-161\"> </a></td><td>Cardiac catheterization</td><td>Cardiac catheterization</td></tr><tr><td style=\"white-space:nowrap\">162<a name=\"wh-payer-procedure-group-162\"> </a></td><td>Dx radiology, other vascular</td><td>Dx radiology, other vascular</td></tr><tr><td style=\"white-space:nowrap\">163<a name=\"wh-payer-procedure-group-163\"> </a></td><td>Other cardiovascular procedures</td><td>Other cardiovascular procedures</td></tr><tr><td style=\"white-space:nowrap\">165<a name=\"wh-payer-procedure-group-165\"> </a></td><td>Non-invasive peripheral vascular studies</td><td>Non-invasive peripheral vascular studies</td></tr><tr><td style=\"white-space:nowrap\">166<a name=\"wh-payer-procedure-group-166\"> </a></td><td>Spirometry</td><td>Spirometry</td></tr><tr><td style=\"white-space:nowrap\">167<a name=\"wh-payer-procedure-group-167\"> </a></td><td>Bronchospasm evaluation</td><td>Bronchospasm evaluation</td></tr><tr><td style=\"white-space:nowrap\">168<a name=\"wh-payer-procedure-group-168\"> </a></td><td>Pulmonary function tests</td><td>Pulmonary function tests</td></tr><tr><td style=\"white-space:nowrap\">169<a name=\"wh-payer-procedure-group-169\"> </a></td><td>Other non-surgical pulmonary services</td><td>Other non-surgical pulmonary services</td></tr><tr><td style=\"white-space:nowrap\">170<a name=\"wh-payer-procedure-group-170\"> </a></td><td>Respiratory therapy</td><td>Respiratory therapy</td></tr><tr><td style=\"white-space:nowrap\">171<a name=\"wh-payer-procedure-group-171\"> </a></td><td>Allergy testing</td><td>Allergy testing</td></tr><tr><td style=\"white-space:nowrap\">172<a name=\"wh-payer-procedure-group-172\"> </a></td><td>Allergy therapy</td><td>Allergy therapy</td></tr><tr><td style=\"white-space:nowrap\">175<a name=\"wh-payer-procedure-group-175\"> </a></td><td>Nerve conduction tests/EMG</td><td>Nerve conduction tests/EMG</td></tr><tr><td style=\"white-space:nowrap\">176<a name=\"wh-payer-procedure-group-176\"> </a></td><td>Unlisted neurol Dx procedures</td><td>Unlisted neurol Dx procedures</td></tr><tr><td style=\"white-space:nowrap\">177<a name=\"wh-payer-procedure-group-177\"> </a></td><td>Other neurology dx services</td><td>Other neurology dx services</td></tr><tr><td style=\"white-space:nowrap\">180<a name=\"wh-payer-procedure-group-180\"> </a></td><td>Chemotherapy</td><td>Chemotherapy</td></tr><tr><td style=\"white-space:nowrap\">181<a name=\"wh-payer-procedure-group-181\"> </a></td><td>Physical medicine: hot/cold packs</td><td>Physical medicine: hot/cold packs</td></tr><tr><td style=\"white-space:nowrap\">182<a name=\"wh-payer-procedure-group-182\"> </a></td><td>Physical medicine: elec stimulation</td><td>Physical medicine: elec stimulation</td></tr><tr><td style=\"white-space:nowrap\">183<a name=\"wh-payer-procedure-group-183\"> </a></td><td>Physical medicine: other modes</td><td>Physical medicine: other modes</td></tr><tr><td style=\"white-space:nowrap\">184<a name=\"wh-payer-procedure-group-184\"> </a></td><td>Physical medicine: ultrasound</td><td>Physical medicine: ultrasound</td></tr><tr><td style=\"white-space:nowrap\">185<a name=\"wh-payer-procedure-group-185\"> </a></td><td>Physical medicine: manipulation</td><td>Physical medicine: manipulation</td></tr><tr><td style=\"white-space:nowrap\">186<a name=\"wh-payer-procedure-group-186\"> </a></td><td>Physical medicine: other procedures</td><td>Physical medicine: other procedures</td></tr><tr><td style=\"white-space:nowrap\">187<a name=\"wh-payer-procedure-group-187\"> </a></td><td>Physical medicine: testing</td><td>Physical medicine: testing</td></tr><tr><td style=\"white-space:nowrap\">189<a name=\"wh-payer-procedure-group-189\"> </a></td><td>Physical medicine: unlisted/other</td><td>Physical medicine: unlisted/other</td></tr><tr><td style=\"white-space:nowrap\">190<a name=\"wh-payer-procedure-group-190\"> </a></td><td>Case management services</td><td>Case management services</td></tr><tr><td style=\"white-space:nowrap\">191<a name=\"wh-payer-procedure-group-191\"> </a></td><td>Spinal manipulation, chiro</td><td>Spinal manipulation, chiro</td></tr><tr><td style=\"white-space:nowrap\">195<a name=\"wh-payer-procedure-group-195\"> </a></td><td>Chiropractic services</td><td>Chiropractic services</td></tr><tr><td style=\"white-space:nowrap\">197<a name=\"wh-payer-procedure-group-197\"> </a></td><td>Specimen handling</td><td>Specimen handling</td></tr><tr><td style=\"white-space:nowrap\">198<a name=\"wh-payer-procedure-group-198\"> </a></td><td>Medical supplies and devices</td><td>Medical supplies and devices</td></tr><tr><td style=\"white-space:nowrap\">199<a name=\"wh-payer-procedure-group-199\"> </a></td><td>Other medicine procedures</td><td>Other medicine procedures</td></tr><tr><td style=\"white-space:nowrap\">200<a name=\"wh-payer-procedure-group-200\"> </a></td><td>Durable medical equipment</td><td>Durable medical equipment</td></tr><tr><td style=\"white-space:nowrap\">201<a name=\"wh-payer-procedure-group-201\"> </a></td><td>X-ray, head &amp; neck</td><td>X-ray, head &amp; neck</td></tr><tr><td style=\"white-space:nowrap\">202<a name=\"wh-payer-procedure-group-202\"> </a></td><td>X-ray, chest</td><td>X-ray, chest</td></tr><tr><td style=\"white-space:nowrap\">204<a name=\"wh-payer-procedure-group-204\"> </a></td><td>X-ray, spine/pelvis</td><td>X-ray, spine/pelvis</td></tr><tr><td style=\"white-space:nowrap\">205<a name=\"wh-payer-procedure-group-205\"> </a></td><td>X-ray, GI tract</td><td>X-ray, GI tract</td></tr><tr><td style=\"white-space:nowrap\">206<a name=\"wh-payer-procedure-group-206\"> </a></td><td>X-ray, abdomen</td><td>X-ray, abdomen</td></tr><tr><td style=\"white-space:nowrap\">207<a name=\"wh-payer-procedure-group-207\"> </a></td><td>X-ray, OB/Gyn</td><td>X-ray, OB/Gyn</td></tr><tr><td style=\"white-space:nowrap\">208<a name=\"wh-payer-procedure-group-208\"> </a></td><td>X-ray, extremities</td><td>X-ray, extremities</td></tr><tr><td style=\"white-space:nowrap\">210<a name=\"wh-payer-procedure-group-210\"> </a></td><td>CT scan, head &amp; neck</td><td>CT scan, head &amp; neck</td></tr><tr><td style=\"white-space:nowrap\">211<a name=\"wh-payer-procedure-group-211\"> </a></td><td>CT scan, chest</td><td>CT scan, chest</td></tr><tr><td style=\"white-space:nowrap\">212<a name=\"wh-payer-procedure-group-212\"> </a></td><td>CT scan, spine</td><td>CT scan, spine</td></tr><tr><td style=\"white-space:nowrap\">213<a name=\"wh-payer-procedure-group-213\"> </a></td><td>CT scan, abdomen/pelvis</td><td>CT scan, abdomen/pelvis</td></tr><tr><td style=\"white-space:nowrap\">214<a name=\"wh-payer-procedure-group-214\"> </a></td><td>CT scan, extremities</td><td>CT scan, extremities</td></tr><tr><td style=\"white-space:nowrap\">215<a name=\"wh-payer-procedure-group-215\"> </a></td><td>PET scan</td><td>PET scan</td></tr><tr><td style=\"white-space:nowrap\">216<a name=\"wh-payer-procedure-group-216\"> </a></td><td>Magnetic resonance (NMR/MRI)</td><td>Magnetic resonance (NMR/MRI)</td></tr><tr><td style=\"white-space:nowrap\">220<a name=\"wh-payer-procedure-group-220\"> </a></td><td>Myelograms/discograms</td><td>Myelograms/discograms</td></tr><tr><td style=\"white-space:nowrap\">221<a name=\"wh-payer-procedure-group-221\"> </a></td><td>Cholecystograms/cholangiograms</td><td>Cholecystograms/cholangiograms</td></tr><tr><td style=\"white-space:nowrap\">222<a name=\"wh-payer-procedure-group-222\"> </a></td><td>Cholecysto/cholangiogram, inv</td><td>Cholecysto/cholangiogram, inv</td></tr><tr><td style=\"white-space:nowrap\">223<a name=\"wh-payer-procedure-group-223\"> </a></td><td>Mammograms</td><td>Mammograms</td></tr><tr><td style=\"white-space:nowrap\">225<a name=\"wh-payer-procedure-group-225\"> </a></td><td>Aortograms</td><td>Aortograms</td></tr><tr><td style=\"white-space:nowrap\">226<a name=\"wh-payer-procedure-group-226\"> </a></td><td>Angiograms</td><td>Angiograms</td></tr><tr><td style=\"white-space:nowrap\">227<a name=\"wh-payer-procedure-group-227\"> </a></td><td>Lymphangiograms</td><td>Lymphangiograms</td></tr><tr><td style=\"white-space:nowrap\">228<a name=\"wh-payer-procedure-group-228\"> </a></td><td>Venograms</td><td>Venograms</td></tr><tr><td style=\"white-space:nowrap\">229<a name=\"wh-payer-procedure-group-229\"> </a></td><td>Dx radiology, misc/other</td><td>Dx radiology, misc/other</td></tr><tr><td style=\"white-space:nowrap\">241<a name=\"wh-payer-procedure-group-241\"> </a></td><td>Dx ultrasound, abdominal</td><td>Dx ultrasound, abdominal</td></tr><tr><td style=\"white-space:nowrap\">242<a name=\"wh-payer-procedure-group-242\"> </a></td><td>Dx ultrasound, pregnancy</td><td>Dx ultrasound, pregnancy</td></tr><tr><td style=\"white-space:nowrap\">243<a name=\"wh-payer-procedure-group-243\"> </a></td><td>Echocardiogram</td><td>Echocardiogram</td></tr><tr><td style=\"white-space:nowrap\">249<a name=\"wh-payer-procedure-group-249\"> </a></td><td>Dx ultrasound, other</td><td>Dx ultrasound, other</td></tr><tr><td style=\"white-space:nowrap\">269<a name=\"wh-payer-procedure-group-269\"> </a></td><td>Therapeutic radiology</td><td>Therapeutic radiology</td></tr><tr><td style=\"white-space:nowrap\">279<a name=\"wh-payer-procedure-group-279\"> </a></td><td>Nuclear medicine, diagnostic</td><td>Nuclear medicine, diagnostic</td></tr><tr><td style=\"white-space:nowrap\">289<a name=\"wh-payer-procedure-group-289\"> </a></td><td>Nuclear medicine, therapeutic</td><td>Nuclear medicine, therapeutic</td></tr><tr><td style=\"white-space:nowrap\">299<a name=\"wh-payer-procedure-group-299\"> </a></td><td>Other radiology procedure</td><td>Other radiology procedure</td></tr><tr><td style=\"white-space:nowrap\">301<a name=\"wh-payer-procedure-group-301\"> </a></td><td>Blood chemisty tests, automated</td><td>Blood chemisty tests, automated</td></tr><tr><td style=\"white-space:nowrap\">302<a name=\"wh-payer-procedure-group-302\"> </a></td><td>Blood chemistry, Rx monitor</td><td>Blood chemistry, Rx monitor</td></tr><tr><td style=\"white-space:nowrap\">303<a name=\"wh-payer-procedure-group-303\"> </a></td><td>Lab tests, organ/disease panel</td><td>Lab tests, organ/disease panel</td></tr><tr><td style=\"white-space:nowrap\">304<a name=\"wh-payer-procedure-group-304\"> </a></td><td>Clinical path, consultation</td><td>Clinical path, consultation</td></tr><tr><td style=\"white-space:nowrap\">306<a name=\"wh-payer-procedure-group-306\"> </a></td><td>Routine urinalysis</td><td>Routine urinalysis</td></tr><tr><td style=\"white-space:nowrap\">307<a name=\"wh-payer-procedure-group-307\"> </a></td><td>Other urinalysis</td><td>Other urinalysis</td></tr><tr><td style=\"white-space:nowrap\">311<a name=\"wh-payer-procedure-group-311\"> </a></td><td>Thyroid function tests (RIA)</td><td>Thyroid function tests (RIA)</td></tr><tr><td style=\"white-space:nowrap\">312<a name=\"wh-payer-procedure-group-312\"> </a></td><td>Thyroid function tests (non-RIA)</td><td>Thyroid function tests (non-RIA)</td></tr><tr><td style=\"white-space:nowrap\">313<a name=\"wh-payer-procedure-group-313\"> </a></td><td>Other radioimmunoassays (RIA)</td><td>Other radioimmunoassays (RIA)</td></tr><tr><td style=\"white-space:nowrap\">319<a name=\"wh-payer-procedure-group-319\"> </a></td><td>Other chemistry tests</td><td>Other chemistry tests</td></tr><tr><td style=\"white-space:nowrap\">320<a name=\"wh-payer-procedure-group-320\"> </a></td><td>Other toxicology tests</td><td>Other toxicology tests</td></tr><tr><td style=\"white-space:nowrap\">331<a name=\"wh-payer-procedure-group-331\"> </a></td><td>Blood count, automated</td><td>Blood count, automated</td></tr><tr><td style=\"white-space:nowrap\">332<a name=\"wh-payer-procedure-group-332\"> </a></td><td>Blood count, manual</td><td>Blood count, manual</td></tr><tr><td style=\"white-space:nowrap\">334<a name=\"wh-payer-procedure-group-334\"> </a></td><td>Blood test: sedimentation rate</td><td>Blood test: sedimentation rate</td></tr><tr><td style=\"white-space:nowrap\">335<a name=\"wh-payer-procedure-group-335\"> </a></td><td>Blood count: platelet</td><td>Blood count: platelet</td></tr><tr><td style=\"white-space:nowrap\">336<a name=\"wh-payer-procedure-group-336\"> </a></td><td>Blood test: Hgb/Hct</td><td>Blood test: Hgb/Hct</td></tr><tr><td style=\"white-space:nowrap\">338<a name=\"wh-payer-procedure-group-338\"> </a></td><td>Blood test: prothrombin time</td><td>Blood test: prothrombin time</td></tr><tr><td style=\"white-space:nowrap\">339<a name=\"wh-payer-procedure-group-339\"> </a></td><td>Other hematology tests</td><td>Other hematology tests</td></tr><tr><td style=\"white-space:nowrap\">349<a name=\"wh-payer-procedure-group-349\"> </a></td><td>Immunology tests</td><td>Immunology tests</td></tr><tr><td style=\"white-space:nowrap\">361<a name=\"wh-payer-procedure-group-361\"> </a></td><td>Definitive bacterial culture</td><td>Definitive bacterial culture</td></tr><tr><td style=\"white-space:nowrap\">362<a name=\"wh-payer-procedure-group-362\"> </a></td><td>Antibiotic sensitivity studies</td><td>Antibiotic sensitivity studies</td></tr><tr><td style=\"white-space:nowrap\">363<a name=\"wh-payer-procedure-group-363\"> </a></td><td>Bacterial culture, urine</td><td>Bacterial culture, urine</td></tr><tr><td style=\"white-space:nowrap\">364<a name=\"wh-payer-procedure-group-364\"> </a></td><td>Bacterial culture, screening</td><td>Bacterial culture, screening</td></tr><tr><td style=\"white-space:nowrap\">369<a name=\"wh-payer-procedure-group-369\"> </a></td><td>Other microbiology tests</td><td>Other microbiology tests</td></tr><tr><td style=\"white-space:nowrap\">371<a name=\"wh-payer-procedure-group-371\"> </a></td><td>Pap smear</td><td>Pap smear</td></tr><tr><td style=\"white-space:nowrap\">372<a name=\"wh-payer-procedure-group-372\"> </a></td><td>Surgical pathology</td><td>Surgical pathology</td></tr><tr><td style=\"white-space:nowrap\">378<a name=\"wh-payer-procedure-group-378\"> </a></td><td>Molecular pathology</td><td>Molecular pathology</td></tr><tr><td style=\"white-space:nowrap\">379<a name=\"wh-payer-procedure-group-379\"> </a></td><td>Other anatomic pathology services</td><td>Other anatomic pathology services</td></tr><tr><td style=\"white-space:nowrap\">389<a name=\"wh-payer-procedure-group-389\"> </a></td><td>Miscellaneous pathology tests</td><td>Miscellaneous pathology tests</td></tr><tr><td style=\"white-space:nowrap\">399<a name=\"wh-payer-procedure-group-399\"> </a></td><td>Other lab &amp; path procedures</td><td>Other lab &amp; path procedures</td></tr><tr><td style=\"white-space:nowrap\">440<a name=\"wh-payer-procedure-group-440\"> </a></td><td>Cesarean section deliveries</td><td>Cesarean section deliveries</td></tr><tr><td style=\"white-space:nowrap\">445<a name=\"wh-payer-procedure-group-445\"> </a></td><td>Vaginal deliveries</td><td>Vaginal deliveries</td></tr><tr><td style=\"white-space:nowrap\">449<a name=\"wh-payer-procedure-group-449\"> </a></td><td>Major maternity procs &amp; related care</td><td>Major maternity procs &amp; related care</td></tr><tr><td style=\"white-space:nowrap\">450<a name=\"wh-payer-procedure-group-450\"> </a></td><td>Other maternity procs &amp; related care</td><td>Other maternity procs &amp; related care</td></tr><tr><td style=\"white-space:nowrap\">470<a name=\"wh-payer-procedure-group-470\"> </a></td><td>Anesthesia services</td><td>Anesthesia services</td></tr><tr><td style=\"white-space:nowrap\">478<a name=\"wh-payer-procedure-group-478\"> </a></td><td>Home health PT/OT/ST</td><td>Home health PT/OT/ST</td></tr><tr><td style=\"white-space:nowrap\">480<a name=\"wh-payer-procedure-group-480\"> </a></td><td>Other home health services</td><td>Other home health services</td></tr><tr><td style=\"white-space:nowrap\">485<a name=\"wh-payer-procedure-group-485\"> </a></td><td>Transportation services</td><td>Transportation services</td></tr><tr><td style=\"white-space:nowrap\">490<a name=\"wh-payer-procedure-group-490\"> </a></td><td>Dental: diagnostic &amp; preventive</td><td>Dental: diagnostic &amp; preventive</td></tr><tr><td style=\"white-space:nowrap\">491<a name=\"wh-payer-procedure-group-491\"> </a></td><td>Dental: basic restorative</td><td>Dental: basic restorative</td></tr><tr><td style=\"white-space:nowrap\">492<a name=\"wh-payer-procedure-group-492\"> </a></td><td>Dental: major restorative</td><td>Dental: major restorative</td></tr><tr><td style=\"white-space:nowrap\">493<a name=\"wh-payer-procedure-group-493\"> </a></td><td>Dental: orthodontics</td><td>Dental: orthodontics</td></tr><tr><td style=\"white-space:nowrap\">494<a name=\"wh-payer-procedure-group-494\"> </a></td><td>Dental: other</td><td>Dental: other</td></tr><tr><td style=\"white-space:nowrap\">498<a name=\"wh-payer-procedure-group-498\"> </a></td><td>Performance tracking codes</td><td>Performance tracking codes</td></tr><tr><td style=\"white-space:nowrap\">499<a name=\"wh-payer-procedure-group-499\"> </a></td><td>Unmapped codes</td><td>Unmapped codes</td></tr></table></div>"
  },
  "url": "http://ibm.com/fhir/cdm/CodeSystem/wh-payer-procedure-group",
  "version": "1.0.0",
  "name": "WHPayerProcedureGroupCodeSystem",
  "title": "Health Data Connect Procedure Group Codes",
  "status": "active",
  "date": "2021-08-25T21:19:12+00:00",
  "contact": [
    {
      "name": "Kim Kenna",
      "telecom": [
        {
          "system": "email",
          "value": "sloand@us.ibm.com"
        }
      ]
    },
    {
      "name": "Tom Eggebraaten",
      "telecom": [
        {
          "system": "email",
          "value": "tegge@us.ibm.com"
        }
      ]
    }
  ],
  "description": "IBM® Health Data Connect standard procedure group codes",
  "content": "complete",
  "count": 196,
  "concept": [
    {
      "code": "1",
      "display": "Incision & drainage of cyst",
      "definition": "Incision & drainage of cyst"
    },
    {
      "code": "2",
      "display": "Acne surgery",
      "definition": "Acne surgery"
    },
    {
      "code": "3",
      "display": "Nail debridement/avulsion",
      "definition": "Nail debridement/avulsion"
    },
    {
      "code": "4",
      "display": "Skin lesion injection",
      "definition": "Skin lesion injection"
    },
    {
      "code": "5",
      "display": "Destruction, facial lesion",
      "definition": "Destruction, facial lesion"
    },
    {
      "code": "6",
      "display": "Destruction, non-facial lesion",
      "definition": "Destruction, non-facial lesion"
    },
    {
      "code": "7",
      "display": "Destruction of warts",
      "definition": "Destruction of warts"
    },
    {
      "code": "8",
      "display": "Excision of breast tissue",
      "definition": "Excision of breast tissue"
    },
    {
      "code": "9",
      "display": "Other minor skin & breast surgery",
      "definition": "Other minor skin & breast surgery"
    },
    {
      "code": "10",
      "display": "Arthrocentesis, sm/med joint",
      "definition": "Arthrocentesis, sm/med joint"
    },
    {
      "code": "11",
      "display": "Arthrocentesis, large joint",
      "definition": "Arthrocentesis, large joint"
    },
    {
      "code": "12",
      "display": "Other major skin surgery",
      "definition": "Other major skin surgery"
    },
    {
      "code": "13",
      "display": "Other major breast surgery",
      "definition": "Other major breast surgery"
    },
    {
      "code": "14",
      "display": "Other major musculoskeletal surgery",
      "definition": "Other major musculoskeletal surgery"
    },
    {
      "code": "15",
      "display": "Other minor musculoskeletal surgery",
      "definition": "Other minor musculoskeletal surgery"
    },
    {
      "code": "16",
      "display": "Bronchoscopy",
      "definition": "Bronchoscopy"
    },
    {
      "code": "17",
      "display": "Laryngoscopy",
      "definition": "Laryngoscopy"
    },
    {
      "code": "19",
      "display": "Other minor respiratory procedures",
      "definition": "Other minor respiratory procedures"
    },
    {
      "code": "20",
      "display": "Other major respiratory procedures",
      "definition": "Other major respiratory procedures"
    },
    {
      "code": "31",
      "display": "Venipuncture (draw blood)",
      "definition": "Venipuncture (draw blood)"
    },
    {
      "code": "38",
      "display": "Other minor cardiovascular procedures",
      "definition": "Other minor cardiovascular procedures"
    },
    {
      "code": "39",
      "display": "Other major cardiovascular procedures",
      "definition": "Other major cardiovascular procedures"
    },
    {
      "code": "44",
      "display": "Minor hemic & lymphatic procedures",
      "definition": "Minor hemic & lymphatic procedures"
    },
    {
      "code": "45",
      "display": "Major hemic & lymphatic procedures",
      "definition": "Major hemic & lymphatic procedures"
    },
    {
      "code": "46",
      "display": "Upper GI endoscopy",
      "definition": "Upper GI endoscopy"
    },
    {
      "code": "47",
      "display": "Repair of inguinal hernia",
      "definition": "Repair of inguinal hernia"
    },
    {
      "code": "48",
      "display": "Colonoscopy",
      "definition": "Colonoscopy"
    },
    {
      "code": "49",
      "display": "Other major digestive procedures",
      "definition": "Other major digestive procedures"
    },
    {
      "code": "50",
      "display": "Other minor digestive procedures",
      "definition": "Other minor digestive procedures"
    },
    {
      "code": "51",
      "display": "Cystourethroscopy",
      "definition": "Cystourethroscopy"
    },
    {
      "code": "52",
      "display": "Transurethral surgery",
      "definition": "Transurethral surgery"
    },
    {
      "code": "54",
      "display": "Other minor urinary procedures",
      "definition": "Other minor urinary procedures"
    },
    {
      "code": "55",
      "display": "Other major urinary procedures",
      "definition": "Other major urinary procedures"
    },
    {
      "code": "58",
      "display": "Minor male genital procedures",
      "definition": "Minor male genital procedures"
    },
    {
      "code": "59",
      "display": "Major male genital procedures",
      "definition": "Major male genital procedures"
    },
    {
      "code": "61",
      "display": "Colposcopy",
      "definition": "Colposcopy"
    },
    {
      "code": "62",
      "display": "Dilation & currettage",
      "definition": "Dilation & currettage"
    },
    {
      "code": "63",
      "display": "Laparoscopy, hysteroscopy",
      "definition": "Laparoscopy, hysteroscopy"
    },
    {
      "code": "64",
      "display": "Minor female genital procedures",
      "definition": "Minor female genital procedures"
    },
    {
      "code": "65",
      "display": "Major female genital procedures",
      "definition": "Major female genital procedures"
    },
    {
      "code": "66",
      "display": "Decompression, carpal tunnel",
      "definition": "Decompression, carpal tunnel"
    },
    {
      "code": "68",
      "display": "Minor endocrine system procedures",
      "definition": "Minor endocrine system procedures"
    },
    {
      "code": "69",
      "display": "Major endocrine system procedures",
      "definition": "Major endocrine system procedures"
    },
    {
      "code": "74",
      "display": "Minor nervous system procedures",
      "definition": "Minor nervous system procedures"
    },
    {
      "code": "75",
      "display": "Major nervous system procedures",
      "definition": "Major nervous system procedures"
    },
    {
      "code": "76",
      "display": "Cataract removal",
      "definition": "Cataract removal"
    },
    {
      "code": "84",
      "display": "Other minor eye/ocular procedures",
      "definition": "Other minor eye/ocular procedures"
    },
    {
      "code": "85",
      "display": "Other major eye/ocular procedures",
      "definition": "Other major eye/ocular procedures"
    },
    {
      "code": "94",
      "display": "Other minor ear/auditory procedures",
      "definition": "Other minor ear/auditory procedures"
    },
    {
      "code": "95",
      "display": "Other major ear/auditory procedures",
      "definition": "Other major ear/auditory procedures"
    },
    {
      "code": "98",
      "display": "Other minor surgery procedures",
      "definition": "Other minor surgery procedures"
    },
    {
      "code": "99",
      "display": "Other major surgery procedures",
      "definition": "Other major surgery procedures"
    },
    {
      "code": "101",
      "display": "Office visits, new patient",
      "definition": "Office visits, new patient"
    },
    {
      "code": "104",
      "display": "Office visits, established patient",
      "definition": "Office visits, established patient"
    },
    {
      "code": "109",
      "display": "Office visits, other",
      "definition": "Office visits, other"
    },
    {
      "code": "110",
      "display": "Office visits, emergency",
      "definition": "Office visits, emergency"
    },
    {
      "code": "111",
      "display": "Emergency department visits",
      "definition": "Emergency department visits"
    },
    {
      "code": "113",
      "display": "Physician telephone/online visits",
      "definition": "Physician telephone/online visits"
    },
    {
      "code": "114",
      "display": "ER visits, other",
      "definition": "ER visits, other"
    },
    {
      "code": "115",
      "display": "Preventive care visits",
      "definition": "Preventive care visits"
    },
    {
      "code": "116",
      "display": "Facility visits",
      "definition": "Facility visits"
    },
    {
      "code": "120",
      "display": "Outpatient consults",
      "definition": "Outpatient consults"
    },
    {
      "code": "121",
      "display": "Inpatient consults",
      "definition": "Inpatient consults"
    },
    {
      "code": "122",
      "display": "Other consults, location unspecified",
      "definition": "Other consults, location unspecified"
    },
    {
      "code": "124",
      "display": "Psychiatric diagnostic services",
      "definition": "Psychiatric diagnostic services"
    },
    {
      "code": "127",
      "display": "Specialty drugs other than chemotherapy",
      "definition": "Specialty drugs other than chemotherapy"
    },
    {
      "code": "128",
      "display": "Unlisted general med service",
      "definition": "Unlisted general med service"
    },
    {
      "code": "129",
      "display": "Other medical services",
      "definition": "Other medical services"
    },
    {
      "code": "130",
      "display": "Injections: immunizations",
      "definition": "Injections: immunizations"
    },
    {
      "code": "131",
      "display": "Injections: therapeutic/IV",
      "definition": "Injections: therapeutic/IV"
    },
    {
      "code": "132",
      "display": "Other injections/noninjectables",
      "definition": "Other injections/noninjectables"
    },
    {
      "code": "133",
      "display": "Other preventive medical services",
      "definition": "Other preventive medical services"
    },
    {
      "code": "135",
      "display": "Psychotherapy, individual",
      "definition": "Psychotherapy, individual"
    },
    {
      "code": "136",
      "display": "Psychotherapy, family",
      "definition": "Psychotherapy, family"
    },
    {
      "code": "137",
      "display": "Psychotherapy, group",
      "definition": "Psychotherapy, group"
    },
    {
      "code": "138",
      "display": "Psych advice, non-patient",
      "definition": "Psych advice, non-patient"
    },
    {
      "code": "139",
      "display": "Therapeutic psychiatric services",
      "definition": "Therapeutic psychiatric services"
    },
    {
      "code": "140",
      "display": "Dialysis",
      "definition": "Dialysis"
    },
    {
      "code": "143",
      "display": "Gastroenterology services (non-surgical)",
      "definition": "Gastroenterology services (non-surgical)"
    },
    {
      "code": "144",
      "display": "General eye exams",
      "definition": "General eye exams"
    },
    {
      "code": "145",
      "display": "General ophthalmology services",
      "definition": "General ophthalmology services"
    },
    {
      "code": "147",
      "display": "Ophthalmic diagnostic services",
      "definition": "Ophthalmic diagnostic services"
    },
    {
      "code": "148",
      "display": "ENT diagnostic services",
      "definition": "ENT diagnostic services"
    },
    {
      "code": "149",
      "display": "Speech/hearing therapy",
      "definition": "Speech/hearing therapy"
    },
    {
      "code": "150",
      "display": "Other ENT services (non-surgical)",
      "definition": "Other ENT services (non-surgical)"
    },
    {
      "code": "155",
      "display": "EKG",
      "definition": "EKG"
    },
    {
      "code": "156",
      "display": "EKG stress test",
      "definition": "EKG stress test"
    },
    {
      "code": "157",
      "display": "EKG monitoring",
      "definition": "EKG monitoring"
    },
    {
      "code": "158",
      "display": "PTCA- percutaneous angioplasty",
      "definition": "PTCA- percutaneous angioplasty"
    },
    {
      "code": "160",
      "display": "Echocardiogram",
      "definition": "Echocardiogram"
    },
    {
      "code": "161",
      "display": "Cardiac catheterization",
      "definition": "Cardiac catheterization"
    },
    {
      "code": "162",
      "display": "Dx radiology, other vascular",
      "definition": "Dx radiology, other vascular"
    },
    {
      "code": "163",
      "display": "Other cardiovascular procedures",
      "definition": "Other cardiovascular procedures"
    },
    {
      "code": "165",
      "display": "Non-invasive peripheral vascular studies",
      "definition": "Non-invasive peripheral vascular studies"
    },
    {
      "code": "166",
      "display": "Spirometry",
      "definition": "Spirometry"
    },
    {
      "code": "167",
      "display": "Bronchospasm evaluation",
      "definition": "Bronchospasm evaluation"
    },
    {
      "code": "168",
      "display": "Pulmonary function tests",
      "definition": "Pulmonary function tests"
    },
    {
      "code": "169",
      "display": "Other non-surgical pulmonary services",
      "definition": "Other non-surgical pulmonary services"
    },
    {
      "code": "170",
      "display": "Respiratory therapy",
      "definition": "Respiratory therapy"
    },
    {
      "code": "171",
      "display": "Allergy testing",
      "definition": "Allergy testing"
    },
    {
      "code": "172",
      "display": "Allergy therapy",
      "definition": "Allergy therapy"
    },
    {
      "code": "175",
      "display": "Nerve conduction tests/EMG",
      "definition": "Nerve conduction tests/EMG"
    },
    {
      "code": "176",
      "display": "Unlisted neurol Dx procedures",
      "definition": "Unlisted neurol Dx procedures"
    },
    {
      "code": "177",
      "display": "Other neurology dx services",
      "definition": "Other neurology dx services"
    },
    {
      "code": "180",
      "display": "Chemotherapy",
      "definition": "Chemotherapy"
    },
    {
      "code": "181",
      "display": "Physical medicine: hot/cold packs",
      "definition": "Physical medicine: hot/cold packs"
    },
    {
      "code": "182",
      "display": "Physical medicine: elec stimulation",
      "definition": "Physical medicine: elec stimulation"
    },
    {
      "code": "183",
      "display": "Physical medicine: other modes",
      "definition": "Physical medicine: other modes"
    },
    {
      "code": "184",
      "display": "Physical medicine: ultrasound",
      "definition": "Physical medicine: ultrasound"
    },
    {
      "code": "185",
      "display": "Physical medicine: manipulation",
      "definition": "Physical medicine: manipulation"
    },
    {
      "code": "186",
      "display": "Physical medicine: other procedures",
      "definition": "Physical medicine: other procedures"
    },
    {
      "code": "187",
      "display": "Physical medicine: testing",
      "definition": "Physical medicine: testing"
    },
    {
      "code": "189",
      "display": "Physical medicine: unlisted/other",
      "definition": "Physical medicine: unlisted/other"
    },
    {
      "code": "190",
      "display": "Case management services",
      "definition": "Case management services"
    },
    {
      "code": "191",
      "display": "Spinal manipulation, chiro",
      "definition": "Spinal manipulation, chiro"
    },
    {
      "code": "195",
      "display": "Chiropractic services",
      "definition": "Chiropractic services"
    },
    {
      "code": "197",
      "display": "Specimen handling",
      "definition": "Specimen handling"
    },
    {
      "code": "198",
      "display": "Medical supplies and devices",
      "definition": "Medical supplies and devices"
    },
    {
      "code": "199",
      "display": "Other medicine procedures",
      "definition": "Other medicine procedures"
    },
    {
      "code": "200",
      "display": "Durable medical equipment",
      "definition": "Durable medical equipment"
    },
    {
      "code": "201",
      "display": "X-ray, head & neck",
      "definition": "X-ray, head & neck"
    },
    {
      "code": "202",
      "display": "X-ray, chest",
      "definition": "X-ray, chest"
    },
    {
      "code": "204",
      "display": "X-ray, spine/pelvis",
      "definition": "X-ray, spine/pelvis"
    },
    {
      "code": "205",
      "display": "X-ray, GI tract",
      "definition": "X-ray, GI tract"
    },
    {
      "code": "206",
      "display": "X-ray, abdomen",
      "definition": "X-ray, abdomen"
    },
    {
      "code": "207",
      "display": "X-ray, OB/Gyn",
      "definition": "X-ray, OB/Gyn"
    },
    {
      "code": "208",
      "display": "X-ray, extremities",
      "definition": "X-ray, extremities"
    },
    {
      "code": "210",
      "display": "CT scan, head & neck",
      "definition": "CT scan, head & neck"
    },
    {
      "code": "211",
      "display": "CT scan, chest",
      "definition": "CT scan, chest"
    },
    {
      "code": "212",
      "display": "CT scan, spine",
      "definition": "CT scan, spine"
    },
    {
      "code": "213",
      "display": "CT scan, abdomen/pelvis",
      "definition": "CT scan, abdomen/pelvis"
    },
    {
      "code": "214",
      "display": "CT scan, extremities",
      "definition": "CT scan, extremities"
    },
    {
      "code": "215",
      "display": "PET scan",
      "definition": "PET scan"
    },
    {
      "code": "216",
      "display": "Magnetic resonance (NMR/MRI)",
      "definition": "Magnetic resonance (NMR/MRI)"
    },
    {
      "code": "220",
      "display": "Myelograms/discograms",
      "definition": "Myelograms/discograms"
    },
    {
      "code": "221",
      "display": "Cholecystograms/cholangiograms",
      "definition": "Cholecystograms/cholangiograms"
    },
    {
      "code": "222",
      "display": "Cholecysto/cholangiogram, inv",
      "definition": "Cholecysto/cholangiogram, inv"
    },
    {
      "code": "223",
      "display": "Mammograms",
      "definition": "Mammograms"
    },
    {
      "code": "225",
      "display": "Aortograms",
      "definition": "Aortograms"
    },
    {
      "code": "226",
      "display": "Angiograms",
      "definition": "Angiograms"
    },
    {
      "code": "227",
      "display": "Lymphangiograms",
      "definition": "Lymphangiograms"
    },
    {
      "code": "228",
      "display": "Venograms",
      "definition": "Venograms"
    },
    {
      "code": "229",
      "display": "Dx radiology, misc/other",
      "definition": "Dx radiology, misc/other"
    },
    {
      "code": "241",
      "display": "Dx ultrasound, abdominal",
      "definition": "Dx ultrasound, abdominal"
    },
    {
      "code": "242",
      "display": "Dx ultrasound, pregnancy",
      "definition": "Dx ultrasound, pregnancy"
    },
    {
      "code": "243",
      "display": "Echocardiogram",
      "definition": "Echocardiogram"
    },
    {
      "code": "249",
      "display": "Dx ultrasound, other",
      "definition": "Dx ultrasound, other"
    },
    {
      "code": "269",
      "display": "Therapeutic radiology",
      "definition": "Therapeutic radiology"
    },
    {
      "code": "279",
      "display": "Nuclear medicine, diagnostic",
      "definition": "Nuclear medicine, diagnostic"
    },
    {
      "code": "289",
      "display": "Nuclear medicine, therapeutic",
      "definition": "Nuclear medicine, therapeutic"
    },
    {
      "code": "299",
      "display": "Other radiology procedure",
      "definition": "Other radiology procedure"
    },
    {
      "code": "301",
      "display": "Blood chemisty tests, automated",
      "definition": "Blood chemisty tests, automated"
    },
    {
      "code": "302",
      "display": "Blood chemistry, Rx monitor",
      "definition": "Blood chemistry, Rx monitor"
    },
    {
      "code": "303",
      "display": "Lab tests, organ/disease panel",
      "definition": "Lab tests, organ/disease panel"
    },
    {
      "code": "304",
      "display": "Clinical path, consultation",
      "definition": "Clinical path, consultation"
    },
    {
      "code": "306",
      "display": "Routine urinalysis",
      "definition": "Routine urinalysis"
    },
    {
      "code": "307",
      "display": "Other urinalysis",
      "definition": "Other urinalysis"
    },
    {
      "code": "311",
      "display": "Thyroid function tests (RIA)",
      "definition": "Thyroid function tests (RIA)"
    },
    {
      "code": "312",
      "display": "Thyroid function tests (non-RIA)",
      "definition": "Thyroid function tests (non-RIA)"
    },
    {
      "code": "313",
      "display": "Other radioimmunoassays (RIA)",
      "definition": "Other radioimmunoassays (RIA)"
    },
    {
      "code": "319",
      "display": "Other chemistry tests",
      "definition": "Other chemistry tests"
    },
    {
      "code": "320",
      "display": "Other toxicology tests",
      "definition": "Other toxicology tests"
    },
    {
      "code": "331",
      "display": "Blood count, automated",
      "definition": "Blood count, automated"
    },
    {
      "code": "332",
      "display": "Blood count, manual",
      "definition": "Blood count, manual"
    },
    {
      "code": "334",
      "display": "Blood test: sedimentation rate",
      "definition": "Blood test: sedimentation rate"
    },
    {
      "code": "335",
      "display": "Blood count: platelet",
      "definition": "Blood count: platelet"
    },
    {
      "code": "336",
      "display": "Blood test: Hgb/Hct",
      "definition": "Blood test: Hgb/Hct"
    },
    {
      "code": "338",
      "display": "Blood test: prothrombin time",
      "definition": "Blood test: prothrombin time"
    },
    {
      "code": "339",
      "display": "Other hematology tests",
      "definition": "Other hematology tests"
    },
    {
      "code": "349",
      "display": "Immunology tests",
      "definition": "Immunology tests"
    },
    {
      "code": "361",
      "display": "Definitive bacterial culture",
      "definition": "Definitive bacterial culture"
    },
    {
      "code": "362",
      "display": "Antibiotic sensitivity studies",
      "definition": "Antibiotic sensitivity studies"
    },
    {
      "code": "363",
      "display": "Bacterial culture, urine",
      "definition": "Bacterial culture, urine"
    },
    {
      "code": "364",
      "display": "Bacterial culture, screening",
      "definition": "Bacterial culture, screening"
    },
    {
      "code": "369",
      "display": "Other microbiology tests",
      "definition": "Other microbiology tests"
    },
    {
      "code": "371",
      "display": "Pap smear",
      "definition": "Pap smear"
    },
    {
      "code": "372",
      "display": "Surgical pathology",
      "definition": "Surgical pathology"
    },
    {
      "code": "378",
      "display": "Molecular pathology",
      "definition": "Molecular pathology"
    },
    {
      "code": "379",
      "display": "Other anatomic pathology services",
      "definition": "Other anatomic pathology services"
    },
    {
      "code": "389",
      "display": "Miscellaneous pathology tests",
      "definition": "Miscellaneous pathology tests"
    },
    {
      "code": "399",
      "display": "Other lab & path procedures",
      "definition": "Other lab & path procedures"
    },
    {
      "code": "440",
      "display": "Cesarean section deliveries",
      "definition": "Cesarean section deliveries"
    },
    {
      "code": "445",
      "display": "Vaginal deliveries",
      "definition": "Vaginal deliveries"
    },
    {
      "code": "449",
      "display": "Major maternity procs & related care",
      "definition": "Major maternity procs & related care"
    },
    {
      "code": "450",
      "display": "Other maternity procs & related care",
      "definition": "Other maternity procs & related care"
    },
    {
      "code": "470",
      "display": "Anesthesia services",
      "definition": "Anesthesia services"
    },
    {
      "code": "478",
      "display": "Home health PT/OT/ST",
      "definition": "Home health PT/OT/ST"
    },
    {
      "code": "480",
      "display": "Other home health services",
      "definition": "Other home health services"
    },
    {
      "code": "485",
      "display": "Transportation services",
      "definition": "Transportation services"
    },
    {
      "code": "490",
      "display": "Dental: diagnostic & preventive",
      "definition": "Dental: diagnostic & preventive"
    },
    {
      "code": "491",
      "display": "Dental: basic restorative",
      "definition": "Dental: basic restorative"
    },
    {
      "code": "492",
      "display": "Dental: major restorative",
      "definition": "Dental: major restorative"
    },
    {
      "code": "493",
      "display": "Dental: orthodontics",
      "definition": "Dental: orthodontics"
    },
    {
      "code": "494",
      "display": "Dental: other",
      "definition": "Dental: other"
    },
    {
      "code": "498",
      "display": "Performance tracking codes",
      "definition": "Performance tracking codes"
    },
    {
      "code": "499",
      "display": "Unmapped codes",
      "definition": "Unmapped codes"
    }
  ]
}