{
  "resourceType": "ValueSet",
  "id": "match-method",
  "text": {
    "status": "generated",
    "div": "<div xmlns=\"http://www.w3.org/1999/xhtml\"><ul><li>Include all codes defined in <a href=\"CodeSystem-match-method.html\"><code>http://ibm.com/fhir/cdm/CodeSystem/match-method</code></a></li></ul></div>"
  },
  "url": "http://ibm.com/fhir/cdm/ValueSet/match-method",
  "version": "1.0.0",
  "name": "MatchMethodValueSet",
  "title": "Match Method Value Set",
  "status": "active",
  "date": "2021-08-25T21:19:12+00:00",
  "contact": [
    {
      "name": "Kim Kenna",
      "telecom": [
        {
          "system": "email",
          "value": "sloand@us.ibm.com"
        }
      ]
    },
    {
      "name": "Tom Eggebraaten",
      "telecom": [
        {
          "system": "email",
          "value": "tegge@us.ibm.com"
        }
      ]
    }
  ],
  "description": "Codes indicating methods used to identify matched entities",
  "compose": {
    "include": [
      {
        "system": "http://ibm.com/fhir/cdm/CodeSystem/match-method"
      }
    ]
  }
}