<?xml version="1.0" encoding="UTF-8"?>

<CodeSystem xmlns="http://hl7.org/fhir">
  <id value="attribution-product"/>
  <text>
    <status value="generated"/><div xmlns="http://www.w3.org/1999/xhtml"><p>This code system http://ibm.com/fhir/cdm/CodeSystem/attribution-product defines the following codes:</p><table class="codes"><tr><td style="white-space:nowrap"><b>Code</b></td><td><b>Display</b></td><td><b>Definition</b></td></tr><tr><td style="white-space:nowrap">advantage<a name="attribution-product-advantage"> </a></td><td>Advantage Suite</td><td>Primary care physician imputed by the Advantage pipeline</td></tr><tr><td style="white-space:nowrap">engagement<a name="attribution-product-engagement"> </a></td><td>Engagement</td><td>Practitioner attributed by the Engagement pipeline</td></tr></table></div>
  </text>
  <url value="http://ibm.com/fhir/cdm/CodeSystem/attribution-product"/>
  <version value="0.1.1"/>
  <name value="AttributionProductCodeSystem"/>
  <title value="Attribution Product Codes"/>
  <status value="active"/>
  <date value="2021-07-27T16:04:15+00:00"/>
  <contact>
    <name value="Kim Kenna"/>
    <telecom>
      <system value="email"/>
      <value value="sloand@us.ibm.com"/>
    </telecom>
  </contact>
  <contact>
    <name value="Tom Eggebraaten"/>
    <telecom>
      <system value="email"/>
      <value value="tegge@us.ibm.com"/>
    </telecom>
  </contact>
  <description value="Product that associate a patient to a practitioner"/>
  <content value="complete"/>
  <count value="2"/>
  <concept>
    <code value="advantage"/>
    <display value="Advantage Suite"/>
    <definition value="Primary care physician imputed by the Advantage pipeline"/>
  </concept>
  <concept>
    <code value="engagement"/>
    <display value="Engagement"/>
    <definition value="Practitioner attributed by the Engagement pipeline"/>
  </concept>
</CodeSystem>