<?xml version="1.0" encoding="UTF-8"?>

<ValueSet xmlns="http://hl7.org/fhir">
  <id value="ncpdp-dispense-as-written"/>
  <text>
    <status value="generated"/><div xmlns="http://www.w3.org/1999/xhtml"><ul><li>Include all codes defined in <a href="CodeSystem-ncpdp-dispense-as-written.html"><code>http://ibm.com/fhir/cdm/CodeSystem/ncpdp-dispense-as-written</code></a></li></ul></div>
  </text>
  <url value="http://ibm.com/fhir/cdm/ValueSet/ncpdp-dispense-as-written"/>
  <version value="0.1.1"/>
  <name value="NCPDPDispenseAsWrittenValueSet"/>
  <title value="NCPDP Dispense As Written Value Set"/>
  <status value="active"/>
  <date value="2021-08-04T14:39:15+00:00"/>
  <contact>
    <name value="Kim Kenna"/>
    <telecom>
      <system value="email"/>
      <value value="sloand@us.ibm.com"/>
    </telecom>
  </contact>
  <contact>
    <name value="Tom Eggebraaten"/>
    <telecom>
      <system value="email"/>
      <value value="tegge@us.ibm.com"/>
    </telecom>
  </contact>
  <description value="The NCPDP industry standard description of how the product was dispensed."/>
  <compose>
    <include>
      <system value="http://ibm.com/fhir/cdm/CodeSystem/ncpdp-dispense-as-written"/>
    </include>
  </compose>
</ValueSet>