{
  "resourceType": "ValueSet",
  "id": "attribution-product",
  "text": {
    "status": "generated",
    "div": "<div xmlns=\"http://www.w3.org/1999/xhtml\"><ul><li>Include all codes defined in <a href=\"CodeSystem-attribution-product.html\"><code>http://ibm.com/fhir/cdm/CodeSystem/attribution-product</code></a></li></ul></div>"
  },
  "url": "http://ibm.com/fhir/cdm/ValueSet/attribution-product",
  "version": "3.0.0",
  "name": "AttributionProductValueSet",
  "title": "Attribution Product Value Set",
  "status": "active",
  "date": "2021-10-07T14:44:30+00:00",
  "contact": [
    {
      "name": "Kim Kenna",
      "telecom": [
        {
          "system": "email",
          "value": "sloand@us.ibm.com"
        }
      ]
    },
    {
      "name": "Tom Eggebraaten",
      "telecom": [
        {
          "system": "email",
          "value": "tegge@us.ibm.com"
        }
      ]
    }
  ],
  "description": "Products that associate a patient to a practitioner",
  "compose": {
    "include": [
      {
        "system": "http://ibm.com/fhir/cdm/CodeSystem/attribution-product"
      }
    ]
  }
}