{
  "resourceType": "ValueSet",
  "id": "wh-payer-claim-adjustment-type",
  "text": {
    "status": "generated",
    "div": "<div xmlns=\"http://www.w3.org/1999/xhtml\"><ul><li>Include all codes defined in <a href=\"CodeSystem-wh-payer-claim-adjustment-type.html\"><code>http://ibm.com/fhir/cdm/CodeSystem/wh-payer-claim-adjustment-type</code></a></li></ul></div>"
  },
  "url": "http://ibm.com/fhir/cdm/ValueSet/wh-payer-claim-adjustment-type",
  "version": "3.0.0",
  "name": "WhPayerClaimAdjustmentTypeValueSet",
  "title": "Health Data Connect Claim Adjustment Type Value Set",
  "status": "active",
  "date": "2021-10-07T14:44:30+00:00",
  "contact": [
    {
      "name": "Kim Kenna",
      "telecom": [
        {
          "system": "email",
          "value": "sloand@us.ibm.com"
        }
      ]
    },
    {
      "name": "Tom Eggebraaten",
      "telecom": [
        {
          "system": "email",
          "value": "tegge@us.ibm.com"
        }
      ]
    }
  ],
  "description": "IBM® Health Data Connect standard value set for the type of adjustment for the claim",
  "compose": {
    "include": [
      {
        "system": "http://ibm.com/fhir/cdm/CodeSystem/wh-payer-claim-adjustment-type"
      }
    ]
  }
}