<?xml version="1.0" encoding="UTF-8"?>

<CommunicationRequest xmlns="http://hl7.org/fhir">
  <id value="EngagementCommunicationRequestExample"/>
  <meta>
    <extension url="http://ibm.com/fhir/cdm/StructureDefinition/tenant-id">
      <valueString value="99999"/>
    </extension>
    <extension url="http://ibm.com/fhir/cdm/StructureDefinition/ingestion-batch-id">
      <valueString value="b069a545-9506-40c6-8498-23de2e189143"/>
    </extension>
    <extension url="http://ibm.com/fhir/cdm/StructureDefinition/process-organization">
      <valueString value="IBM"/>
    </extension>
    <extension url="http://ibm.com/fhir/cdm/StructureDefinition/process-type">
      <valueString value="Engagement Communication"/>
    </extension>
    <extension url="http://ibm.com/fhir/cdm/StructureDefinition/process-name">
      <valueString value="ATC"/>
    </extension>
    <extension url="http://ibm.com/fhir/cdm/StructureDefinition/process-version">
      <valueString value="1.0"/>
    </extension>
    <extension url="http://ibm.com/fhir/cdm/StructureDefinition/process-timestamp">
      <valueDateTime value="2020-03-01T03:05:00Z"/>
    </extension>
    <source value="http://ibm.com/fhir/engagement"/>
    <profile value="http://ibm.com/fhir/cdm/StructureDefinition/engagement-communication-request"/>
    <tag>
      <system value="http://ibm.com/fhir/cdm/CodeSystem/process-meta-source-classification"/>
      <code value="derived"/>
    </tag>
  </meta>
  <text>
    <status value="extensions"/><div xmlns="http://www.w3.org/1999/xhtml"><p><b>Generated Narrative</b></p><p><b>Communication Contact</b>: 808-248-8689(MOBILE)</p><p><b>Communication Template</b>: dm-template</p><p><b>Communication Payload Data</b>: {shortCode = '888-111'}</p><p><b>Communication Product</b>: <span title="Codes: {http://ibm.com/fhir/cdm/CodeSystem/eng-product ihe}">IHE</span></p><p><b>Conversation Type</b>: <span title="Codes: {http://ibm.com/fhir/cdm/CodeSystem/eng-conversation-type gap-in-care}">Health reminders associated with a gap in care</span></p><p><b>Communication On-Behalf Of</b>: <a href="PractitionerRole-CDMPractitionerRole-Attributed-PCP.html">Generated Summary: Derived Resource Identifier: dd914419-12db-4367-aa93-5c7930510e19 (OFFICIAL); active</a></p><p><b>Communication Measure</b>: <a href="Measure-QualityMeasureExample.html">Generated Summary: url: http://ibm.com/fhir/cdm/Measure/QualityMeasureExample; Resource identifier: 8f3a1491-a07f-4860-8977-e7dac7398175; version: 2.0.0; name: Diabetes_HbA1c_Test_Performed; status: active; <span title="Codes: {http://hl7.org/fhir/resource-types Patient}">Patient</span>; date: 2020-01-01; publisher: IBM; Kim Kenna: sloand@us.ibm.com, Tom Eggebraaten: tegge@us.ibm.com; description: Percentage of patients 18-75 years of age with diabetes who had a hemoglobin A1c test performed within the measurement period; approvalDate: 2020-01-01; lastReviewDate: 2020-01-01; effectivePeriod: 2020-01-01 --&gt; (ongoing); <span title="Codes: {http://hl7.org/fhir/codesystem-definition-topic.html treatment}">treatment</span>; library: Measure/Library; <span title="Codes: {http://terminology.hl7.org/CodeSystem/measure-scoring proportion}">Proportion</span>; <span title="Codes: {http://terminology.hl7.org/CodeSystem/measure-type process}">Process</span>; <span title="Codes: {http://terminology.hl7.org/CodeSystem/measure-improvement-notation increase}">Increased score indicates improvement</span>; guidance: Only patients with a diagnosis of Type 1 or Type 2 diabetes should be included in the denominator of this measure.  Patients with a diagnosis of secondary diabetes due to another condition should not be included.</a></p><p><b>Communication Care Gap</b>: dm-hba1c-caregap-poor-control</p><p><b>Communication Priority Sequence</b>: 1</p><blockquote><p><b>Communication Reengagement</b></p><p><b>value</b>: 1</p><p><b>value</b>: 1st reengagement</p></blockquote><p><b>Communication Language</b>: en-US</p><p><b>Communication Retry Limit</b>: 5</p><p><b>Communication Vendor</b>: <a href="Organization/Genesis">Organization/Genesis</a></p><p><b>identifier</b>: Derived Resource Identifier: 0bd930b0-e2fc-4967-957d-a6719ecde9b4</p><p><b>status</b>: completed</p><p><b>statusReason</b>: <span title="Codes: {http://ibm.com/fhir/cdm/CodeSystem/eng-communication-reqeust-status-reason request-complete}">In-Process - Communication request complete</span></p><p><b>category</b>: <span title="Codes: {http://terminology.hl7.org/CodeSystem/communication-category notification}">Notification</span></p><p><b>priority</b>: routine</p><p><b>medium</b>: <span title="Codes: {http://ibm.com/fhir/cdm/CodeSystem/eng-communication-mode sms}">Sms Text</span></p><p><b>subject</b>: <a href="Patient/Patient1">Patient/Patient1</a></p><p><b>about</b>: <a href="DetectedIssue-CareGapDetectedIssueExample.html">Generated Summary: Derived Resource Identifier: d90a8ceb-6f1a-4bc6-8d2a-8c00e6ea8a3e; status: final; identified: 2020-02-14 --&gt; 2020-02-28</a></p><h3>Payloads</h3><table class="grid"><tr><td>-</td><td><b>Content[x]</b></td></tr><tr><td>*</td><td>Our records indicate you are overdue for a medical appointment.  Please contact [PRACTIIONER-NAME] at [FACILITY-NAME], [FACILTY-PHONE] to schedule an appointment.</td></tr></table><p><b>occurrence</b>: Jun 16, 2020, 9:00:00 AM --&gt; Jun 16, 2020, 8:00:00 PM</p><p><b>authoredOn</b>: Jun 16, 2020, 3:00:00 AM</p><p><b>requester</b>: <a href="Organization/IBM">Organization/IBM</a></p><p><b>recipient</b>: <a href="Patient/Patient1">Patient/Patient1</a></p><p><b>sender</b>: <a href="Organization/IBM">Organization/IBM</a></p></div>
  </text>
  <extension url="http://ibm.com/fhir/cdm/StructureDefinition/communication-contact">
    <valueContactPoint>
      <system value="sms"/>
      <value value="808-248-8689"/>
      <use value="mobile"/>
    </valueContactPoint>
  </extension>
  <extension url="http://ibm.com/fhir/cdm/StructureDefinition/communication-template">
    <valueString value="dm-template"/>
  </extension>
  <extension url="http://ibm.com/fhir/cdm/StructureDefinition/communication-payload-data">
    <valueString value="{shortCode = &#39;888-111&#39;}"/>
  </extension>
  <extension url="http://ibm.com/fhir/cdm/StructureDefinition/communication-product">
    <valueCodeableConcept>
      <coding>
        <system value="http://ibm.com/fhir/cdm/CodeSystem/eng-product"/>
        <code value="ihe"/>
      </coding>
    </valueCodeableConcept>
  </extension>
  <extension url="http://ibm.com/fhir/cdm/StructureDefinition/conversation-type">
    <valueCodeableConcept>
      <coding>
        <system value="http://ibm.com/fhir/cdm/CodeSystem/eng-conversation-type"/>
        <code value="gap-in-care"/>
      </coding>
    </valueCodeableConcept>
  </extension>
  <extension url="http://ibm.com/fhir/cdm/StructureDefinition/communication-on-behalf-of">
    <valueReference>
      <reference value="PractitionerRole/CDMPractitionerRole-Attributed-PCP"/>
    </valueReference>
  </extension>
  <extension url="http://ibm.com/fhir/cdm/StructureDefinition/communication-measure">
    <valueReference>
      <reference value="Measure/QualityMeasureExample"/>
    </valueReference>
  </extension>
  <extension url="http://ibm.com/fhir/cdm/StructureDefinition/communication-care-gap">
    <valueString value="dm-hba1c-caregap-poor-control"/>
  </extension>
  <extension url="http://ibm.com/fhir/cdm/StructureDefinition/communication-priority-sequence">
    <valueDecimal value="1"/>
  </extension>
  <extension url="http://ibm.com/fhir/cdm/StructureDefinition/communication-reengagement">
    <extension url="http://ibm.com/fhir/cdm/StructureDefinition/reengagement-value">
      <valueUnsignedInt value="1"/>
    </extension>
    <extension url="http://ibm.com/fhir/cdm/StructureDefinition/reengagement-display">
      <valueString value="1st reengagement"/>
    </extension>
  </extension>
  <extension url="http://ibm.com/fhir/cdm/StructureDefinition/communication-language">
    <valueCode value="en-US"/>
  </extension>
  <extension url="http://ibm.com/fhir/cdm/StructureDefinition/communication-retry-limt">
    <valueString value="5"/>
  </extension>
  <extension url="http://ibm.com/fhir/cdm/StructureDefinition/communication-vendor">
    <valueReference>
      <reference value="Organization/Genesis"/>
    </valueReference>
  </extension>
  <identifier>
    <type>
      <coding>
        <system value="http://ibm.com/fhir/cdm/CodeSystem/identifier-type"/>
        <code value="DRI"/>
      </coding>
    </type>
    <system value="http://ibm.com/fhir/cdm/engagement-communication-request"/>
    <value value="0bd930b0-e2fc-4967-957d-a6719ecde9b4"/>
    <assigner>
      <display value="IBM"/>
    </assigner>
  </identifier>
  <status value="completed"/>
  <statusReason>
    <extension url="http://ibm.com/fhir/cdm/StructureDefinition/process-timestamp">
      <valueDateTime value="2020-03-01T03:06:01Z"/>
    </extension>
    <coding>
      <system value="http://ibm.com/fhir/cdm/CodeSystem/eng-communication-reqeust-status-reason"/>
      <code value="request-complete"/>
      <display value="In-Process - Communication request complete"/>
    </coding>
  </statusReason>
  <category>
    <coding>
      <system value="http://terminology.hl7.org/CodeSystem/communication-category"/>
      <code value="notification"/>
    </coding>
  </category>
  <priority value="routine"/>
  <medium>
    <coding>
      <system value="http://ibm.com/fhir/cdm/CodeSystem/eng-communication-mode"/>
      <code value="sms"/>
    </coding>
  </medium>
  <subject>
    <reference value="Patient/Patient1"/>
  </subject>
  <about>
    <reference value="DetectedIssue/CareGapDetectedIssueExample"/>
  </about>
  <payload>
    <contentString value="Our records indicate you are overdue for a medical appointment.  Please contact [PRACTIIONER-NAME] at [FACILITY-NAME], [FACILTY-PHONE] to schedule an appointment."/>
  </payload>
  <occurrencePeriod>
    <start value="2020-06-16T09:00:00Z"/>
    <end value="2020-06-16T20:00:00Z"/>
  </occurrencePeriod>
  <authoredOn value="2020-06-16T03:00:00Z"/>
  <requester>
    <reference value="Organization/IBM"/>
  </requester>
  <recipient>
    <reference value="Patient/Patient1"/>
  </recipient>
  <sender>
    <reference value="Organization/IBM"/>
  </sender>
</CommunicationRequest>