{"resourceType":"CodeSystem","id":"attribution-product","text":{"status":"generated","div":"<div xmlns=\"http://www.w3.org/1999/xhtml\"><p>This code system http://ibm.com/fhir/cdm/CodeSystem/attribution-product defines the following codes:</p><table class=\"codes\"><tr><td style=\"white-space:nowrap\"><b>Code</b></td><td><b>Display</b></td><td><b>Definition</b></td></tr><tr><td style=\"white-space:nowrap\">advantage<a name=\"attribution-product-advantage\"> </a></td><td>Advantage Suite</td><td>Primary care physician imputed by the Advantage pipeline</td></tr><tr><td style=\"white-space:nowrap\">engagement<a name=\"attribution-product-engagement\"> </a></td><td>Engagement</td><td>Practitioner attributed by the Engagement pipeline</td></tr></table></div>"},"url":"http://ibm.com/fhir/cdm/CodeSystem/attribution-product","version":"5.0.0","name":"AttributionProductCodeSystem","title":"Attribution Product Codes","status":"active","date":"2021-11-19T14:45:01+00:00","contact":[{"name":"Kim Kenna","telecom":[{"system":"email","value":"sloand@us.ibm.com"}]},{"name":"Tom Eggebraaten","telecom":[{"system":"email","value":"tegge@us.ibm.com"}]}],"description":"Product that associate a patient to a practitioner","content":"complete","count":2,"concept":[{"code":"advantage","display":"Advantage Suite","definition":"Primary care physician imputed by the Advantage pipeline"},{"code":"engagement","display":"Engagement","definition":"Practitioner attributed by the Engagement pipeline"}]}