{
  "resourceType": "CodeSystem",
  "id": "eng-product",
  "text": {
    "status": "generated",
    "div": "<div xmlns=\"http://www.w3.org/1999/xhtml\"><p>This code system http://ibm.com/fhir/cdm/CodeSystem/eng-product defines the following codes:</p><table class=\"codes\"><tr><td style=\"white-space:nowrap\"><b>Code</b></td><td><b>Display</b></td><td><b>Definition</b></td></tr><tr><td style=\"white-space:nowrap\">campaign<a name=\"eng-product-campaign\"> </a></td><td>Campaign</td><td>Custom campaigns configured by customers in IBM® Phytel Coordinate</td></tr><tr><td style=\"white-space:nowrap\">coordinate<a name=\"eng-product-coordinate\"> </a></td><td>Coordinate</td><td>Coordinate communications</td></tr><tr><td style=\"white-space:nowrap\">ihe<a name=\"eng-product-ihe\"> </a></td><td>IHE</td><td>IBM® Intelligent Health Engagement</td></tr><tr><td style=\"white-space:nowrap\">outreach<a name=\"eng-product-outreach\"> </a></td><td>Outreach</td><td>Automated outreach communications based on care gaps</td></tr><tr><td style=\"white-space:nowrap\">remind<a name=\"eng-product-remind\"> </a></td><td>Remind</td><td>Automated appointment reminders</td></tr></table></div>"
  },
  "url": "http://ibm.com/fhir/cdm/CodeSystem/eng-product",
  "version": "0.1.0",
  "name": "EngagementProductCodeSystem",
  "title": "Engagement Product Codes",
  "status": "active",
  "date": "2021-08-05T15:18:11+00:00",
  "contact": [
    {
      "name": "Kim Kenna",
      "telecom": [
        {
          "system": "email",
          "value": "sloand@us.ibm.com"
        }
      ]
    },
    {
      "name": "Tom Eggebraaten",
      "telecom": [
        {
          "system": "email",
          "value": "tegge@us.ibm.com"
        }
      ]
    }
  ],
  "description": "IBM Watson Health engagement products",
  "content": "complete",
  "count": 5,
  "concept": [
    {
      "code": "campaign",
      "display": "Campaign",
      "definition": "Custom campaigns configured by customers in IBM® Phytel Coordinate"
    },
    {
      "code": "coordinate",
      "display": "Coordinate",
      "definition": "Coordinate communications"
    },
    {
      "code": "ihe",
      "display": "IHE",
      "definition": "IBM® Intelligent Health Engagement"
    },
    {
      "code": "outreach",
      "display": "Outreach",
      "definition": "Automated outreach communications based on care gaps"
    },
    {
      "code": "remind",
      "display": "Remind",
      "definition": "Automated appointment reminders"
    }
  ]
}