{
  "resourceType": "CodeSystem",
  "id": "ffv-schedule",
  "text": {
    "status": "generated",
    "div": "<div xmlns=\"http://www.w3.org/1999/xhtml\"><p>This code system http://ibm.com/fhir/cdm/CodeSystem/ffv-schedule defines the following codes:</p><table class=\"codes\"><tr><td style=\"white-space:nowrap\"><b>Code</b></td><td><b>Display</b></td></tr><tr><td style=\"white-space:nowrap\">monthly<a name=\"ffv-schedule-monthly\"> </a></td><td>Monthly</td></tr><tr><td style=\"white-space:nowrap\">quarterly<a name=\"ffv-schedule-quarterly\"> </a></td><td>Quarterly</td></tr><tr><td style=\"white-space:nowrap\">biannually<a name=\"ffv-schedule-biannually\"> </a></td><td>Biannually</td></tr><tr><td style=\"white-space:nowrap\">annually<a name=\"ffv-schedule-annually\"> </a></td><td>Annually</td></tr><tr><td style=\"white-space:nowrap\">ondatareceipt<a name=\"ffv-schedule-ondatareceipt\"> </a></td><td>On reciept of data</td></tr></table></div>"
  },
  "url": "http://ibm.com/fhir/cdm/CodeSystem/ffv-schedule",
  "version": "0.1.0",
  "name": "FFVScheduleCodeSystem",
  "title": "Health Data Connect FFV Schedule Codes",
  "status": "active",
  "date": "2021-08-05T15:18:11+00:00",
  "contact": [
    {
      "name": "Kim Kenna",
      "telecom": [
        {
          "system": "email",
          "value": "sloand@us.ibm.com"
        }
      ]
    },
    {
      "name": "Tom Eggebraaten",
      "telecom": [
        {
          "system": "email",
          "value": "tegge@us.ibm.com"
        }
      ]
    }
  ],
  "description": "IBM® Health Data Connect fee for value initiative schedule codes",
  "content": "complete",
  "count": 5,
  "concept": [
    {
      "code": "monthly",
      "display": "Monthly"
    },
    {
      "code": "quarterly",
      "display": "Quarterly"
    },
    {
      "code": "biannually",
      "display": "Biannually"
    },
    {
      "code": "annually",
      "display": "Annually"
    },
    {
      "code": "ondatareceipt",
      "display": "On reciept of data"
    }
  ]
}