{
  "resourceType": "ValueSet",
  "id": "ffv-schedule",
  "text": {
    "status": "generated",
    "div": "<div xmlns=\"http://www.w3.org/1999/xhtml\"><ul><li>Include all codes defined in <a href=\"CodeSystem-ffv-schedule.html\"><code>http://ibm.com/fhir/cdm/CodeSystem/ffv-schedule</code></a></li></ul></div>"
  },
  "url": "http://ibm.com/fhir/cdm/ValueSet/ffv-schedule",
  "version": "0.1.0",
  "name": "FFVScheduleValueSet",
  "title": "Health Data Connect FFV Schedule Value Set",
  "status": "active",
  "date": "2021-08-05T15:18:11+00:00",
  "contact": [
    {
      "name": "Kim Kenna",
      "telecom": [
        {
          "system": "email",
          "value": "sloand@us.ibm.com"
        }
      ]
    },
    {
      "name": "Tom Eggebraaten",
      "telecom": [
        {
          "system": "email",
          "value": "tegge@us.ibm.com"
        }
      ]
    }
  ],
  "description": "IBM® Health Data Connect valuset defining fee for value initiative schedule codes",
  "compose": {
    "include": [
      {
        "system": "http://ibm.com/fhir/cdm/CodeSystem/ffv-schedule"
      }
    ]
  }
}