{"resourceType":"CodeSystem","id":"process-meta-source-classification","text":{"status":"generated","div":"<div xmlns=\"http://www.w3.org/1999/xhtml\"><p>This code system http://ibm.com/fhir/cdm/CodeSystem/process-meta-source-classification defines the following codes:</p><table class=\"codes\"><tr><td style=\"white-space:nowrap\"><b>Code</b></td><td><b>Display</b></td><td><b>Definition</b></td></tr><tr><td style=\"white-space:nowrap\">system-of-record<a name=\"process-meta-source-classification-system-of-record\"> </a></td><td>System of record</td><td>Primary data that originates from the source system of record or the data integrator.</td></tr><tr><td style=\"white-space:nowrap\">derived<a name=\"process-meta-source-classification-derived\"> </a></td><td>Derived</td><td>Derived data produced by a data processor that interprets, aggregates or in some other way enhances the source data.</td></tr></table></div>"},"url":"http://ibm.com/fhir/cdm/CodeSystem/process-meta-source-classification","version":"4.0.0","name":"ProcessMetaSourceClassification","title":"Classification of the origin of data","status":"active","date":"2021-10-18T17:51:29+00:00","contact":[{"name":"Kim Kenna","telecom":[{"system":"email","value":"sloand@us.ibm.com"}]},{"name":"Tom Eggebraaten","telecom":[{"system":"email","value":"tegge@us.ibm.com"}]}],"description":"Identifies the class of origin of the data elements","content":"complete","count":2,"concept":[{"code":"system-of-record","display":"System of record","definition":"Primary data that originates from the source system of record or the data integrator."},{"code":"derived","display":"Derived","definition":"Derived data produced by a data processor that interprets, aggregates or in some other way enhances the source data."}]}