{"resourceType":"ValueSet","id":"place-of-service","text":{"status":"generated","div":"<div xmlns=\"http://www.w3.org/1999/xhtml\"><ul><li>Include all codes defined in <code>https://www.cms.gov/Medicare/Coding/place-of-service-codes/Place_of_Service_Code_Set</code></li></ul></div>"},"url":"http://ibm.com/fhir/cdm/ValueSet/place-of-service","version":"4.0.0","name":"PlaceOfServiceValueSet","title":"Claim Supporting Info Category Value Set","status":"active","date":"2021-10-18T17:51:29+00:00","contact":[{"name":"Kim Kenna","telecom":[{"system":"email","value":"sloand@us.ibm.com"}]},{"name":"Tom Eggebraaten","telecom":[{"system":"email","value":"tegge@us.ibm.com"}]}],"description":"The value set that indicates the place of service, based on standard values from Centers for Medicare and Medicaid Services (CMS).","compose":{"include":[{"system":"https://www.cms.gov/Medicare/Coding/place-of-service-codes/Place_of_Service_Code_Set"}]}}