{"resourceType":"ValueSet","id":"wh-diagnosis-type","text":{"status":"generated","div":"<div xmlns=\"http://www.w3.org/1999/xhtml\"><p>This value set includes codes based on the following rules:</p><ul><li>Include all codes defined in <a href=\"CodeSystem-wh-diagnosis-type.html\"><code>http://ibm.com/fhir/cdm/CodeSystem/wh-diagnosis-type</code></a></li><li>Include all codes defined in <a href=\"http://terminology.hl7.org/2.1.0/CodeSystem-ex-diagnosistype.html\"><code>http://terminology.hl7.org/CodeSystem/ex-diagnosistype</code></a></li></ul></div>"},"url":"http://ibm.com/fhir/cdm/ValueSet/wh-diagnosis-type","version":"4.0.0","name":"WhDiagnosisTypeValueSet","title":"Health Data Connect Diagnosis Type Value Set","status":"active","date":"2021-10-18T17:51:29+00:00","contact":[{"name":"Kim Kenna","telecom":[{"system":"email","value":"sloand@us.ibm.com"}]},{"name":"Tom Eggebraaten","telecom":[{"system":"email","value":"tegge@us.ibm.com"}]}],"description":"IBM® Health Data Connect value set for the diagnosis codes on a claim","compose":{"include":[{"system":"http://ibm.com/fhir/cdm/CodeSystem/wh-diagnosis-type"},{"system":"http://terminology.hl7.org/CodeSystem/ex-diagnosistype"}]}}