{"resourceType":"ValueSet","id":"insight-category-values","text":{"status":"generated","div":"<div xmlns=\"http://www.w3.org/1999/xhtml\"><ul><li>Include all codes defined in <a href=\"CodeSystem-insight-category-code-system.html\"><code>http://ibm.com/fhir/cdm/CodeSystem/insight-category-code-system</code></a></li></ul></div>"},"url":"http://ibm.com/fhir/cdm/ValueSet/insight-category-values","version":"4.0.0","name":"InsightCategoryValueSet","title":"Insight Category ValueSet","status":"active","date":"2021-10-26T02:43:06+00:00","contact":[{"name":"Kim Kenna","telecom":[{"system":"email","value":"sloand@us.ibm.com"}]},{"name":"Tom Eggebraaten","telecom":[{"system":"email","value":"tegge@us.ibm.com"}]}],"description":"Values for the top level categorization of an insight produced relating to specific FHIR element(s) in the resource instance.","compose":{"include":[{"system":"http://ibm.com/fhir/cdm/CodeSystem/insight-category-code-system"}]}}