<?xml version="1.0" encoding="UTF-8"?>

<CodeSystem xmlns="http://hl7.org/fhir">
  <id value="er-or-observation-room-service"/>
  <text>
    <status value="generated"/><div xmlns="http://www.w3.org/1999/xhtml"><p>This code system http://ibm.com/fhir/cdm/CodeSystem/er-or-observation-room-service defines the following codes:</p><table class="codes"><tr><td style="white-space:nowrap"><b>Code</b></td><td><b>Display</b></td><td><b>Definition</b></td></tr><tr><td style="white-space:nowrap">1<a name="er-or-observation-room-service-1"> </a></td><td>Emergency Room</td><td>Indicates an ER revenue code (0450-0459) is present on a facility claim line for a given claim</td></tr><tr><td style="white-space:nowrap">2<a name="er-or-observation-room-service-2"> </a></td><td>Observation Room</td><td>Indicates an Observation Room revenue code (0762) is present on a facility claim line for a given claim</td></tr><tr><td style="white-space:nowrap">3<a name="er-or-observation-room-service-3"> </a></td><td>ER and Observation Room</td><td>Indicates and ER and Observation Room revenue code (0450-0459, 0762) is present facility claim lines for a given claim</td></tr></table></div>
  </text>
  <url value="http://ibm.com/fhir/cdm/CodeSystem/er-or-observation-room-service"/>
  <version value="2.0.0"/>
  <name value="ErOrObservationRoomServiceCodeSystem"/>
  <title value="Er Or Observation Room Service Codes"/>
  <status value="active"/>
  <date value="2021-09-20T17:48:04+00:00"/>
  <contact>
    <name value="Kim Kenna"/>
    <telecom>
      <system value="email"/>
      <value value="sloand@us.ibm.com"/>
    </telecom>
  </contact>
  <contact>
    <name value="Tom Eggebraaten"/>
    <telecom>
      <system value="email"/>
      <value value="tegge@us.ibm.com"/>
    </telecom>
  </contact>
  <description value="Er Or Observation Room Service codes for claims"/>
  <content value="complete"/>
  <count value="3"/>
  <concept>
    <code value="1"/>
    <display value="Emergency Room"/>
    <definition value="Indicates an ER revenue code (0450-0459) is present on a facility claim line for a given claim"/>
  </concept>
  <concept>
    <code value="2"/>
    <display value="Observation Room"/>
    <definition value="Indicates an Observation Room revenue code (0762) is present on a facility claim line for a given claim"/>
  </concept>
  <concept>
    <code value="3"/>
    <display value="ER and Observation Room"/>
    <definition value="Indicates and ER and Observation Room revenue code (0450-0459, 0762) is present facility claim lines for a given claim"/>
  </concept>
</CodeSystem>