<?xml version="1.0" encoding="UTF-8"?>

<CodeSystem xmlns="http://hl7.org/fhir">
  <id value="wh-payer-procedure-group"/>
  <text>
    <status value="generated"/><div xmlns="http://www.w3.org/1999/xhtml"><p>This code system http://ibm.com/fhir/cdm/CodeSystem/wh-payer-procedure-group defines the following codes:</p><table class="codes"><tr><td style="white-space:nowrap"><b>Code</b></td><td><b>Display</b></td><td><b>Definition</b></td></tr><tr><td style="white-space:nowrap">1<a name="wh-payer-procedure-group-1"> </a></td><td>Incision &amp; drainage of cyst</td><td>Incision &amp; drainage of cyst</td></tr><tr><td style="white-space:nowrap">2<a name="wh-payer-procedure-group-2"> </a></td><td>Acne surgery</td><td>Acne surgery</td></tr><tr><td style="white-space:nowrap">3<a name="wh-payer-procedure-group-3"> </a></td><td>Nail debridement/avulsion</td><td>Nail debridement/avulsion</td></tr><tr><td style="white-space:nowrap">4<a name="wh-payer-procedure-group-4"> </a></td><td>Skin lesion injection</td><td>Skin lesion injection</td></tr><tr><td style="white-space:nowrap">5<a name="wh-payer-procedure-group-5"> </a></td><td>Destruction, facial lesion</td><td>Destruction, facial lesion</td></tr><tr><td style="white-space:nowrap">6<a name="wh-payer-procedure-group-6"> </a></td><td>Destruction, non-facial lesion</td><td>Destruction, non-facial lesion</td></tr><tr><td style="white-space:nowrap">7<a name="wh-payer-procedure-group-7"> </a></td><td>Destruction of warts</td><td>Destruction of warts</td></tr><tr><td style="white-space:nowrap">8<a name="wh-payer-procedure-group-8"> </a></td><td>Excision of breast tissue</td><td>Excision of breast tissue</td></tr><tr><td style="white-space:nowrap">9<a name="wh-payer-procedure-group-9"> </a></td><td>Other minor skin &amp; breast surgery</td><td>Other minor skin &amp; breast surgery</td></tr><tr><td style="white-space:nowrap">10<a name="wh-payer-procedure-group-10"> </a></td><td>Arthrocentesis, sm/med joint</td><td>Arthrocentesis, sm/med joint</td></tr><tr><td style="white-space:nowrap">11<a name="wh-payer-procedure-group-11"> </a></td><td>Arthrocentesis, large joint</td><td>Arthrocentesis, large joint</td></tr><tr><td style="white-space:nowrap">12<a name="wh-payer-procedure-group-12"> </a></td><td>Other major skin surgery</td><td>Other major skin surgery</td></tr><tr><td style="white-space:nowrap">13<a name="wh-payer-procedure-group-13"> </a></td><td>Other major breast surgery</td><td>Other major breast surgery</td></tr><tr><td style="white-space:nowrap">14<a name="wh-payer-procedure-group-14"> </a></td><td>Other major musculoskeletal surgery</td><td>Other major musculoskeletal surgery</td></tr><tr><td style="white-space:nowrap">15<a name="wh-payer-procedure-group-15"> </a></td><td>Other minor musculoskeletal surgery</td><td>Other minor musculoskeletal surgery</td></tr><tr><td style="white-space:nowrap">16<a name="wh-payer-procedure-group-16"> </a></td><td>Bronchoscopy</td><td>Bronchoscopy</td></tr><tr><td style="white-space:nowrap">17<a name="wh-payer-procedure-group-17"> </a></td><td>Laryngoscopy</td><td>Laryngoscopy</td></tr><tr><td style="white-space:nowrap">19<a name="wh-payer-procedure-group-19"> </a></td><td>Other minor respiratory procedures</td><td>Other minor respiratory procedures</td></tr><tr><td style="white-space:nowrap">20<a name="wh-payer-procedure-group-20"> </a></td><td>Other major respiratory procedures</td><td>Other major respiratory procedures</td></tr><tr><td style="white-space:nowrap">31<a name="wh-payer-procedure-group-31"> </a></td><td>Venipuncture (draw blood)</td><td>Venipuncture (draw blood)</td></tr><tr><td style="white-space:nowrap">38<a name="wh-payer-procedure-group-38"> </a></td><td>Other minor cardiovascular procedures</td><td>Other minor cardiovascular procedures</td></tr><tr><td style="white-space:nowrap">39<a name="wh-payer-procedure-group-39"> </a></td><td>Other major cardiovascular procedures</td><td>Other major cardiovascular procedures</td></tr><tr><td style="white-space:nowrap">44<a name="wh-payer-procedure-group-44"> </a></td><td>Minor hemic &amp; lymphatic procedures</td><td>Minor hemic &amp; lymphatic procedures</td></tr><tr><td style="white-space:nowrap">45<a name="wh-payer-procedure-group-45"> </a></td><td>Major hemic &amp; lymphatic procedures</td><td>Major hemic &amp; lymphatic procedures</td></tr><tr><td style="white-space:nowrap">46<a name="wh-payer-procedure-group-46"> </a></td><td>Upper GI endoscopy</td><td>Upper GI endoscopy</td></tr><tr><td style="white-space:nowrap">47<a name="wh-payer-procedure-group-47"> </a></td><td>Repair of inguinal hernia</td><td>Repair of inguinal hernia</td></tr><tr><td style="white-space:nowrap">48<a name="wh-payer-procedure-group-48"> </a></td><td>Colonoscopy</td><td>Colonoscopy</td></tr><tr><td style="white-space:nowrap">49<a name="wh-payer-procedure-group-49"> </a></td><td>Other major digestive procedures</td><td>Other major digestive procedures</td></tr><tr><td style="white-space:nowrap">50<a name="wh-payer-procedure-group-50"> </a></td><td>Other minor digestive procedures</td><td>Other minor digestive procedures</td></tr><tr><td style="white-space:nowrap">51<a name="wh-payer-procedure-group-51"> </a></td><td>Cystourethroscopy</td><td>Cystourethroscopy</td></tr><tr><td style="white-space:nowrap">52<a name="wh-payer-procedure-group-52"> </a></td><td>Transurethral surgery</td><td>Transurethral surgery</td></tr><tr><td style="white-space:nowrap">54<a name="wh-payer-procedure-group-54"> </a></td><td>Other minor urinary procedures</td><td>Other minor urinary procedures</td></tr><tr><td style="white-space:nowrap">55<a name="wh-payer-procedure-group-55"> </a></td><td>Other major urinary procedures</td><td>Other major urinary procedures</td></tr><tr><td style="white-space:nowrap">58<a name="wh-payer-procedure-group-58"> </a></td><td>Minor male genital procedures</td><td>Minor male genital procedures</td></tr><tr><td style="white-space:nowrap">59<a name="wh-payer-procedure-group-59"> </a></td><td>Major male genital procedures</td><td>Major male genital procedures</td></tr><tr><td style="white-space:nowrap">61<a name="wh-payer-procedure-group-61"> </a></td><td>Colposcopy</td><td>Colposcopy</td></tr><tr><td style="white-space:nowrap">62<a name="wh-payer-procedure-group-62"> </a></td><td>Dilation &amp; currettage</td><td>Dilation &amp; currettage</td></tr><tr><td style="white-space:nowrap">63<a name="wh-payer-procedure-group-63"> </a></td><td>Laparoscopy, hysteroscopy</td><td>Laparoscopy, hysteroscopy</td></tr><tr><td style="white-space:nowrap">64<a name="wh-payer-procedure-group-64"> </a></td><td>Minor female genital procedures</td><td>Minor female genital procedures</td></tr><tr><td style="white-space:nowrap">65<a name="wh-payer-procedure-group-65"> </a></td><td>Major female genital procedures</td><td>Major female genital procedures</td></tr><tr><td style="white-space:nowrap">66<a name="wh-payer-procedure-group-66"> </a></td><td>Decompression, carpal tunnel</td><td>Decompression, carpal tunnel</td></tr><tr><td style="white-space:nowrap">68<a name="wh-payer-procedure-group-68"> </a></td><td>Minor endocrine system procedures</td><td>Minor endocrine system procedures</td></tr><tr><td style="white-space:nowrap">69<a name="wh-payer-procedure-group-69"> </a></td><td>Major endocrine system procedures</td><td>Major endocrine system procedures</td></tr><tr><td style="white-space:nowrap">74<a name="wh-payer-procedure-group-74"> </a></td><td>Minor nervous system procedures</td><td>Minor nervous system procedures</td></tr><tr><td style="white-space:nowrap">75<a name="wh-payer-procedure-group-75"> </a></td><td>Major nervous system procedures</td><td>Major nervous system procedures</td></tr><tr><td style="white-space:nowrap">76<a name="wh-payer-procedure-group-76"> </a></td><td>Cataract removal</td><td>Cataract removal</td></tr><tr><td style="white-space:nowrap">84<a name="wh-payer-procedure-group-84"> </a></td><td>Other minor eye/ocular procedures</td><td>Other minor eye/ocular procedures</td></tr><tr><td style="white-space:nowrap">85<a name="wh-payer-procedure-group-85"> </a></td><td>Other major eye/ocular procedures</td><td>Other major eye/ocular procedures</td></tr><tr><td style="white-space:nowrap">94<a name="wh-payer-procedure-group-94"> </a></td><td>Other minor ear/auditory procedures</td><td>Other minor ear/auditory procedures</td></tr><tr><td style="white-space:nowrap">95<a name="wh-payer-procedure-group-95"> </a></td><td>Other major ear/auditory procedures</td><td>Other major ear/auditory procedures</td></tr><tr><td style="white-space:nowrap">98<a name="wh-payer-procedure-group-98"> </a></td><td>Other minor surgery procedures</td><td>Other minor surgery procedures</td></tr><tr><td style="white-space:nowrap">99<a name="wh-payer-procedure-group-99"> </a></td><td>Other major surgery procedures</td><td>Other major surgery procedures</td></tr><tr><td style="white-space:nowrap">101<a name="wh-payer-procedure-group-101"> </a></td><td>Office visits, new patient</td><td>Office visits, new patient</td></tr><tr><td style="white-space:nowrap">104<a name="wh-payer-procedure-group-104"> </a></td><td>Office visits, established patient</td><td>Office visits, established patient</td></tr><tr><td style="white-space:nowrap">109<a name="wh-payer-procedure-group-109"> </a></td><td>Office visits, other</td><td>Office visits, other</td></tr><tr><td style="white-space:nowrap">110<a name="wh-payer-procedure-group-110"> </a></td><td>Office visits, emergency</td><td>Office visits, emergency</td></tr><tr><td style="white-space:nowrap">111<a name="wh-payer-procedure-group-111"> </a></td><td>Emergency department visits</td><td>Emergency department visits</td></tr><tr><td style="white-space:nowrap">113<a name="wh-payer-procedure-group-113"> </a></td><td>Physician telephone/online visits</td><td>Physician telephone/online visits</td></tr><tr><td style="white-space:nowrap">114<a name="wh-payer-procedure-group-114"> </a></td><td>ER visits, other</td><td>ER visits, other</td></tr><tr><td style="white-space:nowrap">115<a name="wh-payer-procedure-group-115"> </a></td><td>Preventive care visits</td><td>Preventive care visits</td></tr><tr><td style="white-space:nowrap">116<a name="wh-payer-procedure-group-116"> </a></td><td>Facility visits</td><td>Facility visits</td></tr><tr><td style="white-space:nowrap">120<a name="wh-payer-procedure-group-120"> </a></td><td>Outpatient consults</td><td>Outpatient consults</td></tr><tr><td style="white-space:nowrap">121<a name="wh-payer-procedure-group-121"> </a></td><td>Inpatient consults</td><td>Inpatient consults</td></tr><tr><td style="white-space:nowrap">122<a name="wh-payer-procedure-group-122"> </a></td><td>Other consults, location unspecified</td><td>Other consults, location unspecified</td></tr><tr><td style="white-space:nowrap">124<a name="wh-payer-procedure-group-124"> </a></td><td>Psychiatric diagnostic services</td><td>Psychiatric diagnostic services</td></tr><tr><td style="white-space:nowrap">127<a name="wh-payer-procedure-group-127"> </a></td><td>Specialty drugs other than chemotherapy</td><td>Specialty drugs other than chemotherapy</td></tr><tr><td style="white-space:nowrap">128<a name="wh-payer-procedure-group-128"> </a></td><td>Unlisted general med service</td><td>Unlisted general med service</td></tr><tr><td style="white-space:nowrap">129<a name="wh-payer-procedure-group-129"> </a></td><td>Other medical services</td><td>Other medical services</td></tr><tr><td style="white-space:nowrap">130<a name="wh-payer-procedure-group-130"> </a></td><td>Injections: immunizations</td><td>Injections: immunizations</td></tr><tr><td style="white-space:nowrap">131<a name="wh-payer-procedure-group-131"> </a></td><td>Injections: therapeutic/IV</td><td>Injections: therapeutic/IV</td></tr><tr><td style="white-space:nowrap">132<a name="wh-payer-procedure-group-132"> </a></td><td>Other injections/noninjectables</td><td>Other injections/noninjectables</td></tr><tr><td style="white-space:nowrap">133<a name="wh-payer-procedure-group-133"> </a></td><td>Other preventive medical services</td><td>Other preventive medical services</td></tr><tr><td style="white-space:nowrap">135<a name="wh-payer-procedure-group-135"> </a></td><td>Psychotherapy, individual</td><td>Psychotherapy, individual</td></tr><tr><td style="white-space:nowrap">136<a name="wh-payer-procedure-group-136"> </a></td><td>Psychotherapy, family</td><td>Psychotherapy, family</td></tr><tr><td style="white-space:nowrap">137<a name="wh-payer-procedure-group-137"> </a></td><td>Psychotherapy, group</td><td>Psychotherapy, group</td></tr><tr><td style="white-space:nowrap">138<a name="wh-payer-procedure-group-138"> </a></td><td>Psych advice, non-patient</td><td>Psych advice, non-patient</td></tr><tr><td style="white-space:nowrap">139<a name="wh-payer-procedure-group-139"> </a></td><td>Therapeutic psychiatric services</td><td>Therapeutic psychiatric services</td></tr><tr><td style="white-space:nowrap">140<a name="wh-payer-procedure-group-140"> </a></td><td>Dialysis</td><td>Dialysis</td></tr><tr><td style="white-space:nowrap">143<a name="wh-payer-procedure-group-143"> </a></td><td>Gastroenterology services (non-surgical)</td><td>Gastroenterology services (non-surgical)</td></tr><tr><td style="white-space:nowrap">144<a name="wh-payer-procedure-group-144"> </a></td><td>General eye exams</td><td>General eye exams</td></tr><tr><td style="white-space:nowrap">145<a name="wh-payer-procedure-group-145"> </a></td><td>General ophthalmology services</td><td>General ophthalmology services</td></tr><tr><td style="white-space:nowrap">147<a name="wh-payer-procedure-group-147"> </a></td><td>Ophthalmic diagnostic services</td><td>Ophthalmic diagnostic services</td></tr><tr><td style="white-space:nowrap">148<a name="wh-payer-procedure-group-148"> </a></td><td>ENT diagnostic services</td><td>ENT diagnostic services</td></tr><tr><td style="white-space:nowrap">149<a name="wh-payer-procedure-group-149"> </a></td><td>Speech/hearing therapy</td><td>Speech/hearing therapy</td></tr><tr><td style="white-space:nowrap">150<a name="wh-payer-procedure-group-150"> </a></td><td>Other ENT services (non-surgical)</td><td>Other ENT services (non-surgical)</td></tr><tr><td style="white-space:nowrap">155<a name="wh-payer-procedure-group-155"> </a></td><td>EKG</td><td>EKG</td></tr><tr><td style="white-space:nowrap">156<a name="wh-payer-procedure-group-156"> </a></td><td>EKG stress test</td><td>EKG stress test</td></tr><tr><td style="white-space:nowrap">157<a name="wh-payer-procedure-group-157"> </a></td><td>EKG monitoring</td><td>EKG monitoring</td></tr><tr><td style="white-space:nowrap">158<a name="wh-payer-procedure-group-158"> </a></td><td>PTCA- percutaneous angioplasty</td><td>PTCA- percutaneous angioplasty</td></tr><tr><td style="white-space:nowrap">160<a name="wh-payer-procedure-group-160"> </a></td><td>Echocardiogram</td><td>Echocardiogram</td></tr><tr><td style="white-space:nowrap">161<a name="wh-payer-procedure-group-161"> </a></td><td>Cardiac catheterization</td><td>Cardiac catheterization</td></tr><tr><td style="white-space:nowrap">162<a name="wh-payer-procedure-group-162"> </a></td><td>Dx radiology, other vascular</td><td>Dx radiology, other vascular</td></tr><tr><td style="white-space:nowrap">163<a name="wh-payer-procedure-group-163"> </a></td><td>Other cardiovascular procedures</td><td>Other cardiovascular procedures</td></tr><tr><td style="white-space:nowrap">165<a name="wh-payer-procedure-group-165"> </a></td><td>Non-invasive peripheral vascular studies</td><td>Non-invasive peripheral vascular studies</td></tr><tr><td style="white-space:nowrap">166<a name="wh-payer-procedure-group-166"> </a></td><td>Spirometry</td><td>Spirometry</td></tr><tr><td style="white-space:nowrap">167<a name="wh-payer-procedure-group-167"> </a></td><td>Bronchospasm evaluation</td><td>Bronchospasm evaluation</td></tr><tr><td style="white-space:nowrap">168<a name="wh-payer-procedure-group-168"> </a></td><td>Pulmonary function tests</td><td>Pulmonary function tests</td></tr><tr><td style="white-space:nowrap">169<a name="wh-payer-procedure-group-169"> </a></td><td>Other non-surgical pulmonary services</td><td>Other non-surgical pulmonary services</td></tr><tr><td style="white-space:nowrap">170<a name="wh-payer-procedure-group-170"> </a></td><td>Respiratory therapy</td><td>Respiratory therapy</td></tr><tr><td style="white-space:nowrap">171<a name="wh-payer-procedure-group-171"> </a></td><td>Allergy testing</td><td>Allergy testing</td></tr><tr><td style="white-space:nowrap">172<a name="wh-payer-procedure-group-172"> </a></td><td>Allergy therapy</td><td>Allergy therapy</td></tr><tr><td style="white-space:nowrap">175<a name="wh-payer-procedure-group-175"> </a></td><td>Nerve conduction tests/EMG</td><td>Nerve conduction tests/EMG</td></tr><tr><td style="white-space:nowrap">176<a name="wh-payer-procedure-group-176"> </a></td><td>Unlisted neurol Dx procedures</td><td>Unlisted neurol Dx procedures</td></tr><tr><td style="white-space:nowrap">177<a name="wh-payer-procedure-group-177"> </a></td><td>Other neurology dx services</td><td>Other neurology dx services</td></tr><tr><td style="white-space:nowrap">180<a name="wh-payer-procedure-group-180"> </a></td><td>Chemotherapy</td><td>Chemotherapy</td></tr><tr><td style="white-space:nowrap">181<a name="wh-payer-procedure-group-181"> </a></td><td>Physical medicine: hot/cold packs</td><td>Physical medicine: hot/cold packs</td></tr><tr><td style="white-space:nowrap">182<a name="wh-payer-procedure-group-182"> </a></td><td>Physical medicine: elec stimulation</td><td>Physical medicine: elec stimulation</td></tr><tr><td style="white-space:nowrap">183<a name="wh-payer-procedure-group-183"> </a></td><td>Physical medicine: other modes</td><td>Physical medicine: other modes</td></tr><tr><td style="white-space:nowrap">184<a name="wh-payer-procedure-group-184"> </a></td><td>Physical medicine: ultrasound</td><td>Physical medicine: ultrasound</td></tr><tr><td style="white-space:nowrap">185<a name="wh-payer-procedure-group-185"> </a></td><td>Physical medicine: manipulation</td><td>Physical medicine: manipulation</td></tr><tr><td style="white-space:nowrap">186<a name="wh-payer-procedure-group-186"> </a></td><td>Physical medicine: other procedures</td><td>Physical medicine: other procedures</td></tr><tr><td style="white-space:nowrap">187<a name="wh-payer-procedure-group-187"> </a></td><td>Physical medicine: testing</td><td>Physical medicine: testing</td></tr><tr><td style="white-space:nowrap">189<a name="wh-payer-procedure-group-189"> </a></td><td>Physical medicine: unlisted/other</td><td>Physical medicine: unlisted/other</td></tr><tr><td style="white-space:nowrap">190<a name="wh-payer-procedure-group-190"> </a></td><td>Case management services</td><td>Case management services</td></tr><tr><td style="white-space:nowrap">191<a name="wh-payer-procedure-group-191"> </a></td><td>Spinal manipulation, chiro</td><td>Spinal manipulation, chiro</td></tr><tr><td style="white-space:nowrap">195<a name="wh-payer-procedure-group-195"> </a></td><td>Chiropractic services</td><td>Chiropractic services</td></tr><tr><td style="white-space:nowrap">197<a name="wh-payer-procedure-group-197"> </a></td><td>Specimen handling</td><td>Specimen handling</td></tr><tr><td style="white-space:nowrap">198<a name="wh-payer-procedure-group-198"> </a></td><td>Medical supplies and devices</td><td>Medical supplies and devices</td></tr><tr><td style="white-space:nowrap">199<a name="wh-payer-procedure-group-199"> </a></td><td>Other medicine procedures</td><td>Other medicine procedures</td></tr><tr><td style="white-space:nowrap">200<a name="wh-payer-procedure-group-200"> </a></td><td>Durable medical equipment</td><td>Durable medical equipment</td></tr><tr><td style="white-space:nowrap">201<a name="wh-payer-procedure-group-201"> </a></td><td>X-ray, head &amp; neck</td><td>X-ray, head &amp; neck</td></tr><tr><td style="white-space:nowrap">202<a name="wh-payer-procedure-group-202"> </a></td><td>X-ray, chest</td><td>X-ray, chest</td></tr><tr><td style="white-space:nowrap">204<a name="wh-payer-procedure-group-204"> </a></td><td>X-ray, spine/pelvis</td><td>X-ray, spine/pelvis</td></tr><tr><td style="white-space:nowrap">205<a name="wh-payer-procedure-group-205"> </a></td><td>X-ray, GI tract</td><td>X-ray, GI tract</td></tr><tr><td style="white-space:nowrap">206<a name="wh-payer-procedure-group-206"> </a></td><td>X-ray, abdomen</td><td>X-ray, abdomen</td></tr><tr><td style="white-space:nowrap">207<a name="wh-payer-procedure-group-207"> </a></td><td>X-ray, OB/Gyn</td><td>X-ray, OB/Gyn</td></tr><tr><td style="white-space:nowrap">208<a name="wh-payer-procedure-group-208"> </a></td><td>X-ray, extremities</td><td>X-ray, extremities</td></tr><tr><td style="white-space:nowrap">210<a name="wh-payer-procedure-group-210"> </a></td><td>CT scan, head &amp; neck</td><td>CT scan, head &amp; neck</td></tr><tr><td style="white-space:nowrap">211<a name="wh-payer-procedure-group-211"> </a></td><td>CT scan, chest</td><td>CT scan, chest</td></tr><tr><td style="white-space:nowrap">212<a name="wh-payer-procedure-group-212"> </a></td><td>CT scan, spine</td><td>CT scan, spine</td></tr><tr><td style="white-space:nowrap">213<a name="wh-payer-procedure-group-213"> </a></td><td>CT scan, abdomen/pelvis</td><td>CT scan, abdomen/pelvis</td></tr><tr><td style="white-space:nowrap">214<a name="wh-payer-procedure-group-214"> </a></td><td>CT scan, extremities</td><td>CT scan, extremities</td></tr><tr><td style="white-space:nowrap">215<a name="wh-payer-procedure-group-215"> </a></td><td>PET scan</td><td>PET scan</td></tr><tr><td style="white-space:nowrap">216<a name="wh-payer-procedure-group-216"> </a></td><td>Magnetic resonance (NMR/MRI)</td><td>Magnetic resonance (NMR/MRI)</td></tr><tr><td style="white-space:nowrap">220<a name="wh-payer-procedure-group-220"> </a></td><td>Myelograms/discograms</td><td>Myelograms/discograms</td></tr><tr><td style="white-space:nowrap">221<a name="wh-payer-procedure-group-221"> </a></td><td>Cholecystograms/cholangiograms</td><td>Cholecystograms/cholangiograms</td></tr><tr><td style="white-space:nowrap">222<a name="wh-payer-procedure-group-222"> </a></td><td>Cholecysto/cholangiogram, inv</td><td>Cholecysto/cholangiogram, inv</td></tr><tr><td style="white-space:nowrap">223<a name="wh-payer-procedure-group-223"> </a></td><td>Mammograms</td><td>Mammograms</td></tr><tr><td style="white-space:nowrap">225<a name="wh-payer-procedure-group-225"> </a></td><td>Aortograms</td><td>Aortograms</td></tr><tr><td style="white-space:nowrap">226<a name="wh-payer-procedure-group-226"> </a></td><td>Angiograms</td><td>Angiograms</td></tr><tr><td style="white-space:nowrap">227<a name="wh-payer-procedure-group-227"> </a></td><td>Lymphangiograms</td><td>Lymphangiograms</td></tr><tr><td style="white-space:nowrap">228<a name="wh-payer-procedure-group-228"> </a></td><td>Venograms</td><td>Venograms</td></tr><tr><td style="white-space:nowrap">229<a name="wh-payer-procedure-group-229"> </a></td><td>Dx radiology, misc/other</td><td>Dx radiology, misc/other</td></tr><tr><td style="white-space:nowrap">241<a name="wh-payer-procedure-group-241"> </a></td><td>Dx ultrasound, abdominal</td><td>Dx ultrasound, abdominal</td></tr><tr><td style="white-space:nowrap">242<a name="wh-payer-procedure-group-242"> </a></td><td>Dx ultrasound, pregnancy</td><td>Dx ultrasound, pregnancy</td></tr><tr><td style="white-space:nowrap">243<a name="wh-payer-procedure-group-243"> </a></td><td>Echocardiogram</td><td>Echocardiogram</td></tr><tr><td style="white-space:nowrap">249<a name="wh-payer-procedure-group-249"> </a></td><td>Dx ultrasound, other</td><td>Dx ultrasound, other</td></tr><tr><td style="white-space:nowrap">269<a name="wh-payer-procedure-group-269"> </a></td><td>Therapeutic radiology</td><td>Therapeutic radiology</td></tr><tr><td style="white-space:nowrap">279<a name="wh-payer-procedure-group-279"> </a></td><td>Nuclear medicine, diagnostic</td><td>Nuclear medicine, diagnostic</td></tr><tr><td style="white-space:nowrap">289<a name="wh-payer-procedure-group-289"> </a></td><td>Nuclear medicine, therapeutic</td><td>Nuclear medicine, therapeutic</td></tr><tr><td style="white-space:nowrap">299<a name="wh-payer-procedure-group-299"> </a></td><td>Other radiology procedure</td><td>Other radiology procedure</td></tr><tr><td style="white-space:nowrap">301<a name="wh-payer-procedure-group-301"> </a></td><td>Blood chemisty tests, automated</td><td>Blood chemisty tests, automated</td></tr><tr><td style="white-space:nowrap">302<a name="wh-payer-procedure-group-302"> </a></td><td>Blood chemistry, Rx monitor</td><td>Blood chemistry, Rx monitor</td></tr><tr><td style="white-space:nowrap">303<a name="wh-payer-procedure-group-303"> </a></td><td>Lab tests, organ/disease panel</td><td>Lab tests, organ/disease panel</td></tr><tr><td style="white-space:nowrap">304<a name="wh-payer-procedure-group-304"> </a></td><td>Clinical path, consultation</td><td>Clinical path, consultation</td></tr><tr><td style="white-space:nowrap">306<a name="wh-payer-procedure-group-306"> </a></td><td>Routine urinalysis</td><td>Routine urinalysis</td></tr><tr><td style="white-space:nowrap">307<a name="wh-payer-procedure-group-307"> </a></td><td>Other urinalysis</td><td>Other urinalysis</td></tr><tr><td style="white-space:nowrap">311<a name="wh-payer-procedure-group-311"> </a></td><td>Thyroid function tests (RIA)</td><td>Thyroid function tests (RIA)</td></tr><tr><td style="white-space:nowrap">312<a name="wh-payer-procedure-group-312"> </a></td><td>Thyroid function tests (non-RIA)</td><td>Thyroid function tests (non-RIA)</td></tr><tr><td style="white-space:nowrap">313<a name="wh-payer-procedure-group-313"> </a></td><td>Other radioimmunoassays (RIA)</td><td>Other radioimmunoassays (RIA)</td></tr><tr><td style="white-space:nowrap">319<a name="wh-payer-procedure-group-319"> </a></td><td>Other chemistry tests</td><td>Other chemistry tests</td></tr><tr><td style="white-space:nowrap">320<a name="wh-payer-procedure-group-320"> </a></td><td>Other toxicology tests</td><td>Other toxicology tests</td></tr><tr><td style="white-space:nowrap">331<a name="wh-payer-procedure-group-331"> </a></td><td>Blood count, automated</td><td>Blood count, automated</td></tr><tr><td style="white-space:nowrap">332<a name="wh-payer-procedure-group-332"> </a></td><td>Blood count, manual</td><td>Blood count, manual</td></tr><tr><td style="white-space:nowrap">334<a name="wh-payer-procedure-group-334"> </a></td><td>Blood test: sedimentation rate</td><td>Blood test: sedimentation rate</td></tr><tr><td style="white-space:nowrap">335<a name="wh-payer-procedure-group-335"> </a></td><td>Blood count: platelet</td><td>Blood count: platelet</td></tr><tr><td style="white-space:nowrap">336<a name="wh-payer-procedure-group-336"> </a></td><td>Blood test: Hgb/Hct</td><td>Blood test: Hgb/Hct</td></tr><tr><td style="white-space:nowrap">338<a name="wh-payer-procedure-group-338"> </a></td><td>Blood test: prothrombin time</td><td>Blood test: prothrombin time</td></tr><tr><td style="white-space:nowrap">339<a name="wh-payer-procedure-group-339"> </a></td><td>Other hematology tests</td><td>Other hematology tests</td></tr><tr><td style="white-space:nowrap">349<a name="wh-payer-procedure-group-349"> </a></td><td>Immunology tests</td><td>Immunology tests</td></tr><tr><td style="white-space:nowrap">361<a name="wh-payer-procedure-group-361"> </a></td><td>Definitive bacterial culture</td><td>Definitive bacterial culture</td></tr><tr><td style="white-space:nowrap">362<a name="wh-payer-procedure-group-362"> </a></td><td>Antibiotic sensitivity studies</td><td>Antibiotic sensitivity studies</td></tr><tr><td style="white-space:nowrap">363<a name="wh-payer-procedure-group-363"> </a></td><td>Bacterial culture, urine</td><td>Bacterial culture, urine</td></tr><tr><td style="white-space:nowrap">364<a name="wh-payer-procedure-group-364"> </a></td><td>Bacterial culture, screening</td><td>Bacterial culture, screening</td></tr><tr><td style="white-space:nowrap">369<a name="wh-payer-procedure-group-369"> </a></td><td>Other microbiology tests</td><td>Other microbiology tests</td></tr><tr><td style="white-space:nowrap">371<a name="wh-payer-procedure-group-371"> </a></td><td>Pap smear</td><td>Pap smear</td></tr><tr><td style="white-space:nowrap">372<a name="wh-payer-procedure-group-372"> </a></td><td>Surgical pathology</td><td>Surgical pathology</td></tr><tr><td style="white-space:nowrap">378<a name="wh-payer-procedure-group-378"> </a></td><td>Molecular pathology</td><td>Molecular pathology</td></tr><tr><td style="white-space:nowrap">379<a name="wh-payer-procedure-group-379"> </a></td><td>Other anatomic pathology services</td><td>Other anatomic pathology services</td></tr><tr><td style="white-space:nowrap">389<a name="wh-payer-procedure-group-389"> </a></td><td>Miscellaneous pathology tests</td><td>Miscellaneous pathology tests</td></tr><tr><td style="white-space:nowrap">399<a name="wh-payer-procedure-group-399"> </a></td><td>Other lab &amp; path procedures</td><td>Other lab &amp; path procedures</td></tr><tr><td style="white-space:nowrap">440<a name="wh-payer-procedure-group-440"> </a></td><td>Cesarean section deliveries</td><td>Cesarean section deliveries</td></tr><tr><td style="white-space:nowrap">445<a name="wh-payer-procedure-group-445"> </a></td><td>Vaginal deliveries</td><td>Vaginal deliveries</td></tr><tr><td style="white-space:nowrap">449<a name="wh-payer-procedure-group-449"> </a></td><td>Major maternity procs &amp; related care</td><td>Major maternity procs &amp; related care</td></tr><tr><td style="white-space:nowrap">450<a name="wh-payer-procedure-group-450"> </a></td><td>Other maternity procs &amp; related care</td><td>Other maternity procs &amp; related care</td></tr><tr><td style="white-space:nowrap">470<a name="wh-payer-procedure-group-470"> </a></td><td>Anesthesia services</td><td>Anesthesia services</td></tr><tr><td style="white-space:nowrap">478<a name="wh-payer-procedure-group-478"> </a></td><td>Home health PT/OT/ST</td><td>Home health PT/OT/ST</td></tr><tr><td style="white-space:nowrap">480<a name="wh-payer-procedure-group-480"> </a></td><td>Other home health services</td><td>Other home health services</td></tr><tr><td style="white-space:nowrap">485<a name="wh-payer-procedure-group-485"> </a></td><td>Transportation services</td><td>Transportation services</td></tr><tr><td style="white-space:nowrap">490<a name="wh-payer-procedure-group-490"> </a></td><td>Dental: diagnostic &amp; preventive</td><td>Dental: diagnostic &amp; preventive</td></tr><tr><td style="white-space:nowrap">491<a name="wh-payer-procedure-group-491"> </a></td><td>Dental: basic restorative</td><td>Dental: basic restorative</td></tr><tr><td style="white-space:nowrap">492<a name="wh-payer-procedure-group-492"> </a></td><td>Dental: major restorative</td><td>Dental: major restorative</td></tr><tr><td style="white-space:nowrap">493<a name="wh-payer-procedure-group-493"> </a></td><td>Dental: orthodontics</td><td>Dental: orthodontics</td></tr><tr><td style="white-space:nowrap">494<a name="wh-payer-procedure-group-494"> </a></td><td>Dental: other</td><td>Dental: other</td></tr><tr><td style="white-space:nowrap">498<a name="wh-payer-procedure-group-498"> </a></td><td>Performance tracking codes</td><td>Performance tracking codes</td></tr><tr><td style="white-space:nowrap">499<a name="wh-payer-procedure-group-499"> </a></td><td>Unmapped codes</td><td>Unmapped codes</td></tr></table></div>
  </text>
  <url value="http://ibm.com/fhir/cdm/CodeSystem/wh-payer-procedure-group"/>
  <version value="2.0.0"/>
  <name value="WHPayerProcedureGroupCodeSystem"/>
  <title value="Health Data Connect Procedure Group Codes"/>
  <status value="active"/>
  <date value="2021-10-01T15:07:10+00:00"/>
  <contact>
    <name value="Kim Kenna"/>
    <telecom>
      <system value="email"/>
      <value value="sloand@us.ibm.com"/>
    </telecom>
  </contact>
  <contact>
    <name value="Tom Eggebraaten"/>
    <telecom>
      <system value="email"/>
      <value value="tegge@us.ibm.com"/>
    </telecom>
  </contact>
  <description value="IBM® Health Data Connect standard procedure group codes"/>
  <content value="complete"/>
  <count value="196"/>
  <concept>
    <code value="1"/>
    <display value="Incision &amp; drainage of cyst"/>
    <definition value="Incision &amp; drainage of cyst"/>
  </concept>
  <concept>
    <code value="2"/>
    <display value="Acne surgery"/>
    <definition value="Acne surgery"/>
  </concept>
  <concept>
    <code value="3"/>
    <display value="Nail debridement/avulsion"/>
    <definition value="Nail debridement/avulsion"/>
  </concept>
  <concept>
    <code value="4"/>
    <display value="Skin lesion injection"/>
    <definition value="Skin lesion injection"/>
  </concept>
  <concept>
    <code value="5"/>
    <display value="Destruction, facial lesion"/>
    <definition value="Destruction, facial lesion"/>
  </concept>
  <concept>
    <code value="6"/>
    <display value="Destruction, non-facial lesion"/>
    <definition value="Destruction, non-facial lesion"/>
  </concept>
  <concept>
    <code value="7"/>
    <display value="Destruction of warts"/>
    <definition value="Destruction of warts"/>
  </concept>
  <concept>
    <code value="8"/>
    <display value="Excision of breast tissue"/>
    <definition value="Excision of breast tissue"/>
  </concept>
  <concept>
    <code value="9"/>
    <display value="Other minor skin &amp; breast surgery"/>
    <definition value="Other minor skin &amp; breast surgery"/>
  </concept>
  <concept>
    <code value="10"/>
    <display value="Arthrocentesis, sm/med joint"/>
    <definition value="Arthrocentesis, sm/med joint"/>
  </concept>
  <concept>
    <code value="11"/>
    <display value="Arthrocentesis, large joint"/>
    <definition value="Arthrocentesis, large joint"/>
  </concept>
  <concept>
    <code value="12"/>
    <display value="Other major skin surgery"/>
    <definition value="Other major skin surgery"/>
  </concept>
  <concept>
    <code value="13"/>
    <display value="Other major breast surgery"/>
    <definition value="Other major breast surgery"/>
  </concept>
  <concept>
    <code value="14"/>
    <display value="Other major musculoskeletal surgery"/>
    <definition value="Other major musculoskeletal surgery"/>
  </concept>
  <concept>
    <code value="15"/>
    <display value="Other minor musculoskeletal surgery"/>
    <definition value="Other minor musculoskeletal surgery"/>
  </concept>
  <concept>
    <code value="16"/>
    <display value="Bronchoscopy"/>
    <definition value="Bronchoscopy"/>
  </concept>
  <concept>
    <code value="17"/>
    <display value="Laryngoscopy"/>
    <definition value="Laryngoscopy"/>
  </concept>
  <concept>
    <code value="19"/>
    <display value="Other minor respiratory procedures"/>
    <definition value="Other minor respiratory procedures"/>
  </concept>
  <concept>
    <code value="20"/>
    <display value="Other major respiratory procedures"/>
    <definition value="Other major respiratory procedures"/>
  </concept>
  <concept>
    <code value="31"/>
    <display value="Venipuncture (draw blood)"/>
    <definition value="Venipuncture (draw blood)"/>
  </concept>
  <concept>
    <code value="38"/>
    <display value="Other minor cardiovascular procedures"/>
    <definition value="Other minor cardiovascular procedures"/>
  </concept>
  <concept>
    <code value="39"/>
    <display value="Other major cardiovascular procedures"/>
    <definition value="Other major cardiovascular procedures"/>
  </concept>
  <concept>
    <code value="44"/>
    <display value="Minor hemic &amp; lymphatic procedures"/>
    <definition value="Minor hemic &amp; lymphatic procedures"/>
  </concept>
  <concept>
    <code value="45"/>
    <display value="Major hemic &amp; lymphatic procedures"/>
    <definition value="Major hemic &amp; lymphatic procedures"/>
  </concept>
  <concept>
    <code value="46"/>
    <display value="Upper GI endoscopy"/>
    <definition value="Upper GI endoscopy"/>
  </concept>
  <concept>
    <code value="47"/>
    <display value="Repair of inguinal hernia"/>
    <definition value="Repair of inguinal hernia"/>
  </concept>
  <concept>
    <code value="48"/>
    <display value="Colonoscopy"/>
    <definition value="Colonoscopy"/>
  </concept>
  <concept>
    <code value="49"/>
    <display value="Other major digestive procedures"/>
    <definition value="Other major digestive procedures"/>
  </concept>
  <concept>
    <code value="50"/>
    <display value="Other minor digestive procedures"/>
    <definition value="Other minor digestive procedures"/>
  </concept>
  <concept>
    <code value="51"/>
    <display value="Cystourethroscopy"/>
    <definition value="Cystourethroscopy"/>
  </concept>
  <concept>
    <code value="52"/>
    <display value="Transurethral surgery"/>
    <definition value="Transurethral surgery"/>
  </concept>
  <concept>
    <code value="54"/>
    <display value="Other minor urinary procedures"/>
    <definition value="Other minor urinary procedures"/>
  </concept>
  <concept>
    <code value="55"/>
    <display value="Other major urinary procedures"/>
    <definition value="Other major urinary procedures"/>
  </concept>
  <concept>
    <code value="58"/>
    <display value="Minor male genital procedures"/>
    <definition value="Minor male genital procedures"/>
  </concept>
  <concept>
    <code value="59"/>
    <display value="Major male genital procedures"/>
    <definition value="Major male genital procedures"/>
  </concept>
  <concept>
    <code value="61"/>
    <display value="Colposcopy"/>
    <definition value="Colposcopy"/>
  </concept>
  <concept>
    <code value="62"/>
    <display value="Dilation &amp; currettage"/>
    <definition value="Dilation &amp; currettage"/>
  </concept>
  <concept>
    <code value="63"/>
    <display value="Laparoscopy, hysteroscopy"/>
    <definition value="Laparoscopy, hysteroscopy"/>
  </concept>
  <concept>
    <code value="64"/>
    <display value="Minor female genital procedures"/>
    <definition value="Minor female genital procedures"/>
  </concept>
  <concept>
    <code value="65"/>
    <display value="Major female genital procedures"/>
    <definition value="Major female genital procedures"/>
  </concept>
  <concept>
    <code value="66"/>
    <display value="Decompression, carpal tunnel"/>
    <definition value="Decompression, carpal tunnel"/>
  </concept>
  <concept>
    <code value="68"/>
    <display value="Minor endocrine system procedures"/>
    <definition value="Minor endocrine system procedures"/>
  </concept>
  <concept>
    <code value="69"/>
    <display value="Major endocrine system procedures"/>
    <definition value="Major endocrine system procedures"/>
  </concept>
  <concept>
    <code value="74"/>
    <display value="Minor nervous system procedures"/>
    <definition value="Minor nervous system procedures"/>
  </concept>
  <concept>
    <code value="75"/>
    <display value="Major nervous system procedures"/>
    <definition value="Major nervous system procedures"/>
  </concept>
  <concept>
    <code value="76"/>
    <display value="Cataract removal"/>
    <definition value="Cataract removal"/>
  </concept>
  <concept>
    <code value="84"/>
    <display value="Other minor eye/ocular procedures"/>
    <definition value="Other minor eye/ocular procedures"/>
  </concept>
  <concept>
    <code value="85"/>
    <display value="Other major eye/ocular procedures"/>
    <definition value="Other major eye/ocular procedures"/>
  </concept>
  <concept>
    <code value="94"/>
    <display value="Other minor ear/auditory procedures"/>
    <definition value="Other minor ear/auditory procedures"/>
  </concept>
  <concept>
    <code value="95"/>
    <display value="Other major ear/auditory procedures"/>
    <definition value="Other major ear/auditory procedures"/>
  </concept>
  <concept>
    <code value="98"/>
    <display value="Other minor surgery procedures"/>
    <definition value="Other minor surgery procedures"/>
  </concept>
  <concept>
    <code value="99"/>
    <display value="Other major surgery procedures"/>
    <definition value="Other major surgery procedures"/>
  </concept>
  <concept>
    <code value="101"/>
    <display value="Office visits, new patient"/>
    <definition value="Office visits, new patient"/>
  </concept>
  <concept>
    <code value="104"/>
    <display value="Office visits, established patient"/>
    <definition value="Office visits, established patient"/>
  </concept>
  <concept>
    <code value="109"/>
    <display value="Office visits, other"/>
    <definition value="Office visits, other"/>
  </concept>
  <concept>
    <code value="110"/>
    <display value="Office visits, emergency"/>
    <definition value="Office visits, emergency"/>
  </concept>
  <concept>
    <code value="111"/>
    <display value="Emergency department visits"/>
    <definition value="Emergency department visits"/>
  </concept>
  <concept>
    <code value="113"/>
    <display value="Physician telephone/online visits"/>
    <definition value="Physician telephone/online visits"/>
  </concept>
  <concept>
    <code value="114"/>
    <display value="ER visits, other"/>
    <definition value="ER visits, other"/>
  </concept>
  <concept>
    <code value="115"/>
    <display value="Preventive care visits"/>
    <definition value="Preventive care visits"/>
  </concept>
  <concept>
    <code value="116"/>
    <display value="Facility visits"/>
    <definition value="Facility visits"/>
  </concept>
  <concept>
    <code value="120"/>
    <display value="Outpatient consults"/>
    <definition value="Outpatient consults"/>
  </concept>
  <concept>
    <code value="121"/>
    <display value="Inpatient consults"/>
    <definition value="Inpatient consults"/>
  </concept>
  <concept>
    <code value="122"/>
    <display value="Other consults, location unspecified"/>
    <definition value="Other consults, location unspecified"/>
  </concept>
  <concept>
    <code value="124"/>
    <display value="Psychiatric diagnostic services"/>
    <definition value="Psychiatric diagnostic services"/>
  </concept>
  <concept>
    <code value="127"/>
    <display value="Specialty drugs other than chemotherapy"/>
    <definition value="Specialty drugs other than chemotherapy"/>
  </concept>
  <concept>
    <code value="128"/>
    <display value="Unlisted general med service"/>
    <definition value="Unlisted general med service"/>
  </concept>
  <concept>
    <code value="129"/>
    <display value="Other medical services"/>
    <definition value="Other medical services"/>
  </concept>
  <concept>
    <code value="130"/>
    <display value="Injections: immunizations"/>
    <definition value="Injections: immunizations"/>
  </concept>
  <concept>
    <code value="131"/>
    <display value="Injections: therapeutic/IV"/>
    <definition value="Injections: therapeutic/IV"/>
  </concept>
  <concept>
    <code value="132"/>
    <display value="Other injections/noninjectables"/>
    <definition value="Other injections/noninjectables"/>
  </concept>
  <concept>
    <code value="133"/>
    <display value="Other preventive medical services"/>
    <definition value="Other preventive medical services"/>
  </concept>
  <concept>
    <code value="135"/>
    <display value="Psychotherapy, individual"/>
    <definition value="Psychotherapy, individual"/>
  </concept>
  <concept>
    <code value="136"/>
    <display value="Psychotherapy, family"/>
    <definition value="Psychotherapy, family"/>
  </concept>
  <concept>
    <code value="137"/>
    <display value="Psychotherapy, group"/>
    <definition value="Psychotherapy, group"/>
  </concept>
  <concept>
    <code value="138"/>
    <display value="Psych advice, non-patient"/>
    <definition value="Psych advice, non-patient"/>
  </concept>
  <concept>
    <code value="139"/>
    <display value="Therapeutic psychiatric services"/>
    <definition value="Therapeutic psychiatric services"/>
  </concept>
  <concept>
    <code value="140"/>
    <display value="Dialysis"/>
    <definition value="Dialysis"/>
  </concept>
  <concept>
    <code value="143"/>
    <display value="Gastroenterology services (non-surgical)"/>
    <definition value="Gastroenterology services (non-surgical)"/>
  </concept>
  <concept>
    <code value="144"/>
    <display value="General eye exams"/>
    <definition value="General eye exams"/>
  </concept>
  <concept>
    <code value="145"/>
    <display value="General ophthalmology services"/>
    <definition value="General ophthalmology services"/>
  </concept>
  <concept>
    <code value="147"/>
    <display value="Ophthalmic diagnostic services"/>
    <definition value="Ophthalmic diagnostic services"/>
  </concept>
  <concept>
    <code value="148"/>
    <display value="ENT diagnostic services"/>
    <definition value="ENT diagnostic services"/>
  </concept>
  <concept>
    <code value="149"/>
    <display value="Speech/hearing therapy"/>
    <definition value="Speech/hearing therapy"/>
  </concept>
  <concept>
    <code value="150"/>
    <display value="Other ENT services (non-surgical)"/>
    <definition value="Other ENT services (non-surgical)"/>
  </concept>
  <concept>
    <code value="155"/>
    <display value="EKG"/>
    <definition value="EKG"/>
  </concept>
  <concept>
    <code value="156"/>
    <display value="EKG stress test"/>
    <definition value="EKG stress test"/>
  </concept>
  <concept>
    <code value="157"/>
    <display value="EKG monitoring"/>
    <definition value="EKG monitoring"/>
  </concept>
  <concept>
    <code value="158"/>
    <display value="PTCA- percutaneous angioplasty"/>
    <definition value="PTCA- percutaneous angioplasty"/>
  </concept>
  <concept>
    <code value="160"/>
    <display value="Echocardiogram"/>
    <definition value="Echocardiogram"/>
  </concept>
  <concept>
    <code value="161"/>
    <display value="Cardiac catheterization"/>
    <definition value="Cardiac catheterization"/>
  </concept>
  <concept>
    <code value="162"/>
    <display value="Dx radiology, other vascular"/>
    <definition value="Dx radiology, other vascular"/>
  </concept>
  <concept>
    <code value="163"/>
    <display value="Other cardiovascular procedures"/>
    <definition value="Other cardiovascular procedures"/>
  </concept>
  <concept>
    <code value="165"/>
    <display value="Non-invasive peripheral vascular studies"/>
    <definition value="Non-invasive peripheral vascular studies"/>
  </concept>
  <concept>
    <code value="166"/>
    <display value="Spirometry"/>
    <definition value="Spirometry"/>
  </concept>
  <concept>
    <code value="167"/>
    <display value="Bronchospasm evaluation"/>
    <definition value="Bronchospasm evaluation"/>
  </concept>
  <concept>
    <code value="168"/>
    <display value="Pulmonary function tests"/>
    <definition value="Pulmonary function tests"/>
  </concept>
  <concept>
    <code value="169"/>
    <display value="Other non-surgical pulmonary services"/>
    <definition value="Other non-surgical pulmonary services"/>
  </concept>
  <concept>
    <code value="170"/>
    <display value="Respiratory therapy"/>
    <definition value="Respiratory therapy"/>
  </concept>
  <concept>
    <code value="171"/>
    <display value="Allergy testing"/>
    <definition value="Allergy testing"/>
  </concept>
  <concept>
    <code value="172"/>
    <display value="Allergy therapy"/>
    <definition value="Allergy therapy"/>
  </concept>
  <concept>
    <code value="175"/>
    <display value="Nerve conduction tests/EMG"/>
    <definition value="Nerve conduction tests/EMG"/>
  </concept>
  <concept>
    <code value="176"/>
    <display value="Unlisted neurol Dx procedures"/>
    <definition value="Unlisted neurol Dx procedures"/>
  </concept>
  <concept>
    <code value="177"/>
    <display value="Other neurology dx services"/>
    <definition value="Other neurology dx services"/>
  </concept>
  <concept>
    <code value="180"/>
    <display value="Chemotherapy"/>
    <definition value="Chemotherapy"/>
  </concept>
  <concept>
    <code value="181"/>
    <display value="Physical medicine: hot/cold packs"/>
    <definition value="Physical medicine: hot/cold packs"/>
  </concept>
  <concept>
    <code value="182"/>
    <display value="Physical medicine: elec stimulation"/>
    <definition value="Physical medicine: elec stimulation"/>
  </concept>
  <concept>
    <code value="183"/>
    <display value="Physical medicine: other modes"/>
    <definition value="Physical medicine: other modes"/>
  </concept>
  <concept>
    <code value="184"/>
    <display value="Physical medicine: ultrasound"/>
    <definition value="Physical medicine: ultrasound"/>
  </concept>
  <concept>
    <code value="185"/>
    <display value="Physical medicine: manipulation"/>
    <definition value="Physical medicine: manipulation"/>
  </concept>
  <concept>
    <code value="186"/>
    <display value="Physical medicine: other procedures"/>
    <definition value="Physical medicine: other procedures"/>
  </concept>
  <concept>
    <code value="187"/>
    <display value="Physical medicine: testing"/>
    <definition value="Physical medicine: testing"/>
  </concept>
  <concept>
    <code value="189"/>
    <display value="Physical medicine: unlisted/other"/>
    <definition value="Physical medicine: unlisted/other"/>
  </concept>
  <concept>
    <code value="190"/>
    <display value="Case management services"/>
    <definition value="Case management services"/>
  </concept>
  <concept>
    <code value="191"/>
    <display value="Spinal manipulation, chiro"/>
    <definition value="Spinal manipulation, chiro"/>
  </concept>
  <concept>
    <code value="195"/>
    <display value="Chiropractic services"/>
    <definition value="Chiropractic services"/>
  </concept>
  <concept>
    <code value="197"/>
    <display value="Specimen handling"/>
    <definition value="Specimen handling"/>
  </concept>
  <concept>
    <code value="198"/>
    <display value="Medical supplies and devices"/>
    <definition value="Medical supplies and devices"/>
  </concept>
  <concept>
    <code value="199"/>
    <display value="Other medicine procedures"/>
    <definition value="Other medicine procedures"/>
  </concept>
  <concept>
    <code value="200"/>
    <display value="Durable medical equipment"/>
    <definition value="Durable medical equipment"/>
  </concept>
  <concept>
    <code value="201"/>
    <display value="X-ray, head &amp; neck"/>
    <definition value="X-ray, head &amp; neck"/>
  </concept>
  <concept>
    <code value="202"/>
    <display value="X-ray, chest"/>
    <definition value="X-ray, chest"/>
  </concept>
  <concept>
    <code value="204"/>
    <display value="X-ray, spine/pelvis"/>
    <definition value="X-ray, spine/pelvis"/>
  </concept>
  <concept>
    <code value="205"/>
    <display value="X-ray, GI tract"/>
    <definition value="X-ray, GI tract"/>
  </concept>
  <concept>
    <code value="206"/>
    <display value="X-ray, abdomen"/>
    <definition value="X-ray, abdomen"/>
  </concept>
  <concept>
    <code value="207"/>
    <display value="X-ray, OB/Gyn"/>
    <definition value="X-ray, OB/Gyn"/>
  </concept>
  <concept>
    <code value="208"/>
    <display value="X-ray, extremities"/>
    <definition value="X-ray, extremities"/>
  </concept>
  <concept>
    <code value="210"/>
    <display value="CT scan, head &amp; neck"/>
    <definition value="CT scan, head &amp; neck"/>
  </concept>
  <concept>
    <code value="211"/>
    <display value="CT scan, chest"/>
    <definition value="CT scan, chest"/>
  </concept>
  <concept>
    <code value="212"/>
    <display value="CT scan, spine"/>
    <definition value="CT scan, spine"/>
  </concept>
  <concept>
    <code value="213"/>
    <display value="CT scan, abdomen/pelvis"/>
    <definition value="CT scan, abdomen/pelvis"/>
  </concept>
  <concept>
    <code value="214"/>
    <display value="CT scan, extremities"/>
    <definition value="CT scan, extremities"/>
  </concept>
  <concept>
    <code value="215"/>
    <display value="PET scan"/>
    <definition value="PET scan"/>
  </concept>
  <concept>
    <code value="216"/>
    <display value="Magnetic resonance (NMR/MRI)"/>
    <definition value="Magnetic resonance (NMR/MRI)"/>
  </concept>
  <concept>
    <code value="220"/>
    <display value="Myelograms/discograms"/>
    <definition value="Myelograms/discograms"/>
  </concept>
  <concept>
    <code value="221"/>
    <display value="Cholecystograms/cholangiograms"/>
    <definition value="Cholecystograms/cholangiograms"/>
  </concept>
  <concept>
    <code value="222"/>
    <display value="Cholecysto/cholangiogram, inv"/>
    <definition value="Cholecysto/cholangiogram, inv"/>
  </concept>
  <concept>
    <code value="223"/>
    <display value="Mammograms"/>
    <definition value="Mammograms"/>
  </concept>
  <concept>
    <code value="225"/>
    <display value="Aortograms"/>
    <definition value="Aortograms"/>
  </concept>
  <concept>
    <code value="226"/>
    <display value="Angiograms"/>
    <definition value="Angiograms"/>
  </concept>
  <concept>
    <code value="227"/>
    <display value="Lymphangiograms"/>
    <definition value="Lymphangiograms"/>
  </concept>
  <concept>
    <code value="228"/>
    <display value="Venograms"/>
    <definition value="Venograms"/>
  </concept>
  <concept>
    <code value="229"/>
    <display value="Dx radiology, misc/other"/>
    <definition value="Dx radiology, misc/other"/>
  </concept>
  <concept>
    <code value="241"/>
    <display value="Dx ultrasound, abdominal"/>
    <definition value="Dx ultrasound, abdominal"/>
  </concept>
  <concept>
    <code value="242"/>
    <display value="Dx ultrasound, pregnancy"/>
    <definition value="Dx ultrasound, pregnancy"/>
  </concept>
  <concept>
    <code value="243"/>
    <display value="Echocardiogram"/>
    <definition value="Echocardiogram"/>
  </concept>
  <concept>
    <code value="249"/>
    <display value="Dx ultrasound, other"/>
    <definition value="Dx ultrasound, other"/>
  </concept>
  <concept>
    <code value="269"/>
    <display value="Therapeutic radiology"/>
    <definition value="Therapeutic radiology"/>
  </concept>
  <concept>
    <code value="279"/>
    <display value="Nuclear medicine, diagnostic"/>
    <definition value="Nuclear medicine, diagnostic"/>
  </concept>
  <concept>
    <code value="289"/>
    <display value="Nuclear medicine, therapeutic"/>
    <definition value="Nuclear medicine, therapeutic"/>
  </concept>
  <concept>
    <code value="299"/>
    <display value="Other radiology procedure"/>
    <definition value="Other radiology procedure"/>
  </concept>
  <concept>
    <code value="301"/>
    <display value="Blood chemisty tests, automated"/>
    <definition value="Blood chemisty tests, automated"/>
  </concept>
  <concept>
    <code value="302"/>
    <display value="Blood chemistry, Rx monitor"/>
    <definition value="Blood chemistry, Rx monitor"/>
  </concept>
  <concept>
    <code value="303"/>
    <display value="Lab tests, organ/disease panel"/>
    <definition value="Lab tests, organ/disease panel"/>
  </concept>
  <concept>
    <code value="304"/>
    <display value="Clinical path, consultation"/>
    <definition value="Clinical path, consultation"/>
  </concept>
  <concept>
    <code value="306"/>
    <display value="Routine urinalysis"/>
    <definition value="Routine urinalysis"/>
  </concept>
  <concept>
    <code value="307"/>
    <display value="Other urinalysis"/>
    <definition value="Other urinalysis"/>
  </concept>
  <concept>
    <code value="311"/>
    <display value="Thyroid function tests (RIA)"/>
    <definition value="Thyroid function tests (RIA)"/>
  </concept>
  <concept>
    <code value="312"/>
    <display value="Thyroid function tests (non-RIA)"/>
    <definition value="Thyroid function tests (non-RIA)"/>
  </concept>
  <concept>
    <code value="313"/>
    <display value="Other radioimmunoassays (RIA)"/>
    <definition value="Other radioimmunoassays (RIA)"/>
  </concept>
  <concept>
    <code value="319"/>
    <display value="Other chemistry tests"/>
    <definition value="Other chemistry tests"/>
  </concept>
  <concept>
    <code value="320"/>
    <display value="Other toxicology tests"/>
    <definition value="Other toxicology tests"/>
  </concept>
  <concept>
    <code value="331"/>
    <display value="Blood count, automated"/>
    <definition value="Blood count, automated"/>
  </concept>
  <concept>
    <code value="332"/>
    <display value="Blood count, manual"/>
    <definition value="Blood count, manual"/>
  </concept>
  <concept>
    <code value="334"/>
    <display value="Blood test: sedimentation rate"/>
    <definition value="Blood test: sedimentation rate"/>
  </concept>
  <concept>
    <code value="335"/>
    <display value="Blood count: platelet"/>
    <definition value="Blood count: platelet"/>
  </concept>
  <concept>
    <code value="336"/>
    <display value="Blood test: Hgb/Hct"/>
    <definition value="Blood test: Hgb/Hct"/>
  </concept>
  <concept>
    <code value="338"/>
    <display value="Blood test: prothrombin time"/>
    <definition value="Blood test: prothrombin time"/>
  </concept>
  <concept>
    <code value="339"/>
    <display value="Other hematology tests"/>
    <definition value="Other hematology tests"/>
  </concept>
  <concept>
    <code value="349"/>
    <display value="Immunology tests"/>
    <definition value="Immunology tests"/>
  </concept>
  <concept>
    <code value="361"/>
    <display value="Definitive bacterial culture"/>
    <definition value="Definitive bacterial culture"/>
  </concept>
  <concept>
    <code value="362"/>
    <display value="Antibiotic sensitivity studies"/>
    <definition value="Antibiotic sensitivity studies"/>
  </concept>
  <concept>
    <code value="363"/>
    <display value="Bacterial culture, urine"/>
    <definition value="Bacterial culture, urine"/>
  </concept>
  <concept>
    <code value="364"/>
    <display value="Bacterial culture, screening"/>
    <definition value="Bacterial culture, screening"/>
  </concept>
  <concept>
    <code value="369"/>
    <display value="Other microbiology tests"/>
    <definition value="Other microbiology tests"/>
  </concept>
  <concept>
    <code value="371"/>
    <display value="Pap smear"/>
    <definition value="Pap smear"/>
  </concept>
  <concept>
    <code value="372"/>
    <display value="Surgical pathology"/>
    <definition value="Surgical pathology"/>
  </concept>
  <concept>
    <code value="378"/>
    <display value="Molecular pathology"/>
    <definition value="Molecular pathology"/>
  </concept>
  <concept>
    <code value="379"/>
    <display value="Other anatomic pathology services"/>
    <definition value="Other anatomic pathology services"/>
  </concept>
  <concept>
    <code value="389"/>
    <display value="Miscellaneous pathology tests"/>
    <definition value="Miscellaneous pathology tests"/>
  </concept>
  <concept>
    <code value="399"/>
    <display value="Other lab &amp; path procedures"/>
    <definition value="Other lab &amp; path procedures"/>
  </concept>
  <concept>
    <code value="440"/>
    <display value="Cesarean section deliveries"/>
    <definition value="Cesarean section deliveries"/>
  </concept>
  <concept>
    <code value="445"/>
    <display value="Vaginal deliveries"/>
    <definition value="Vaginal deliveries"/>
  </concept>
  <concept>
    <code value="449"/>
    <display value="Major maternity procs &amp; related care"/>
    <definition value="Major maternity procs &amp; related care"/>
  </concept>
  <concept>
    <code value="450"/>
    <display value="Other maternity procs &amp; related care"/>
    <definition value="Other maternity procs &amp; related care"/>
  </concept>
  <concept>
    <code value="470"/>
    <display value="Anesthesia services"/>
    <definition value="Anesthesia services"/>
  </concept>
  <concept>
    <code value="478"/>
    <display value="Home health PT/OT/ST"/>
    <definition value="Home health PT/OT/ST"/>
  </concept>
  <concept>
    <code value="480"/>
    <display value="Other home health services"/>
    <definition value="Other home health services"/>
  </concept>
  <concept>
    <code value="485"/>
    <display value="Transportation services"/>
    <definition value="Transportation services"/>
  </concept>
  <concept>
    <code value="490"/>
    <display value="Dental: diagnostic &amp; preventive"/>
    <definition value="Dental: diagnostic &amp; preventive"/>
  </concept>
  <concept>
    <code value="491"/>
    <display value="Dental: basic restorative"/>
    <definition value="Dental: basic restorative"/>
  </concept>
  <concept>
    <code value="492"/>
    <display value="Dental: major restorative"/>
    <definition value="Dental: major restorative"/>
  </concept>
  <concept>
    <code value="493"/>
    <display value="Dental: orthodontics"/>
    <definition value="Dental: orthodontics"/>
  </concept>
  <concept>
    <code value="494"/>
    <display value="Dental: other"/>
    <definition value="Dental: other"/>
  </concept>
  <concept>
    <code value="498"/>
    <display value="Performance tracking codes"/>
    <definition value="Performance tracking codes"/>
  </concept>
  <concept>
    <code value="499"/>
    <display value="Unmapped codes"/>
    <definition value="Unmapped codes"/>
  </concept>
</CodeSystem>