<?xml version="1.0" encoding="UTF-8"?>

<CodeSystem xmlns="http://hl7.org/fhir">
  <id value="insurance-plan-type"/>
  <text>
    <status value="generated"/><div xmlns="http://www.w3.org/1999/xhtml"><p>This code system http://ibm.com/fhir/cdm/CodeSystem/insurance-plan-type defines the following codes:</p><table class="codes"><tr><td style="white-space:nowrap"><b>Code</b></td><td><b>Display</b></td></tr><tr><td style="white-space:nowrap">hearing<a name="insurance-plan-type-hearing"> </a></td><td>Hearing</td></tr><tr><td style="white-space:nowrap">lifeins<a name="insurance-plan-type-lifeins"> </a></td><td>Life Insurance</td></tr></table></div>
  </text>
  <url value="http://ibm.com/fhir/cdm/CodeSystem/insurance-plan-type"/>
  <version value="2.0.0"/>
  <name value="InsurancePlanTypeCodeSystem"/>
  <title value="Insurance Plan Type Codes"/>
  <status value="active"/>
  <date value="2021-10-01T15:07:10+00:00"/>
  <contact>
    <name value="Kim Kenna"/>
    <telecom>
      <system value="email"/>
      <value value="sloand@us.ibm.com"/>
    </telecom>
  </contact>
  <contact>
    <name value="Tom Eggebraaten"/>
    <telecom>
      <system value="email"/>
      <value value="tegge@us.ibm.com"/>
    </telecom>
  </contact>
  <description value="The codes that indicates the specific benefit categories a member may have (medical, dental, vision, etc) based on benefit election."/>
  <content value="complete"/>
  <count value="2"/>
  <concept>
    <code value="hearing"/>
    <display value="Hearing"/>
  </concept>
  <concept>
    <code value="lifeins"/>
    <display value="Life Insurance"/>
  </concept>
</CodeSystem>