<?xml version="1.0" encoding="UTF-8"?>

<CodeSystem xmlns="http://hl7.org/fhir">
  <id value="wh-payer-claim-type"/>
  <text>
    <status value="generated"/><div xmlns="http://www.w3.org/1999/xhtml"><p>This code system http://ibm.com/fhir/cdm/CodeSystem/wh-payer-claim-type defines the following codes:</p><table class="codes"><tr><td style="white-space:nowrap"><b>Code</b></td><td><b>Display</b></td></tr><tr><td style="white-space:nowrap">medical<a name="wh-payer-claim-type-medical"> </a></td><td>Medical claim; Institutional/Professional unknown</td></tr><tr><td style="white-space:nowrap">institutional<a name="wh-payer-claim-type-institutional"> </a></td><td>Institutional; Hospital, clinic and typically inpatient claims</td></tr><tr><td style="white-space:nowrap">professional<a name="wh-payer-claim-type-professional"> </a></td><td>Professional; Typically, outpatient claims from Physician, Psychological, Chiropractor, Physiotherapy, Speech Pathology, rehabilitative, consulting</td></tr><tr><td style="white-space:nowrap">pharmacy<a name="wh-payer-claim-type-pharmacy"> </a></td><td>Pharmacy; Pharmacy claims for goods and services</td></tr><tr><td style="white-space:nowrap">oral<a name="wh-payer-claim-type-oral"> </a></td><td>Oral; Dental, Denture and Hygiene claims</td></tr><tr><td style="white-space:nowrap">vision<a name="wh-payer-claim-type-vision"> </a></td><td>Vision; Vision claims for professional services and products such as glasses and contact lenses</td></tr><tr><td style="white-space:nowrap">hearing<a name="wh-payer-claim-type-hearing"> </a></td><td>Hearing</td></tr><tr><td style="white-space:nowrap">lifeins<a name="wh-payer-claim-type-lifeins"> </a></td><td>Life Insurance</td></tr><tr><td style="white-space:nowrap">ltd<a name="wh-payer-claim-type-ltd"> </a></td><td>Long Term Disability (LTD)</td></tr><tr><td style="white-space:nowrap">std<a name="wh-payer-claim-type-std"> </a></td><td>Short Term Disability (STD)</td></tr><tr><td style="white-space:nowrap">absentee<a name="wh-payer-claim-type-absentee"> </a></td><td>Absentee</td></tr><tr><td style="white-space:nowrap">workercomp<a name="wh-payer-claim-type-workercomp"> </a></td><td>Worker's Compensation</td></tr><tr><td style="white-space:nowrap">capitation<a name="wh-payer-claim-type-capitation"> </a></td><td>Capitation Payment</td></tr><tr><td style="white-space:nowrap">adminfee<a name="wh-payer-claim-type-adminfee"> </a></td><td>Administrative Fee</td></tr><tr><td style="white-space:nowrap">premium<a name="wh-payer-claim-type-premium"> </a></td><td>Premium Payment</td></tr><tr><td style="white-space:nowrap">emppremcont<a name="wh-payer-claim-type-emppremcont"> </a></td><td>Employee Premium Contribution</td></tr><tr><td style="white-space:nowrap">premiuminc<a name="wh-payer-claim-type-premiuminc"> </a></td><td>Premium Income (Revenue)</td></tr><tr><td style="white-space:nowrap">eap<a name="wh-payer-claim-type-eap"> </a></td><td>Employee Assistance (EAP)</td></tr><tr><td style="white-space:nowrap">hra<a name="wh-payer-claim-type-hra"> </a></td><td>Health Risk Appraisal (HRA)</td></tr><tr><td style="white-space:nowrap">other<a name="wh-payer-claim-type-other"> </a></td><td>Other</td></tr></table></div>
  </text>
  <url value="http://ibm.com/fhir/cdm/CodeSystem/wh-payer-claim-type"/>
  <version value="2.0.0"/>
  <name value="WhPayerClaimTypeCodeSystem"/>
  <title value="Health Data Connect Claim Type Codes"/>
  <status value="active"/>
  <date value="2021-10-26T01:56:32+00:00"/>
  <contact>
    <name value="Kim Kenna"/>
    <telecom>
      <system value="email"/>
      <value value="sloand@us.ibm.com"/>
    </telecom>
  </contact>
  <contact>
    <name value="Tom Eggebraaten"/>
    <telecom>
      <system value="email"/>
      <value value="tegge@us.ibm.com"/>
    </telecom>
  </contact>
  <description value="IBM® Health Data Connect stanard codes for the coverage type under which the claim was paid"/>
  <content value="complete"/>
  <count value="20"/>
  <concept>
    <code value="medical"/>
    <display value="Medical claim; Institutional/Professional unknown"/>
  </concept>
  <concept>
    <code value="institutional"/>
    <display value="Institutional; Hospital, clinic and typically inpatient claims"/>
  </concept>
  <concept>
    <code value="professional"/>
    <display value="Professional; Typically, outpatient claims from Physician, Psychological, Chiropractor, Physiotherapy, Speech Pathology, rehabilitative, consulting"/>
  </concept>
  <concept>
    <code value="pharmacy"/>
    <display value="Pharmacy; Pharmacy claims for goods and services"/>
  </concept>
  <concept>
    <code value="oral"/>
    <display value="Oral; Dental, Denture and Hygiene claims"/>
  </concept>
  <concept>
    <code value="vision"/>
    <display value="Vision; Vision claims for professional services and products such as glasses and contact lenses"/>
  </concept>
  <concept>
    <code value="hearing"/>
    <display value="Hearing"/>
  </concept>
  <concept>
    <code value="lifeins"/>
    <display value="Life Insurance"/>
  </concept>
  <concept>
    <code value="ltd"/>
    <display value="Long Term Disability (LTD)"/>
  </concept>
  <concept>
    <code value="std"/>
    <display value="Short Term Disability (STD)"/>
  </concept>
  <concept>
    <code value="absentee"/>
    <display value="Absentee"/>
  </concept>
  <concept>
    <code value="workercomp"/>
    <display value="Worker&#39;s Compensation"/>
  </concept>
  <concept>
    <code value="capitation"/>
    <display value="Capitation Payment"/>
  </concept>
  <concept>
    <code value="adminfee"/>
    <display value="Administrative Fee"/>
  </concept>
  <concept>
    <code value="premium"/>
    <display value="Premium Payment"/>
  </concept>
  <concept>
    <code value="emppremcont"/>
    <display value="Employee Premium Contribution"/>
  </concept>
  <concept>
    <code value="premiuminc"/>
    <display value="Premium Income (Revenue)"/>
  </concept>
  <concept>
    <code value="eap"/>
    <display value="Employee Assistance (EAP)"/>
  </concept>
  <concept>
    <code value="hra"/>
    <display value="Health Risk Appraisal (HRA)"/>
  </concept>
  <concept>
    <code value="other"/>
    <display value="Other"/>
  </concept>
</CodeSystem>