<?xml version="1.0" encoding="UTF-8"?>

<ExplanationOfBenefit xmlns="http://hl7.org/fhir">
  <id value="CDMExplanationOfBenefitProfessionalInstance"/>
  <meta>
    <extension url="http://ibm.com/fhir/cdm/StructureDefinition/tenant-id">
      <valueString value="tenant7209"/>
    </extension>
    <extension url="http://ibm.com/fhir/cdm/StructureDefinition/ingestion-batch-id">
      <valueString value="rgVCJnQBxvghkKTI8Hzz"/>
    </extension>
    <extension url="http://ibm.com/fhir/cdm/StructureDefinition/process-name">
      <valueString value="TREX"/>
    </extension>
    <extension url="http://ibm.com/fhir/cdm/StructureDefinition/process-client-id">
      <valueString value="7209"/>
    </extension>
    <extension url="http://ibm.com/fhir/cdm/StructureDefinition/process-record-id">
      <valueIdentifier>
        <system value="http://acme-health.com/WellnessMedicalCenter"/>
        <value value="7209_07869_e00080779_3938586_2516181"/>
      </valueIdentifier>
    </extension>
    <source value="http://acme-health.com/WellnessMedicalCenter"/>
    <profile value="http://ibm.com/fhir/cdm/StructureDefinition/cdm-explanation-of-benefit"/>
  </meta>
  <text>
    <status value="generated"/><div xmlns="http://www.w3.org/1999/xhtml"><p><b>Generated Narrative</b></p><p><b>identifier</b>: Source System Row Identifier: 000000000000000000019721078 (OFFICIAL)</p><p><b>status</b>: active</p><p><b>type</b>: <span title="Codes: {http://acme-health.com/CodeSystem/local-claim-type MedicalClaimType}">MedicalClaimType</span></p><p><b>use</b>: claim</p><p><b>patient</b>: <a href="Patient-CDMPatientInstance.html">Generated Summary: Source System Row Identifier: unencryp-id1234 (OFFICIAL), Source System Row Identifier: encryp-id1234 (SECONDARY), Medical record number: 1011110101 (OFFICIAL), Medical record number: 1011110101 (USUAL), Social Beneficiary Identifier: 0001223333 (OFFICIAL), Social Beneficiary Identifier: 1CA0CA0CC00 (OFFICIAL), Social Beneficiary Identifier: 987654321000 (OFFICIAL), Match Data Identifier: 7b78d6de-46cb-4fbb-930d-2a74e24b17fe (SECONDARY); active; Firstname McLastname ; , Phone: 216-345-2662, Phone: 216-555-2222, fmclastname@fakemail.com; gender: male; birthDate: 1990-01-04; deceased: Sep 28, 2020, 12:00:00 AM</a></p><p><b>created</b>: Jul 25, 2017, 10:31:00 PM</p><p><b>insurer</b>: <span></span></p><p><b>provider</b>: <a href="Practitioner-DrKelly.html">Generated Summary: Source System Row Identifier: 0d82c96d-98c5-46cf-911d-a41991601320 (OFFICIAL), Provider number: 1122334499 (OFFICIAL), Tax ID number: 123456789 (SECONDARY); Dr Debra R Kelly, MD; Phone: 214-555-2100, Fax: 214-555-2101, drkelly@kellyclinic.com</a></p><p><b>outcome</b>: complete</p><h3>CareTeams</h3><table class="grid"><tr><td>-</td><td><b>Sequence</b></td><td><b>Provider</b></td><td><b>Role</b></td></tr><tr><td>*</td><td>1</td><td><a href="Practitioner-DrKelly.html">Generated Summary: Source System Row Identifier: 0d82c96d-98c5-46cf-911d-a41991601320 (OFFICIAL), Provider number: 1122334499 (OFFICIAL), Tax ID number: 123456789 (SECONDARY); Dr Debra R Kelly, MD; Phone: 214-555-2100, Fax: 214-555-2101, drkelly@kellyclinic.com</a></td><td><span title="Codes: {http://ibm.com/fhir/cdm/CodeSystem/claim-care-team-role servicing}">Servicing provider</span></td></tr></table><h3>SupportingInfos</h3><table class="grid"><tr><td>-</td><td><b>Sequence</b></td><td><b>Category</b></td><td><b>Code</b></td><td><b>Value[x]</b></td></tr><tr><td>*</td><td>1</td><td><span title="Codes: {http://terminology.hl7.org/CodeSystem/claiminformationcategory info}">Information</span></td><td><span title="Codes: {http://ibm.com/fhir/cdm/CodeSystem/claim-supporting-info-type network-provider-indicator}">Network provider indicator</span></td><td>Y</td></tr></table><h3>Diagnoses</h3><table class="grid"><tr><td>-</td><td><b>Sequence</b></td><td><b>Diagnosis[x]</b></td><td><b>Type</b></td></tr><tr><td>*</td><td>1</td><td><span title="Codes: {http://hl7.org/fhir/sid/icd-10-cm Z00.00}">Encntr for general adult medical exam w/o abnormal findings</span></td><td><span title="Codes: {http://terminology.hl7.org/CodeSystem/ex-diagnosistype discharge}">Discharge Diagnosis</span></td></tr></table><h3>Insurances</h3><table class="grid"><tr><td>-</td><td><b>Focal</b></td><td><b>Coverage</b></td></tr><tr><td>*</td><td>true</td><td><a href="Coverage-PrimaryPayerExample.html">Generated Summary: Source System Row Identifier: c35466d6-0d2b-4efa-8265-b9ac3f887e08 (OFFICIAL); status: active; <span title="Codes: {http://terminology.hl7.org/CodeSystem/v3-ActCode PPO}">preferred provider organization policy</span>; <span title="Codes: {http://terminology.hl7.org/CodeSystem/subscriber-relationship spouse}">Spouse</span>; period: Jan 1, 2020, 12:00:00 AM --&gt; (ongoing); 1; network: Choice POS II</a></td></tr></table><blockquote><p><b>item</b></p><p><b>sequence</b>: 1</p><p><b>careTeamSequence</b>: 1</p><p><b>productOrService</b>: <span title="Codes: {https://oidref.com/2.16.840.1.113883.6.285 G0438}">Annual wellness visit; includes a personalized prevention plan of service (pps), initial visit</span></p><p><b>serviced</b>: 2017-06-20 --&gt; 2017-06-20</p><p><b>location</b>: <span title="Codes: {https://www.cms.gov/Medicare/Coding/place-of-service-codes/Place_of_Service_Code_Set 11}, {http://acme-health.com/CodeSystem/local-place-of-service LocalPlcOfService}">Office</span></p><p><b>quantity</b>: 1</p><blockquote><p><b>adjudication</b></p><p><b>category</b>: <span title="Codes: {http://ibm.com/fhir/cdm/CodeSystem/adjudication-category coinsurance}">Coinsurance</span></p></blockquote><blockquote><p><b>adjudication</b></p><p><b>category</b>: <span title="Codes: {http://ibm.com/fhir/cdm/CodeSystem/adjudication-category copay}">Copayment</span></p></blockquote><blockquote><p><b>adjudication</b></p><p><b>category</b>: <span title="Codes: {http://ibm.com/fhir/cdm/CodeSystem/adjudication-category deductible}">Deductible Amount</span></p></blockquote><blockquote><p><b>adjudication</b></p><p><b>category</b>: <span title="Codes: {http://ibm.com/fhir/cdm/CodeSystem/adjudication-category third-party}">Third Party Amount</span></p></blockquote><blockquote><p><b>adjudication</b></p><p><b>category</b>: <span title="Codes: {http://ibm.com/fhir/cdm/CodeSystem/adjudication-category allowed}">Allowed Amount</span></p></blockquote><blockquote><p><b>adjudication</b></p><p><b>category</b>: <span title="Codes: {http://ibm.com/fhir/cdm/CodeSystem/adjudication-category submitted}">Submitted</span></p></blockquote><blockquote><p><b>adjudication</b></p><p><b>category</b>: <span title="Codes: {http://ibm.com/fhir/cdm/CodeSystem/adjudication-category net-payment}">Net Payment</span></p></blockquote><blockquote><p><b>adjudication</b></p><p><b>category</b>: <span title="Codes: {http://ibm.com/fhir/cdm/CodeSystem/adjudication-category discount}">Discount Amount</span></p></blockquote></blockquote><h3>Adjudications</h3><table class="grid"><tr><td>-</td><td><b>Category</b></td></tr><tr><td>*</td><td><span title="Codes: {http://ibm.com/fhir/cdm/CodeSystem/paid-in-network-indicator in-network}">In Network</span></td></tr></table><blockquote><p><b>payment</b></p><p><b>type</b>: <span title="Codes: {http://terminology.hl7.org/CodeSystem/ex-paymenttype complete}">Complete</span></p><p><b>date</b>: 2017-07-20</p></blockquote></div>
  </text>
  <identifier>
    <use value="official"/>
    <type>
      <coding>
        <system value="http://ibm.com/fhir/cdm/CodeSystem/identifier-type"/>
        <code value="SSRI"/>
      </coding>
    </type>
    <system value="http://acme-health.com/CodeSystem/local-eob-identifier"/>
    <value value="000000000000000000019721078"/>
    <assigner>
      <display value="Acme Health - Wellness Medical Center"/>
    </assigner>
  </identifier>
  <status value="active"/>
  <type>
    <coding>
      <system value="http://acme-health.com/CodeSystem/local-claim-type"/>
      <code value="MedicalClaimType"/>
    </coding>
  </type>
  <use value="claim"/>
  <patient>
    <reference value="Patient/CDMPatientInstance"/>
  </patient>
  <created value="2017-07-25T17:31:00-05:00"/>
  <insurer>
    <type value="Organization"/>
    <identifier>
      <system value="http://acme-health.com/payer1/payer"/>
      <value value="Payer1"/>
    </identifier>
  </insurer>
  <provider>
    <reference value="Practitioner/DrKelly"/>
  </provider>
  <outcome value="complete"/>
  <careTeam>
    <sequence value="1"/>
    <provider>
      <reference value="Practitioner/DrKelly"/>
    </provider>
    <role>
      <coding>
        <system value="http://ibm.com/fhir/cdm/CodeSystem/claim-care-team-role"/>
        <code value="servicing"/>
      </coding>
    </role>
  </careTeam>
  <supportingInfo>
    <sequence value="1"/>
    <category>
      <coding>
        <system value="http://terminology.hl7.org/CodeSystem/claiminformationcategory"/>
        <code value="info"/>
      </coding>
    </category>
    <code>
      <coding>
        <system value="http://ibm.com/fhir/cdm/CodeSystem/claim-supporting-info-type"/>
        <code value="network-provider-indicator"/>
      </coding>
    </code>
    <valueString value="Y"/>
  </supportingInfo>
  <diagnosis>
    <sequence value="1"/>
    <diagnosisCodeableConcept>
      <coding>
        <system value="http://hl7.org/fhir/sid/icd-10-cm"/>
        <code value="Z00.00"/>
        <display value="Encntr for general adult medical exam w/o abnormal findings"/>
      </coding>
    </diagnosisCodeableConcept>
    <type>
      <coding>
        <system value="http://terminology.hl7.org/CodeSystem/ex-diagnosistype"/>
        <code value="discharge"/>
      </coding>
    </type>
  </diagnosis>
  <insurance>
    <focal value="true"/>
    <coverage>
      <reference value="Coverage/PrimaryPayerExample"/>
    </coverage>
  </insurance>
  <item>
    <sequence value="1"/>
    <careTeamSequence value="1"/>
    <productOrService>
      <coding>
        <system value="https://oidref.com/2.16.840.1.113883.6.285"/>
        <code value="G0438"/>
      </coding>
      <text value="Annual wellness visit; includes a personalized prevention plan of service (pps), initial visit"/>
    </productOrService>
    <servicedPeriod>
      <start value="2017-06-20"/>
      <end value="2017-06-20"/>
    </servicedPeriod>
    <locationCodeableConcept>
      <coding>
        <system value="https://www.cms.gov/Medicare/Coding/place-of-service-codes/Place_of_Service_Code_Set"/>
        <code value="11"/>
        <display value="Office"/>
      </coding>
      <coding>
        <system value="http://acme-health.com/CodeSystem/local-place-of-service"/>
        <code value="LocalPlcOfService"/>
      </coding>
    </locationCodeableConcept>
    <quantity>
      <extension url="http://ibm.com/fhir/cdm/StructureDefinition/local-number-of-units-per-service">
        <valueQuantity>
          <value value="1"/>
        </valueQuantity>
      </extension>
      <value value="1"/>
    </quantity>
    <adjudication>
      <category>
        <coding>
          <system value="http://ibm.com/fhir/cdm/CodeSystem/adjudication-category"/>
          <code value="coinsurance"/>
        </coding>
      </category>
      <amount>
        <value value="0"/>
        <currency value="USD"/>
      </amount>
    </adjudication>
    <adjudication>
      <category>
        <coding>
          <system value="http://ibm.com/fhir/cdm/CodeSystem/adjudication-category"/>
          <code value="copay"/>
        </coding>
      </category>
      <amount>
        <value value="25"/>
        <currency value="USD"/>
      </amount>
    </adjudication>
    <adjudication>
      <category>
        <coding>
          <system value="http://ibm.com/fhir/cdm/CodeSystem/adjudication-category"/>
          <code value="deductible"/>
        </coding>
      </category>
      <amount>
        <value value="0"/>
        <currency value="USD"/>
      </amount>
    </adjudication>
    <adjudication>
      <category>
        <coding>
          <system value="http://ibm.com/fhir/cdm/CodeSystem/adjudication-category"/>
          <code value="third-party"/>
        </coding>
      </category>
      <amount>
        <value value="0"/>
        <currency value="USD"/>
      </amount>
    </adjudication>
    <adjudication>
      <category>
        <coding>
          <system value="http://ibm.com/fhir/cdm/CodeSystem/adjudication-category"/>
          <code value="allowed"/>
        </coding>
      </category>
      <amount>
        <value value="125"/>
        <currency value="USD"/>
      </amount>
    </adjudication>
    <adjudication>
      <category>
        <coding>
          <system value="http://ibm.com/fhir/cdm/CodeSystem/adjudication-category"/>
          <code value="submitted"/>
        </coding>
      </category>
      <amount>
        <value value="165"/>
        <currency value="USD"/>
      </amount>
    </adjudication>
    <adjudication>
      <category>
        <coding>
          <system value="http://ibm.com/fhir/cdm/CodeSystem/adjudication-category"/>
          <code value="net-payment"/>
        </coding>
      </category>
      <amount>
        <value value="100"/>
        <currency value="USD"/>
      </amount>
    </adjudication>
    <adjudication>
      <category>
        <coding>
          <system value="http://ibm.com/fhir/cdm/CodeSystem/adjudication-category"/>
          <code value="discount"/>
        </coding>
      </category>
      <amount>
        <value value="40"/>
        <currency value="USD"/>
      </amount>
    </adjudication>
  </item>
  <adjudication>
    <category>
      <coding>
        <system value="http://ibm.com/fhir/cdm/CodeSystem/paid-in-network-indicator"/>
        <code value="in-network"/>
      </coding>
    </category>
  </adjudication>
  <payment>
    <type>
      <coding>
        <system value="http://terminology.hl7.org/CodeSystem/ex-paymenttype"/>
        <code value="complete"/>
      </coding>
    </type>
    <date value="2017-07-20"/>
    <amount>
      <value value="100"/>
    </amount>
  </payment>
</ExplanationOfBenefit>