<?xml version="1.0" encoding="UTF-8"?>

<ValueSet xmlns="http://hl7.org/fhir">
  <id value="service-delivery-location-type"/>
  <text>
    <status value="generated"/><div xmlns="http://www.w3.org/1999/xhtml"><p>This value set includes codes based on the following rules:</p><ul><li>Include all codes defined in <a href="http://terminology.hl7.org/2.1.0/CodeSystem-v3-RoleCode.html"><code>http://terminology.hl7.org/CodeSystem/v3-RoleCode</code></a></li><li>Include all codes defined in <code>https://www.cms.gov/Medicare/Coding/place-of-service-codes/Place_of_Service_Code_Set</code></li></ul></div>
  </text>
  <url value="http://ibm.com/fhir/cdm/ValueSet/service-delivery-location-type"/>
  <version value="2.0.0"/>
  <name value="ServiceDeliveryLocationTypeValueSet"/>
  <title value="Service Delivery Location Type ValueSet"/>
  <status value="active"/>
  <date value="2021-10-01T15:07:10+00:00"/>
  <contact>
    <name value="Kim Kenna"/>
    <telecom>
      <system value="email"/>
      <value value="sloand@us.ibm.com"/>
    </telecom>
  </contact>
  <contact>
    <name value="Tom Eggebraaten"/>
    <telecom>
      <system value="email"/>
      <value value="tegge@us.ibm.com"/>
    </telecom>
  </contact>
  <description value="Codes describing a role of a place that further classifies the setting (e.g., accident site, road side, work site, community location) in which services are delivered.  This extended valueset includes the standard HL7 FHIR codes plus CMS Place of Service Codes."/>
  <compose>
    <include>
      <system value="http://terminology.hl7.org/CodeSystem/v3-RoleCode"/>
    </include>
    <include>
      <system value="https://www.cms.gov/Medicare/Coding/place-of-service-codes/Place_of_Service_Code_Set"/>
    </include>
  </compose>
</ValueSet>