<?xml version="1.0" encoding="UTF-8"?>

<ValueSet xmlns="http://hl7.org/fhir">
  <id value="eng-product"/>
  <text>
    <status value="generated"/><div xmlns="http://www.w3.org/1999/xhtml"><ul><li>Include all codes defined in <a href="CodeSystem-eng-product.html"><code>http://ibm.com/fhir/cdm/CodeSystem/eng-product</code></a></li></ul></div>
  </text>
  <url value="http://ibm.com/fhir/cdm/ValueSet/eng-product"/>
  <version value="2.0.0"/>
  <name value="EngagementProductValueSet"/>
  <title value="Engagement Product Value Set"/>
  <status value="active"/>
  <date value="2021-10-01T15:07:10+00:00"/>
  <contact>
    <name value="Kim Kenna"/>
    <telecom>
      <system value="email"/>
      <value value="sloand@us.ibm.com"/>
    </telecom>
  </contact>
  <contact>
    <name value="Tom Eggebraaten"/>
    <telecom>
      <system value="email"/>
      <value value="tegge@us.ibm.com"/>
    </telecom>
  </contact>
  <description value="IBM Watson Health engagement products"/>
  <compose>
    <include>
      <system value="http://ibm.com/fhir/cdm/CodeSystem/eng-product"/>
    </include>
  </compose>
</ValueSet>