<?xml version="1.0" encoding="UTF-8"?>

<CodeSystem xmlns="http://hl7.org/fhir">
  <id value="adjudication-category"/>
  <text>
    <status value="generated"/><div xmlns="http://www.w3.org/1999/xhtml"><p>This code system http://ibm.com/fhir/cdm/CodeSystem/adjudication-category defines the following codes:</p><table class="codes"><tr><td style="white-space:nowrap"><b>Code</b></td><td><b>Display</b></td><td><b>Definition</b></td></tr><tr><td style="white-space:nowrap">allowed<a name="adjudication-category-allowed"> </a></td><td>Allowed Amount</td><td>The maximum amount allowed by the plan for payment</td></tr><tr><td style="white-space:nowrap">coinsurance<a name="adjudication-category-coinsurance"> </a></td><td>Coinsurance</td><td>The coinsurance paid by the subscriber as specified in the plan provision</td></tr><tr><td style="white-space:nowrap">copay<a name="adjudication-category-copay"> </a></td><td>Copayment</td><td>The copayment paid by the subscriber, as specified in the plan provision</td></tr><tr><td style="white-space:nowrap">deductible<a name="adjudication-category-deductible"> </a></td><td>Deductible Amount</td><td>The amount paid by the subscriber through the deductible arrangement of the plan</td></tr><tr><td style="white-space:nowrap">discount<a name="adjudication-category-discount"> </a></td><td>Discount Amount</td><td>The discount amount applied to the service, based on plan pricing reductions</td></tr><tr><td style="white-space:nowrap">drg-outlier<a name="adjudication-category-drg-outlier"> </a></td><td>DRG Outlier</td><td>The Diagnosis Related Group (DRG) outlier amount, as reported on the facility claim</td></tr><tr><td style="white-space:nowrap">excess_copay<a name="adjudication-category-excess_copay"> </a></td><td>Excess Copayment</td><td>The amount paid by the subscriber outside of the flat copayment amount. Examples: (1) Additional copayment when selecting a brand name medication, instead of the generic alternative, or (2) Selecting a non-formulary medication, instead of the formulary option.</td></tr><tr><td style="white-space:nowrap">excluded1<a name="adjudication-category-excluded1"> </a></td><td>Excluded Amount 1</td><td>The ineligible amount or not covered amount that is associated with a reason code 1</td></tr><tr><td style="white-space:nowrap">excluded2<a name="adjudication-category-excluded2"> </a></td><td>Excluded Amount 2</td><td>The ineligible amount or not covered amount that is associated with a reason code 2</td></tr><tr><td style="white-space:nowrap">excluded3<a name="adjudication-category-excluded3"> </a></td><td>Excluded Amount 3</td><td>The ineligible amount or not covered amount that is associated with a reason code 3</td></tr><tr><td style="white-space:nowrap">excluded-reason<a name="adjudication-category-excluded-reason"> </a></td><td>Excluded Reason</td><td>Reason for the ineligible amount or not covered amount</td></tr><tr><td style="white-space:nowrap">ffs-equivalent<a name="adjudication-category-ffs-equivalent"> </a></td><td>Fee For Service Equivalent</td><td>For capitated services (encounter records), the fee-for-service equivalent amount for the service</td></tr><tr><td style="white-space:nowrap">fully-insured-payment<a name="adjudication-category-fully-insured-payment"> </a></td><td>Fully Insured Payment</td><td>Under a fully-insured arrangement, the actual check amount for the service. This represents the amount after applying all plan provisions and cost-sharing.</td></tr><tr><td style="white-space:nowrap">healthcare-reimbursement<a name="adjudication-category-healthcare-reimbursement"> </a></td><td>Healthcare Reimbursement Amount</td><td>The amount applied towards the service, funded by the subscriber's Health Reimbursement Arrangement (HRA)</td></tr><tr><td style="white-space:nowrap">healthcare-savings-account<a name="adjudication-category-healthcare-savings-account"> </a></td><td>Healthcare Savings Account</td><td>The amount applied towards the service, funded by the patient's Heathcare Savings Account (HSA)</td></tr><tr><td style="white-space:nowrap">medicare-allowed<a name="adjudication-category-medicare-allowed"> </a></td><td>Medicare Allowed Amount</td><td>The maximum amount allowed by Medicare for payment</td></tr><tr><td style="white-space:nowrap">medicare-coinsurance<a name="adjudication-category-medicare-coinsurance"> </a></td><td>Medicare Coinsurance Amount</td><td>The coinsurance amount determined by Medicare for the service</td></tr><tr><td style="white-space:nowrap">medicare-deductible<a name="adjudication-category-medicare-deductible"> </a></td><td>Medicare Deductible Amount</td><td>The deductible amount for the service, as determined by Medicare, that must be paid before Medicare pays</td></tr><tr><td style="white-space:nowrap">medicare-paid<a name="adjudication-category-medicare-paid"> </a></td><td>Medicare Paid Amount</td><td>The amount paid by Medicare for the claim</td></tr><tr><td style="white-space:nowrap">net-payment<a name="adjudication-category-net-payment"> </a></td><td>Net Payment</td><td>The actual check amount for the service. This represents the amount after applying all plan provisions and cost-sharing.</td></tr><tr><td style="white-space:nowrap">out-of-network-access-fee<a name="adjudication-category-out-of-network-access-fee"> </a></td><td>ITS Access Fee (Out of Network Access Fee)</td><td>The amount of the ITS access fee charged by the host plan for out-of-state patient use of its provider network</td></tr><tr><td style="white-space:nowrap">out-of-network-surcharge-fee<a name="adjudication-category-out-of-network-surcharge-fee"> </a></td><td>ITS Surcharge Amount (Out of Network Surcharge Amount)</td><td>The amount of the ITS surcharge added to the ITS access fee by the host plan for out-of-state patient use of its provider network</td></tr><tr><td style="white-space:nowrap">patient-liability<a name="adjudication-category-patient-liability"> </a></td><td>Patient Liability</td><td>The total amount of the service for which the subscriber is responsible. Generally, this includes, for example, copayments, coinsurance, and deductibles.</td></tr><tr><td style="white-space:nowrap">penalty<a name="adjudication-category-penalty"> </a></td><td>Penalty</td><td>The penalty amount that reduces provider payments for the service. This is due to penalties that result from not meeting plan standards.</td></tr><tr><td style="white-space:nowrap">remittance<a name="adjudication-category-remittance"> </a></td><td>Remittance</td><td/></tr><tr><td style="white-space:nowrap">submitted<a name="adjudication-category-submitted"> </a></td><td>Submitted</td><td>The submitted or billed charge amount, as reported by the provider for the service</td></tr><tr><td style="white-space:nowrap">summary<a name="adjudication-category-summary"> </a></td><td>Summary</td><td>Summary of the explanation of benefit</td></tr><tr><td style="white-space:nowrap">tax<a name="adjudication-category-tax"> </a></td><td>Tax Amount</td><td>The state tax or another tax amount for the claim service record for medical and drug claims. Note that this is not the sales tax amount applied to the drug purchase.</td></tr><tr><td style="white-space:nowrap">third-party<a name="adjudication-category-third-party"> </a></td><td>Third Party Amount</td><td>The amount saved due to integration of third-party liability (Coordination of Benefits) by all third-party payers (including Medicare)</td></tr><tr><td style="white-space:nowrap">withhold<a name="adjudication-category-withhold"> </a></td><td>Risk Withhold</td><td>The amount of the net payment either retained or withheld from the servicing provider. This amount is placed in a risk-sharing pool, for future distribution.</td></tr></table></div>
  </text>
  <url value="http://ibm.com/fhir/cdm/CodeSystem/adjudication-category"/>
  <version value="4.0.0"/>
  <name value="AdjudicationCategoryCodeSystem"/>
  <title value="Adjudication Category Codes"/>
  <status value="active"/>
  <date value="2021-10-26T02:43:06+00:00"/>
  <contact>
    <name value="Kim Kenna"/>
    <telecom>
      <system value="email"/>
      <value value="sloand@us.ibm.com"/>
    </telecom>
  </contact>
  <contact>
    <name value="Tom Eggebraaten"/>
    <telecom>
      <system value="email"/>
      <value value="tegge@us.ibm.com"/>
    </telecom>
  </contact>
  <description value="Adjudication category codes for claims"/>
  <content value="complete"/>
  <count value="30"/>
  <concept>
    <code value="allowed"/>
    <display value="Allowed Amount"/>
    <definition value="The maximum amount allowed by the plan for payment"/>
  </concept>
  <concept>
    <code value="coinsurance"/>
    <display value="Coinsurance"/>
    <definition value="The coinsurance paid by the subscriber as specified in the plan provision"/>
  </concept>
  <concept>
    <code value="copay"/>
    <display value="Copayment"/>
    <definition value="The copayment paid by the subscriber, as specified in the plan provision"/>
  </concept>
  <concept>
    <code value="deductible"/>
    <display value="Deductible Amount"/>
    <definition value="The amount paid by the subscriber through the deductible arrangement of the plan"/>
  </concept>
  <concept>
    <code value="discount"/>
    <display value="Discount Amount"/>
    <definition value="The discount amount applied to the service, based on plan pricing reductions"/>
  </concept>
  <concept>
    <code value="drg-outlier"/>
    <display value="DRG Outlier"/>
    <definition value="The Diagnosis Related Group (DRG) outlier amount, as reported on the facility claim"/>
  </concept>
  <concept>
    <code value="excess_copay"/>
    <display value="Excess Copayment"/>
    <definition value="The amount paid by the subscriber outside of the flat copayment amount. Examples: (1) Additional copayment when selecting a brand name medication, instead of the generic alternative, or (2) Selecting a non-formulary medication, instead of the formulary option."/>
  </concept>
  <concept>
    <code value="excluded1"/>
    <display value="Excluded Amount 1"/>
    <definition value="The ineligible amount or not covered amount that is associated with a reason code 1"/>
  </concept>
  <concept>
    <code value="excluded2"/>
    <display value="Excluded Amount 2"/>
    <definition value="The ineligible amount or not covered amount that is associated with a reason code 2"/>
  </concept>
  <concept>
    <code value="excluded3"/>
    <display value="Excluded Amount 3"/>
    <definition value="The ineligible amount or not covered amount that is associated with a reason code 3"/>
  </concept>
  <concept>
    <code value="excluded-reason"/>
    <display value="Excluded Reason"/>
    <definition value="Reason for the ineligible amount or not covered amount"/>
  </concept>
  <concept>
    <code value="ffs-equivalent"/>
    <display value="Fee For Service Equivalent"/>
    <definition value="For capitated services (encounter records), the fee-for-service equivalent amount for the service"/>
  </concept>
  <concept>
    <code value="fully-insured-payment"/>
    <display value="Fully Insured Payment"/>
    <definition value="Under a fully-insured arrangement, the actual check amount for the service. This represents the amount after applying all plan provisions and cost-sharing."/>
  </concept>
  <concept>
    <code value="healthcare-reimbursement"/>
    <display value="Healthcare Reimbursement Amount"/>
    <definition value="The amount applied towards the service, funded by the subscriber&#39;s Health Reimbursement Arrangement (HRA)"/>
  </concept>
  <concept>
    <code value="healthcare-savings-account"/>
    <display value="Healthcare Savings Account"/>
    <definition value="The amount applied towards the service, funded by the patient&#39;s Heathcare Savings Account (HSA)"/>
  </concept>
  <concept>
    <code value="medicare-allowed"/>
    <display value="Medicare Allowed Amount"/>
    <definition value="The maximum amount allowed by Medicare for payment"/>
  </concept>
  <concept>
    <code value="medicare-coinsurance"/>
    <display value="Medicare Coinsurance Amount"/>
    <definition value="The coinsurance amount determined by Medicare for the service"/>
  </concept>
  <concept>
    <code value="medicare-deductible"/>
    <display value="Medicare Deductible Amount"/>
    <definition value="The deductible amount for the service, as determined by Medicare, that must be paid before Medicare pays"/>
  </concept>
  <concept>
    <code value="medicare-paid"/>
    <display value="Medicare Paid Amount"/>
    <definition value="The amount paid by Medicare for the claim"/>
  </concept>
  <concept>
    <code value="net-payment"/>
    <display value="Net Payment"/>
    <definition value="The actual check amount for the service. This represents the amount after applying all plan provisions and cost-sharing."/>
  </concept>
  <concept>
    <code value="out-of-network-access-fee"/>
    <display value="ITS Access Fee (Out of Network Access Fee)"/>
    <definition value="The amount of the ITS access fee charged by the host plan for out-of-state patient use of its provider network"/>
  </concept>
  <concept>
    <code value="out-of-network-surcharge-fee"/>
    <display value="ITS Surcharge Amount (Out of Network Surcharge Amount)"/>
    <definition value="The amount of the ITS surcharge added to the ITS access fee by the host plan for out-of-state patient use of its provider network"/>
  </concept>
  <concept>
    <code value="patient-liability"/>
    <display value="Patient Liability"/>
    <definition value="The total amount of the service for which the subscriber is responsible. Generally, this includes, for example, copayments, coinsurance, and deductibles."/>
  </concept>
  <concept>
    <code value="penalty"/>
    <display value="Penalty"/>
    <definition value="The penalty amount that reduces provider payments for the service. This is due to penalties that result from not meeting plan standards."/>
  </concept>
  <concept>
    <code value="remittance"/>
    <display value="Remittance"/>
  </concept>
  <concept>
    <code value="submitted"/>
    <display value="Submitted"/>
    <definition value="The submitted or billed charge amount, as reported by the provider for the service"/>
  </concept>
  <concept>
    <code value="summary"/>
    <display value="Summary"/>
    <definition value="Summary of the explanation of benefit"/>
  </concept>
  <concept>
    <code value="tax"/>
    <display value="Tax Amount"/>
    <definition value="The state tax or another tax amount for the claim service record for medical and drug claims. Note that this is not the sales tax amount applied to the drug purchase."/>
  </concept>
  <concept>
    <code value="third-party"/>
    <display value="Third Party Amount"/>
    <definition value="The amount saved due to integration of third-party liability (Coordination of Benefits) by all third-party payers (including Medicare)"/>
  </concept>
  <concept>
    <code value="withhold"/>
    <display value="Risk Withhold"/>
    <definition value="The amount of the net payment either retained or withheld from the servicing provider. This amount is placed in a risk-sharing pool, for future distribution."/>
  </concept>
</CodeSystem>