<?xml version="1.0" encoding="UTF-8"?>

<CodeSystem xmlns="http://hl7.org/fhir">
  <id value="gender-identity"/>
  <text>
    <status value="generated"/><div xmlns="http://www.w3.org/1999/xhtml"><p>This code system http://ibm.com/fhir/cdm/CodeSystem/gender-identity defines the following codes:</p><table class="codes"><tr><td style="white-space:nowrap"><b>Code</b></td><td><b>Display</b></td></tr><tr><td style="white-space:nowrap">female<a name="gender-identity-female"> </a></td><td>Female</td></tr><tr><td style="white-space:nowrap">gender-neutral<a name="gender-identity-gender-neutral"> </a></td><td>Gender-neutral</td></tr><tr><td style="white-space:nowrap">male<a name="gender-identity-male"> </a></td><td>Male</td></tr><tr><td style="white-space:nowrap">non-binary<a name="gender-identity-non-binary"> </a></td><td>Non-binary</td></tr><tr><td style="white-space:nowrap">other<a name="gender-identity-other"> </a></td><td>Other</td></tr><tr><td style="white-space:nowrap">unknown<a name="gender-identity-unknown"> </a></td><td>Unknown</td></tr></table></div>
  </text>
  <url value="http://ibm.com/fhir/cdm/CodeSystem/gender-identity"/>
  <version value="4.0.0"/>
  <name value="GenderIdentityCodeSystem"/>
  <title value="Gender Identity Codes"/>
  <status value="active"/>
  <date value="2021-10-18T17:51:29+00:00"/>
  <contact>
    <name value="Kim Kenna"/>
    <telecom>
      <system value="email"/>
      <value value="sloand@us.ibm.com"/>
    </telecom>
  </contact>
  <contact>
    <name value="Tom Eggebraaten"/>
    <telecom>
      <system value="email"/>
      <value value="tegge@us.ibm.com"/>
    </telecom>
  </contact>
  <description value="Typically, gender identity codes are described in terms of masculinity and femininity. Gender identity is a social construct that varies, both across different cultures and over time. This value is often used for identity purposes, and should be collected directly from the patient."/>
  <content value="complete"/>
  <count value="6"/>
  <concept>
    <code value="female"/>
    <display value="Female"/>
  </concept>
  <concept>
    <code value="gender-neutral"/>
    <display value="Gender-neutral"/>
  </concept>
  <concept>
    <code value="male"/>
    <display value="Male"/>
  </concept>
  <concept>
    <code value="non-binary"/>
    <display value="Non-binary"/>
  </concept>
  <concept>
    <code value="other"/>
    <display value="Other"/>
  </concept>
  <concept>
    <code value="unknown"/>
    <display value="Unknown"/>
  </concept>
</CodeSystem>