<?xml version="1.0" encoding="UTF-8"?>

<CodeSystem xmlns="http://hl7.org/fhir">
  <id value="wh-diagnosis-type"/>
  <text>
    <status value="generated"/><div xmlns="http://www.w3.org/1999/xhtml"><p>This code system http://ibm.com/fhir/cdm/CodeSystem/wh-diagnosis-type defines the following codes:</p><table class="codes"><tr><td style="white-space:nowrap"><b>Code</b></td><td><b>Display</b></td><td><b>Definition</b></td></tr><tr><td style="white-space:nowrap">external-cause<a name="wh-diagnosis-type-external-cause"> </a></td><td>External Cause</td><td>ICD diagnosis external cause code on the facility claim record</td></tr></table></div>
  </text>
  <url value="http://ibm.com/fhir/cdm/CodeSystem/wh-diagnosis-type"/>
  <version value="4.0.0"/>
  <name value="WhDiagnosisTypeCodeSystem"/>
  <title value="Health Data Connect Diagnosis Type Codes"/>
  <status value="active"/>
  <date value="2021-10-26T02:43:06+00:00"/>
  <contact>
    <name value="Kim Kenna"/>
    <telecom>
      <system value="email"/>
      <value value="sloand@us.ibm.com"/>
    </telecom>
  </contact>
  <contact>
    <name value="Tom Eggebraaten"/>
    <telecom>
      <system value="email"/>
      <value value="tegge@us.ibm.com"/>
    </telecom>
  </contact>
  <description value="IBM® Health Data Connect standard codes for the diagnosis codes on a claim"/>
  <content value="complete"/>
  <count value="1"/>
  <concept>
    <code value="external-cause"/>
    <display value="External Cause"/>
    <definition value="ICD diagnosis external cause code on the facility claim record"/>
  </concept>
</CodeSystem>