{
  "resourceType": "CodeSystem",
  "id": "diagnosis-present-on-admission",
  "text": {
    "status": "generated",
    "div": "<div xmlns=\"http://www.w3.org/1999/xhtml\"><p>This code system http://ibm.com/fhir/cdm/CodeSystem/diagnosis-present-on-admission defines the following codes:</p><table class=\"codes\"><tr><td style=\"white-space:nowrap\"><b>Code</b></td><td><b>Display</b></td></tr><tr><td style=\"white-space:nowrap\">1<a name=\"diagnosis-present-on-admission-1\"> </a></td><td>Exempt from POA Reporting</td></tr><tr><td style=\"white-space:nowrap\">N<a name=\"diagnosis-present-on-admission-N\"> </a></td><td>No, not present at admission</td></tr><tr><td style=\"white-space:nowrap\">U<a name=\"diagnosis-present-on-admission-U\"> </a></td><td>Insufficient Documentation</td></tr><tr><td style=\"white-space:nowrap\">W<a name=\"diagnosis-present-on-admission-W\"> </a></td><td>Clinically Undetermined</td></tr><tr><td style=\"white-space:nowrap\">Y<a name=\"diagnosis-present-on-admission-Y\"> </a></td><td>Yes, present ad admission</td></tr></table></div>"
  },
  "url": "http://ibm.com/fhir/cdm/CodeSystem/diagnosis-present-on-admission",
  "version": "0.1.1",
  "name": "DiagnosisPresentOnAdmissionCodeSystem",
  "title": "Diagnosis Present On Admission Codes",
  "status": "active",
  "date": "2021-08-04T14:39:15+00:00",
  "contact": [
    {
      "name": "Kim Kenna",
      "telecom": [
        {
          "system": "email",
          "value": "sloand@us.ibm.com"
        }
      ]
    },
    {
      "name": "Tom Eggebraaten",
      "telecom": [
        {
          "system": "email",
          "value": "tegge@us.ibm.com"
        }
      ]
    }
  ],
  "description": "The Present On Admission (POA) code for diagnosis codes on an inpatient acute care facility Claim",
  "content": "complete",
  "count": 5,
  "concept": [
    {
      "code": "1",
      "display": "Exempt from POA Reporting"
    },
    {
      "code": "N",
      "display": "No, not present at admission"
    },
    {
      "code": "U",
      "display": "Insufficient Documentation"
    },
    {
      "code": "W",
      "display": "Clinically Undetermined"
    },
    {
      "code": "Y",
      "display": "Yes, present ad admission"
    }
  ]
}