{
  "resourceType": "Procedure",
  "id": "CDMProcedureExample",
  "meta": {
    "extension": [
      {
        "url": "http://ibm.com/fhir/cdm/StructureDefinition/tenant-id",
        "valueString": "99999"
      },
      {
        "url": "http://ibm.com/fhir/cdm/StructureDefinition/ingestion-batch-id",
        "valueString": "b069a545-9506-40c6-8498-23de2e189143"
      }
    ],
    "source": "http://acme-health.com/emr1",
    "profile": [
      "http://ibm.com/fhir/cdm/StructureDefinition/cdm-procedure"
    ]
  },
  "text": {
    "status": "generated",
    "div": "<div xmlns=\"http://www.w3.org/1999/xhtml\"><p><b>Generated Narrative</b></p><p><b>identifier</b>: Source System Row Identifier: 3c4c3b81-07d2-434a-8696-0d5f325b6519 (OFFICIAL)</p><p><b>status</b>: completed</p><p><b>category</b>: <span title=\"Codes: {http://snomed.info/sct 103693007}\">Diagnostic procedure</span></p><p><b>code</b>: <span title=\"Codes: {http://snomed.info/sct 5880005}\">Clinical examination</span></p><p><b>subject</b>: <a href=\"Patient-CDMPatientInstance.html\">Generated Summary: Source System Row Identifier: unencryp-id1234 (OFFICIAL), Source System Row Identifier: encryp-id1234 (SECONDARY), Medical record number: 1011110101 (OFFICIAL), Medical record number: 1011110101 (USUAL), Social Beneficiary Identifier: 0001223333 (OFFICIAL), Social Beneficiary Identifier: 1CA0CA0CC00 (OFFICIAL), Social Beneficiary Identifier: 987654321000 (OFFICIAL), Match Data Identifier: 7b78d6de-46cb-4fbb-930d-2a74e24b17fe (SECONDARY); active; Firstname McLastname ; , Phone: 216-345-2662, Phone: 216-555-2222, fmclastname@fakemail.com; gender: male; birthDate: 1990-01-04; deceased: Sep 28, 2020, 12:00:00 AM</a></p><p><b>encounter</b>: <a href=\"Encounter/Encounter1\">Encounter/Encounter1</a></p><p><b>performed</b>: Jan 6, 2020, 10:30:00 AM</p><p><b>recorder</b>: <a href=\"Practitioner-DrKelly.html\">Generated Summary: Source System Row Identifier: 0d82c96d-98c5-46cf-911d-a41991601320 (OFFICIAL), Provider number: 1122334499 (OFFICIAL), Tax ID number: 123456789 (SECONDARY); Dr Debra R Kelly, MD; Phone: 214-555-2100, Fax: 214-555-2101, drkelly@kellyclinic.com</a></p><p><b>asserter</b>: <a href=\"Practitioner-DrKelly.html\">Generated Summary: Source System Row Identifier: 0d82c96d-98c5-46cf-911d-a41991601320 (OFFICIAL), Provider number: 1122334499 (OFFICIAL), Tax ID number: 123456789 (SECONDARY); Dr Debra R Kelly, MD; Phone: 214-555-2100, Fax: 214-555-2101, drkelly@kellyclinic.com</a></p><h3>Performers</h3><table class=\"grid\"><tr><td>-</td><td><b>Function</b></td><td><b>Actor</b></td><td><b>OnBehalfOf</b></td></tr><tr><td>*</td><td><span title=\"Codes: {http://snomed.info/sct 59058001}\">General physician</span></td><td><a href=\"Practitioner-DrKelly.html\">Generated Summary: Source System Row Identifier: 0d82c96d-98c5-46cf-911d-a41991601320 (OFFICIAL), Provider number: 1122334499 (OFFICIAL), Tax ID number: 123456789 (SECONDARY); Dr Debra R Kelly, MD; Phone: 214-555-2100, Fax: 214-555-2101, drkelly@kellyclinic.com</a></td><td><a href=\"Organization-GeneralHospital.html\">Generated Summary: Source System Row Identifier: 7d5007d6-edd0-48b5-b34f-5c5f948b6d13 (OFFICIAL); active; <span title=\"Codes: {http://terminology.hl7.org/CodeSystem/organization-type prov}\">Healthcare Provider</span>; name: General Hospital; Phone: 214-555-6000, Fax: 214-555-6001</a></td></tr></table><p><b>location</b>: <a href=\"Location-KellyClinic.html\">Generated Summary: Source System Row Identifier: 7d5007d6-edd0-48b5-b34f-5c5f948b6d13 (OFFICIAL), Tax ID number: 223338765 (SECONDARY); status: active; name: Kelly Clinic; mode: instance; <span title=\"Codes: {https://www.cms.gov/Medicare/Coding/place-of-service-codes/Place_of_Service_Code_Set 11}\">Office</span>; Phone: 214-555-2100, Fax: 214-555-2101; <span title=\"Codes: {http://terminology.hl7.org/CodeSystem/location-physical-type bu}\">Building</span></a></p><p><b>reasonCode</b>: <span title=\"Codes: {http://snomed.info/sct 1119007}\">Closed reduction of dislocation of foot and toe</span></p><p><b>bodySite</b>: <span title=\"Codes: {http://snomed.info/sct 1484003}\">Structure of metatarsal region of foot</span></p><p><b>outcome</b>: <span title=\"Codes: {http://snomed.info/sct 385669000}\">Successful</span></p><p><b>complication</b>: <span title=\"Codes: {http://snomed.info/sct 1525003}\">Blister of foot without infection</span></p><p><b>note</b>: Patient complained of pain in foot. Slight fracture suspected.  None found.  Blister looks fine, no infection. (By Practitioner/DrKelly @Jan 6, 2020, 10:45:00 AM)</p></div>"
  },
  "identifier": [
    {
      "use": "official",
      "type": {
        "coding": [
          {
            "system": "http://ibm.com/fhir/cdm/CodeSystem/identifier-type",
            "code": "SSRI"
          }
        ]
      },
      "system": "http://acme-health.com/emr1/procedure",
      "value": "3c4c3b81-07d2-434a-8696-0d5f325b6519",
      "assigner": {
        "display": "Acme Health - EMR1"
      }
    }
  ],
  "status": "completed",
  "category": {
    "coding": [
      {
        "system": "http://snomed.info/sct",
        "code": "103693007",
        "display": "Diagnostic procedure"
      }
    ]
  },
  "code": {
    "coding": [
      {
        "system": "http://snomed.info/sct",
        "code": "5880005",
        "display": "Clinical examination"
      }
    ]
  },
  "subject": {
    "reference": "Patient/CDMPatientInstance"
  },
  "encounter": {
    "reference": "Encounter/Encounter1"
  },
  "performedDateTime": "2020-01-06T10:30:00Z",
  "recorder": {
    "reference": "Practitioner/DrKelly"
  },
  "asserter": {
    "reference": "Practitioner/DrKelly"
  },
  "performer": [
    {
      "function": {
        "coding": [
          {
            "system": "http://snomed.info/sct",
            "code": "59058001",
            "display": "General physician"
          }
        ]
      },
      "actor": {
        "reference": "Practitioner/DrKelly"
      },
      "onBehalfOf": {
        "reference": "Organization/GeneralHospital"
      }
    }
  ],
  "location": {
    "reference": "Location/KellyClinic"
  },
  "reasonCode": [
    {
      "coding": [
        {
          "system": "http://snomed.info/sct",
          "code": "1119007",
          "display": "Closed reduction of dislocation of foot and toe"
        }
      ]
    }
  ],
  "bodySite": [
    {
      "coding": [
        {
          "system": "http://snomed.info/sct",
          "code": "1484003",
          "display": "Structure of metatarsal region of foot"
        }
      ]
    }
  ],
  "outcome": {
    "coding": [
      {
        "system": "http://snomed.info/sct",
        "code": "385669000",
        "display": "Successful"
      }
    ]
  },
  "complication": [
    {
      "coding": [
        {
          "system": "http://snomed.info/sct",
          "code": "1525003",
          "display": "Blister of foot without infection"
        }
      ]
    }
  ],
  "note": [
    {
      "authorReference": {
        "reference": "Practitioner/DrKelly"
      },
      "time": "2020-01-06T10:45:00Z",
      "text": "Patient complained of pain in foot. Slight fracture suspected.  None found.  Blister looks fine, no infection."
    }
  ]
}