{
  "resourceType": "ValueSet",
  "id": "age-gender-group",
  "text": {
    "status": "generated",
    "div": "<div xmlns=\"http://www.w3.org/1999/xhtml\"><ul><li>Include all codes defined in <a href=\"CodeSystem-age-gender-group.html\"><code>http://ibm.com/fhir/cdm/CodeSystem/age-gender-group</code></a></li></ul></div>"
  },
  "url": "http://ibm.com/fhir/cdm/ValueSet/age-gender-group",
  "version": "0.1.1",
  "name": "AgeGenderGroupValueSet",
  "title": "Age and Gender Group Value Set",
  "status": "active",
  "date": "2021-08-04T14:39:15+00:00",
  "contact": [
    {
      "name": "Kim Kenna",
      "telecom": [
        {
          "system": "email",
          "value": "sloand@us.ibm.com"
        }
      ]
    },
    {
      "name": "Tom Eggebraaten",
      "telecom": [
        {
          "system": "email",
          "value": "tegge@us.ibm.com"
        }
      ]
    }
  ],
  "description": "Standard value set for age and gender based on HEDIS cohort codes",
  "compose": {
    "include": [
      {
        "system": "http://ibm.com/fhir/cdm/CodeSystem/age-gender-group"
      }
    ]
  }
}