{
  "resourceType": "ValueSet",
  "id": "attribution-source",
  "text": {
    "status": "generated",
    "div": "<div xmlns=\"http://www.w3.org/1999/xhtml\"><ul><li>Include all codes defined in <a href=\"CodeSystem-attribution-source.html\"><code>http://ibm.com/fhir/cdm/CodeSystem/attribution-source</code></a></li></ul></div>"
  },
  "url": "http://ibm.com/fhir/cdm/ValueSet/attribution-source",
  "version": "0.1.1",
  "name": "AttributionSourceValueSet",
  "title": "Attribution Source Value Set",
  "status": "active",
  "date": "2021-08-04T14:39:15+00:00",
  "contact": [
    {
      "name": "Kim Kenna",
      "telecom": [
        {
          "system": "email",
          "value": "sloand@us.ibm.com"
        }
      ]
    },
    {
      "name": "Tom Eggebraaten",
      "telecom": [
        {
          "system": "email",
          "value": "tegge@us.ibm.com"
        }
      ]
    }
  ],
  "description": "Sources of attribution used to associate a patient to a practitioner",
  "compose": {
    "include": [
      {
        "system": "http://ibm.com/fhir/cdm/CodeSystem/attribution-source"
      }
    ]
  }
}