{
  "resourceType": "ValueSet",
  "id": "quality-measure-population-type",
  "text": {
    "status": "extensions",
    "div": "<div xmlns=\"http://www.w3.org/1999/xhtml\"><p>This value set includes codes based on the following rules:</p><ul><li>Include all codes defined in <a href=\"http://terminology.hl7.org/2.1.0/CodeSystem-measure-population.html\"><code>http://terminology.hl7.org/CodeSystem/measure-population</code></a></li><li>Include all codes defined in <a href=\"CodeSystem-measure-population-type.html\"><code>http://ibm.com/fhir/cdm/CodeSystem/measure-population-type</code></a></li></ul><p>This value set excludes codes based on the following rules:</p><ul><li>Exclude these codes as defined in <a href=\"http://terminology.hl7.org/2.1.0/CodeSystem-measure-population.html\"><code>http://terminology.hl7.org/CodeSystem/measure-population</code></a><table class=\"none\"><tr><td style=\"white-space:nowrap\"><b>Code</b></td><td><b>Display</b></td><td><b>Definition</b></td></tr><tr><td><a href=\"http://terminology.hl7.org/2.1.0/CodeSystem-measure-population.html#measure-population-measure-population\">measure-population</a></td><td>Measure Population</td><td>Measure population criteria define the patients, subjects, or events for which the individual observation for the measure should be taken. Measure populations are used for continuous variable measures rather than numerator and denominator criteria.</td></tr><tr><td><a href=\"http://terminology.hl7.org/2.1.0/CodeSystem-measure-population.html#measure-population-measure-population-exlusion\">measure-population-exlusion</a></td><td/><td/></tr><tr><td><a href=\"http://terminology.hl7.org/2.1.0/CodeSystem-measure-population.html#measure-population-measure-observation\">measure-observation</a></td><td>Measure Observation</td><td>Measure observation criteria are used to define an individual observation to be performed for each patient, subject, or event in the measure population. Measure observations for each case in the population are aggregated to determine the overall measure score for the population.</td></tr></table></li></ul></div>"
  },
  "url": "http://ibm.com/fhir/cdm/ValueSet/quality-measure-population-type",
  "version": "0.1.1",
  "name": "QualityMeasurePopulationTypeValueSet",
  "title": "Quality Measure Population Type Value Set",
  "status": "active",
  "date": "2021-08-04T14:39:15+00:00",
  "contact": [
    {
      "name": "Kim Kenna",
      "telecom": [
        {
          "system": "email",
          "value": "sloand@us.ibm.com"
        }
      ]
    },
    {
      "name": "Tom Eggebraaten",
      "telecom": [
        {
          "system": "email",
          "value": "tegge@us.ibm.com"
        }
      ]
    }
  ],
  "description": "IBM Watson Health measure population types for qualiity measures",
  "compose": {
    "include": [
      {
        "system": "http://terminology.hl7.org/CodeSystem/measure-population"
      },
      {
        "system": "http://ibm.com/fhir/cdm/CodeSystem/measure-population-type"
      }
    ],
    "exclude": [
      {
        "system": "http://terminology.hl7.org/CodeSystem/measure-population",
        "concept": [
          {
            "code": "measure-population"
          },
          {
            "code": "measure-population-exlusion"
          },
          {
            "code": "measure-observation"
          }
        ]
      }
    ]
  }
}