<?xml version="1.0" encoding="UTF-8"?><CodeSystem xmlns="http://hl7.org/fhir"><id value="room-and-board-service"/><text><status value="generated"/><div xmlns="http://www.w3.org/1999/xhtml"><p>This code system http://ibm.com/fhir/cdm/CodeSystem/room-and-board-service defines the following codes:</p><table class="codes"><tr><td style="white-space:nowrap"><b>Code</b></td><td><b>Display</b></td></tr><tr><td style="white-space:nowrap">1<a name="room-and-board-service-1"> </a></td><td>Room and Board</td></tr><tr><td style="white-space:nowrap">2<a name="room-and-board-service-2"> </a></td><td>Mother and Newborn R&amp;B</td></tr><tr><td style="white-space:nowrap">3<a name="room-and-board-service-3"> </a></td><td>Nursery R&amp;B</td></tr><tr><td style="white-space:nowrap">4<a name="room-and-board-service-4"> </a></td><td>Rehabilitation R&amp;B Only</td></tr></table></div></text><url value="http://ibm.com/fhir/cdm/CodeSystem/room-and-board-service"/><version value="0.1.1"/><name value="RoomAndBoardServiceCodeSystem"/><title value="Room And Board Service Codes"/><status value="active"/><date value="2021-07-23T19:33:42+00:00"/><contact><name value="Kim Kenna"/><telecom><system value="email"/><value value="sloand@us.ibm.com"/></telecom></contact><contact><name value="Tom Eggebraaten"/><telecom><system value="email"/><value value="tegge@us.ibm.com"/></telecom></contact><description value="The code for the flag indicating the type of room and board services on a facility Claim"/><content value="complete"/><count value="4"/><concept><code value="1"/><display value="Room and Board"/></concept><concept><code value="2"/><display value="Mother and Newborn R&amp;B"/></concept><concept><code value="3"/><display value="Nursery R&amp;B"/></concept><concept><code value="4"/><display value="Rehabilitation R&amp;B Only"/></concept></CodeSystem>