<?xml version="1.0" encoding="UTF-8"?><CodeSystem xmlns="http://hl7.org/fhir"><id value="claim-supporting-info-category"/><text><status value="generated"/><div xmlns="http://www.w3.org/1999/xhtml"><p>This code system http://ibm.com/fhir/cdm/CodeSystem/claim-supporting-info-category defines the following codes:</p><table class="codes"><tr><td style="white-space:nowrap"><b>Code</b></td><td><b>Display</b></td><td><b>Definition</b></td></tr><tr><td style="white-space:nowrap">daysupply<a name="claim-supporting-info-category-daysupply"> </a></td><td>Day Supply</td><td>The number of days of drug therapy covered by this prescription</td></tr></table></div></text><url value="http://ibm.com/fhir/cdm/CodeSystem/claim-supporting-info-category"/><version value="0.1.1"/><name value="ClaimSupportingInfoCategoryCodeSystem"/><title value="Claim Supporting Info Category Codes"/><status value="active"/><date value="2021-07-23T19:33:42+00:00"/><contact><name value="Kim Kenna"/><telecom><system value="email"/><value value="sloand@us.ibm.com"/></telecom></contact><contact><name value="Tom Eggebraaten"/><telecom><system value="email"/><value value="tegge@us.ibm.com"/></telecom></contact><description value="Claim supporting info category codes for Health Data Connect claims"/><content value="complete"/><count value="1"/><concept><code value="daysupply"/><display value="Day Supply"/><definition value="The number of days of drug therapy covered by this prescription"/></concept></CodeSystem>