{
  "resourceType": "ClaimResponse",
  "id": "CDMClaimResponseProfessionalInstance",
  "meta": {
    "extension": [
      {
        "url": "http://ibm.com/fhir/cdm/StructureDefinition/tenant-id",
        "valueString": "tenant7209"
      },
      {
        "url": "http://ibm.com/fhir/cdm/StructureDefinition/ingestion-batch-id",
        "valueString": "rgVCJnQBxvghkKTI8Hzz"
      },
      {
        "url": "http://ibm.com/fhir/cdm/StructureDefinition/process-name",
        "valueString": "TREX"
      },
      {
        "url": "http://ibm.com/fhir/cdm/StructureDefinition/process-client-id",
        "valueString": "7209"
      },
      {
        "url": "http://ibm.com/fhir/cdm/StructureDefinition/process-record-id",
        "valueIdentifier": {
          "system": "http://acme-health.com/WellnessMedicalCenter",
          "value": "7209_07869_e00080722_3938586_2516181"
        }
      },
      {
        "url": "http://ibm.com/fhir/cdm/StructureDefinition/source-file-id",
        "valueString": "e00080722"
      }
    ],
    "source": "http://acme-health.com/WellnessMedicalCenter",
    "profile": [
      "http://ibm.com/fhir/cdm/StructureDefinition/cdm-claim-response"
    ]
  },
  "text": {
    "status": "extensions",
    "div": "<div xmlns=\"http://www.w3.org/1999/xhtml\"><p><b>Generated Narrative</b></p><p><b>Claim Received Date</b>: 2017-06-01</p><p><b>Claim Status</b>: <span title=\"Codes: {http://acme-health.com/CodeSystem/local-claim-status LocClaimStatus}\">LocClaimStatus</span></p><p><b>Days To Process</b>: 15</p><p><b>identifier</b>: Source System Row Identifier: 000000000000000000019721078 (OFFICIAL)</p><p><b>status</b>: active</p><p><b>type</b>: <span title=\"Codes: {http://ibm.com/fhir/cdm/CodeSystem/wh-payer-claim-type medical}, {http://acme-health.com/CodeSystem/local-claim-type MedicalClaimType}\">Medical claim; Institutional/Professional unknown</span></p><p><b>use</b>: claim</p><p><b>patient</b>: <a href=\"Patient-CDMPatientInstance.html\">Generated Summary: Source System Row Identifier: unencryp-id1234 (OFFICIAL), Source System Row Identifier: encryp-id1234 (SECONDARY), Medical record number: 1011110101 (OFFICIAL), Medical record number: 1011110101 (USUAL), Social Beneficiary Identifier: 0001223333 (OFFICIAL), Social Beneficiary Identifier: 1CA0CA0CC00 (OFFICIAL), Social Beneficiary Identifier: 987654321000 (OFFICIAL), Match Data Identifier: 7b78d6de-46cb-4fbb-930d-2a74e24b17fe (SECONDARY); active: true; Firstname McLastname ; , Phone: 216-345-2662, Phone: 216-555-2222, fmclastname@fakemail.com; gender: male; birthDate: 1990-01-04; deceased: Sep 28, 2020, 12:00:00 AM</a></p><p><b>created</b>: Jul 25, 2017, 10:31:00 PM</p><p><b>insurer</b>: <span></span></p><p><b>outcome</b>: complete</p><blockquote><p><b>item</b></p><p><b>Copay Exclusion</b>: <span title=\"Codes: {http://acme-health.com/CodeSystem/local-copay-exclusion LocCopayExclusion}\">LocCopayExclusion</span></p><p><b>Number of Units Allowed</b>: 2</p><p><b>Reinsurance Met Indicator</b>: Y</p><p><b>Utilization Review</b>: <span title=\"Codes: {http://acme-health.com/CodeSystem/local-utilization-review LocUtilizatinoReviewCd}\">LocUtilizatinoReviewCd</span></p><p><b>itemSequence</b>: 1</p><blockquote><p><b>adjudication</b></p><p><b>category</b>: <span title=\"Codes: {http://ibm.com/fhir/cdm/CodeSystem/adjudication-category coinsurance}\">Coinsurance</span></p></blockquote><blockquote><p><b>adjudication</b></p><p><b>category</b>: <span title=\"Codes: {http://ibm.com/fhir/cdm/CodeSystem/adjudication-category copay}\">Copayment</span></p></blockquote><blockquote><p><b>adjudication</b></p><p><b>category</b>: <span title=\"Codes: {http://ibm.com/fhir/cdm/CodeSystem/adjudication-category deductible}\">Deductible Amount</span></p></blockquote><blockquote><p><b>adjudication</b></p><p><b>category</b>: <span title=\"Codes: {http://ibm.com/fhir/cdm/CodeSystem/adjudication-category tax}\">Tax Amount</span></p></blockquote><blockquote><p><b>adjudication</b></p><p><b>Savings Type</b>: <span title=\"Codes: {http://acme-health.com/CodeSystem/local-savings-type LocalSavingsType}\">LocalSavingsType</span></p><p><b>category</b>: <span title=\"Codes: {http://ibm.com/fhir/cdm/CodeSystem/adjudication-category third-party}\">Third Party Amount</span></p></blockquote><blockquote><p><b>adjudication</b></p><p><b>category</b>: <span title=\"Codes: {http://ibm.com/fhir/cdm/CodeSystem/adjudication-category allowed}\">Allowed Amount</span></p></blockquote><blockquote><p><b>adjudication</b></p><p><b>category</b>: <span title=\"Codes: {http://ibm.com/fhir/cdm/CodeSystem/adjudication-category submitted}\">Submitted</span></p></blockquote><blockquote><p><b>adjudication</b></p><p><b>category</b>: <span title=\"Codes: {http://ibm.com/fhir/cdm/CodeSystem/adjudication-category net-payment}\">Net Payment</span></p><p><b>reason</b>: <span title=\"Codes: {https://x12.org/codes/remittance-advice-remark-codes M2}, {https://x12.org/codes/remittance-advice-remark-codes N16}, {http://acme-health.com/CodeSystem/local-explanation-of-benefits LocalEOB}\">M2</span></p></blockquote><blockquote><p><b>adjudication</b></p><p><b>category</b>: <span title=\"Codes: {http://ibm.com/fhir/cdm/CodeSystem/adjudication-category discount}\">Discount Amount</span></p></blockquote><blockquote><p><b>adjudication</b></p><p><b>category</b>: <span title=\"Codes: {http://ibm.com/fhir/cdm/CodeSystem/adjudication-category discount}\">Discount Amount</span></p><p><b>reason</b>: <span title=\"Codes: {http://acme-health.com/CodeSystem/local-discount-type LocalDiscountType}\">LocalDiscountType</span></p></blockquote><blockquote><p><b>adjudication</b></p><p><b>category</b>: <span title=\"Codes: {http://ibm.com/fhir/cdm/CodeSystem/adjudication-category ffs-equivalent}\">Fee For Service Equivalent</span></p></blockquote><blockquote><p><b>adjudication</b></p><p><b>category</b>: <span title=\"Codes: {http://ibm.com/fhir/cdm/CodeSystem/adjudication-category fully-insured-payment}\">Fully Insured Payment</span></p></blockquote><blockquote><p><b>adjudication</b></p><p><b>category</b>: <span title=\"Codes: {http://ibm.com/fhir/cdm/CodeSystem/adjudication-category healthcare-reimbursement}\">Healthcare Reimbursement Amount</span></p></blockquote><blockquote><p><b>adjudication</b></p><p><b>category</b>: <span title=\"Codes: {http://ibm.com/fhir/cdm/CodeSystem/adjudication-category healthcare-savings-account}\">Healthcare Savings Account</span></p></blockquote><blockquote><p><b>adjudication</b></p><p><b>category</b>: <span title=\"Codes: {http://ibm.com/fhir/cdm/CodeSystem/adjudication-category medicare-allowed}\">Medicare Allowed Amount</span></p></blockquote><blockquote><p><b>adjudication</b></p><p><b>category</b>: <span title=\"Codes: {http://ibm.com/fhir/cdm/CodeSystem/adjudication-category medicare-coinsurance}\">Medicare Coinsurance Amount</span></p></blockquote><blockquote><p><b>adjudication</b></p><p><b>category</b>: <span title=\"Codes: {http://ibm.com/fhir/cdm/CodeSystem/adjudication-category medicare-deductible}\">Medicare Deductible Amount</span></p></blockquote><blockquote><p><b>adjudication</b></p><p><b>category</b>: <span title=\"Codes: {http://ibm.com/fhir/cdm/CodeSystem/adjudication-category patient-liability}\">Patient Liability</span></p></blockquote><blockquote><p><b>adjudication</b></p><p><b>category</b>: <span title=\"Codes: {http://ibm.com/fhir/cdm/CodeSystem/adjudication-category penalty}\">Penalty</span></p><p><b>reason</b>: <span title=\"Codes: {http://acme-health.com/CodeSystem/local-penalty-type LocPenaltyType}\">LocPenaltyType</span></p></blockquote><blockquote><p><b>adjudication</b></p><p><b>category</b>: <span title=\"Codes: {http://ibm.com/fhir/cdm/CodeSystem/adjudication-category medicare-paid}\">Medicare Paid Amount</span></p></blockquote><blockquote><p><b>adjudication</b></p><p><b>category</b>: <span title=\"Codes: {http://ibm.com/fhir/cdm/CodeSystem/adjudication-category withhold}\">Risk Withhold</span></p></blockquote><blockquote><p><b>adjudication</b></p><p><b>category</b>: <span title=\"Codes: {http://ibm.com/fhir/cdm/CodeSystem/adjudication-category excluded1}\">Excluded Amount 1</span></p><p><b>reason</b>: <span title=\"Codes: {http://acme-health.com/CodeSystem/local-excluded-reason_1 LocalExcludedReason1}\">LocalExcludedReason1</span></p></blockquote><blockquote><p><b>adjudication</b></p><p><b>category</b>: <span title=\"Codes: {http://ibm.com/fhir/cdm/CodeSystem/adjudication-category excluded2}\">Excluded Amount 2</span></p><p><b>reason</b>: <span title=\"Codes: {http://acme-health.com/CodeSystem/local-excluded-reason_2 LocalExcludedReason2}\">LocalExcludedReason2</span></p></blockquote><blockquote><p><b>adjudication</b></p><p><b>category</b>: <span title=\"Codes: {http://ibm.com/fhir/cdm/CodeSystem/adjudication-category excluded-reason}\">Excluded Reason</span></p><p><b>reason</b>: <span title=\"Codes: {http://acme-health.com/CodeSystem/local-excluded-reason_3 LocalExcludedReason3}\">LocalExcludedReason3</span></p></blockquote><blockquote><p><b>adjudication</b></p><p><b>category</b>: <span title=\"Codes: {http://ibm.com/fhir/cdm/CodeSystem/adjudication-category drg-outlier}\">DRG Outlier</span></p></blockquote><blockquote><p><b>adjudication</b></p><p><b>Routing Number Code</b>: 12345</p><p><b>category</b>: <span title=\"Codes: {http://ibm.com/fhir/cdm/CodeSystem/adjudication-category out-of-network-access-fee}\">ITS Access Fee (Out of Network Access Fee)</span></p></blockquote><blockquote><p><b>adjudication</b></p><p><b>category</b>: <span title=\"Codes: {http://ibm.com/fhir/cdm/CodeSystem/adjudication-category out-of-network-surcharge-fee}\">ITS Surcharge Amount (Out of Network Surcharge Amount)</span></p></blockquote><blockquote><p><b>adjudication</b></p><p><b>category</b>: <span title=\"Codes: {http://ibm.com/fhir/cdm/CodeSystem/adjudication-category summary}\">Summary</span></p><p><b>reason</b>: <span title=\"Codes: {http://acme-health.com/CodeSystem/local-explanation-of-benefits LocalEOB1}, {http://acme-health.com/CodeSystem/local-explanation-of-benefits LocalEOB2}\">LocalEOB1</span></p></blockquote></blockquote><h3>Adjudications</h3><table class=\"grid\"><tr><td>-</td><td><b>Extension</b></td><td><b>Category</b></td><td><b>Reason</b></td></tr><tr><td>*</td><td></td><td><span title=\"Codes: {http://ibm.com/fhir/cdm/CodeSystem/paid-in-network-indicator in-network}\">In Network</span></td><td><span title=\"Codes: {http://ibm.com/fhir/cdm/CodeSystem/paid-in-network-indicator in-network}\">In Network</span></td></tr></table><blockquote><p><b>payment</b></p><p><b>Claim Adjustment Type</b>: <span title=\"Codes: {http://ibm.com/fhir/cdm/CodeSystem/wh-payer-claim-adjustment-type 1}\">Adjustment (positive or negative adjustment)</span></p><p><b>Claim Adjustment Type</b>: <span title=\"Codes: {http://acme-health.com/CodeSystem/local-claim-adjustment-type LocalClaimAdjType}\">LocalClaimAdjType</span></p><p><b>Disposition Reason</b>: <span title=\"Codes: {http://acme-health.com/CodeSystem/local-disposition-reason record-in-error-correct-and-resubmit}\">record-in-error-correct-and-resubmit</span></p><p><b>Reimburse Type</b>: <span title=\"Codes: {http://acme-health.com/CodeSystem/local-reimburse-type LocalReimburseType}\">LocalReimburseType</span></p><p><b>type</b>: <span title=\"Codes: {http://terminology.hl7.org/CodeSystem/ex-paymenttype complete}\">Complete</span></p><p><b>adjustmentReason</b>: <span title=\"Codes: {http://acme-health.com/CodeSystem/local-adjustment-reason local-adj-reason}\">local-adj-reason</span></p><p><b>date</b>: 2017-07-20</p></blockquote><blockquote><p><b>error</b></p><p><b>code</b>: <span title=\"Codes: {http://acme-health.com/CodeSystem/local-error-detail LocErrorDetail1}\">LocErrorDetail1</span></p></blockquote><blockquote><p><b>error</b></p><p><b>code</b>: <span title=\"Codes: {http://acme-health.com/CodeSystem/local-error-header LocErrorDetail2}\">LocErrorDetail2</span></p></blockquote><blockquote><p><b>error</b></p><p><b>code</b>: <span title=\"Codes: {http://acme-health.com/CodeSystem/local-error-detail LocErrorDetail3}\">LocErrorDetail3</span></p></blockquote><blockquote><p><b>error</b></p><p><b>code</b>: <span title=\"Codes: {http://acme-health.com/CodeSystem/local-error-detail LocErrorDetail4}\">LocErrorDetail4</span></p></blockquote><blockquote><p><b>error</b></p><p><b>code</b>: <span title=\"Codes: {http://acme-health.com/CodeSystem/local-error-header LocErrorHeader1}\">LocErrorHeader1</span></p></blockquote><blockquote><p><b>error</b></p><p><b>code</b>: <span title=\"Codes: {http://acme-health.com/CodeSystem/local-exception-detail LocExceptionDetail1}\">LocExceptionDetail1</span></p></blockquote><blockquote><p><b>error</b></p><p><b>code</b>: <span title=\"Codes: {http://acme-health.com/CodeSystem/local-exception-detail LocExceptionDetail2}\">LocExceptionDetail2</span></p></blockquote><blockquote><p><b>error</b></p><p><b>code</b>: <span title=\"Codes: {http://acme-health.com/CodeSystem/local-exception-header LocExceptionHeader1}\">LocExceptionHeader1</span></p></blockquote><blockquote><p><b>error</b></p><p><b>code</b>: <span title=\"Codes: {http://acme-health.com/CodeSystem/local-exception-header LocExceptionHeader2}\">LocExceptionHeader2</span></p></blockquote></div>"
  },
  "extension": [
    {
      "url": "http://ibm.com/fhir/cdm/StructureDefinition/claim-received-date",
      "valueDate": "2017-06-01"
    },
    {
      "url": "http://ibm.com/fhir/cdm/StructureDefinition/claim-status",
      "valueCodeableConcept": {
        "coding": [
          {
            "system": "http://acme-health.com/CodeSystem/local-claim-status",
            "code": "LocClaimStatus"
          }
        ]
      }
    },
    {
      "url": "http://ibm.com/fhir/cdm/StructureDefinition/days-to-process",
      "valueInteger": 15
    }
  ],
  "identifier": [
    {
      "use": "official",
      "type": {
        "coding": [
          {
            "system": "http://ibm.com/fhir/cdm/CodeSystem/identifier-type",
            "code": "SSRI"
          }
        ]
      },
      "system": "http://acme-health.com/CodeSystem/local-claim-identifier",
      "value": "000000000000000000019721078",
      "assigner": {
        "display": "Acme Health - Wellness Medical Center"
      }
    }
  ],
  "status": "active",
  "type": {
    "coding": [
      {
        "system": "http://ibm.com/fhir/cdm/CodeSystem/wh-payer-claim-type",
        "code": "medical"
      },
      {
        "system": "http://acme-health.com/CodeSystem/local-claim-type",
        "code": "MedicalClaimType"
      }
    ]
  },
  "use": "claim",
  "patient": {
    "reference": "Patient/CDMPatientInstance"
  },
  "created": "2017-07-25T17:31:00-05:00",
  "insurer": {
    "type": "Organization",
    "identifier": {
      "system": "http://acme-health.com/payer1/payer",
      "value": "Payer1"
    }
  },
  "outcome": "complete",
  "item": [
    {
      "extension": [
        {
          "url": "http://ibm.com/fhir/cdm/StructureDefinition/copay-exclusion",
          "valueCodeableConcept": {
            "coding": [
              {
                "system": "http://acme-health.com/CodeSystem/local-copay-exclusion",
                "code": "LocCopayExclusion"
              }
            ]
          }
        },
        {
          "url": "http://ibm.com/fhir/cdm/StructureDefinition/number-of-units-allowed",
          "valueInteger": 2
        },
        {
          "url": "http://ibm.com/fhir/cdm/StructureDefinition/reinsurance-met-indicator",
          "valueString": "Y"
        },
        {
          "url": "http://ibm.com/fhir/cdm/StructureDefinition/utilization-review",
          "valueCodeableConcept": {
            "coding": [
              {
                "system": "http://acme-health.com/CodeSystem/local-utilization-review",
                "code": "LocUtilizatinoReviewCd"
              }
            ]
          }
        }
      ],
      "itemSequence": 1,
      "adjudication": [
        {
          "category": {
            "coding": [
              {
                "system": "http://ibm.com/fhir/cdm/CodeSystem/adjudication-category",
                "code": "coinsurance"
              }
            ]
          },
          "amount": {
            "value": 0,
            "currency": "USD"
          }
        },
        {
          "category": {
            "coding": [
              {
                "system": "http://ibm.com/fhir/cdm/CodeSystem/adjudication-category",
                "code": "copay"
              }
            ]
          },
          "amount": {
            "value": 25,
            "currency": "USD"
          }
        },
        {
          "category": {
            "coding": [
              {
                "system": "http://ibm.com/fhir/cdm/CodeSystem/adjudication-category",
                "code": "deductible"
              }
            ]
          },
          "amount": {
            "value": 0,
            "currency": "USD"
          }
        },
        {
          "category": {
            "coding": [
              {
                "system": "http://ibm.com/fhir/cdm/CodeSystem/adjudication-category",
                "code": "tax"
              }
            ]
          },
          "amount": {
            "value": 1,
            "currency": "USD"
          }
        },
        {
          "extension": [
            {
              "url": "http://ibm.com/fhir/cdm/StructureDefinition/savings-type",
              "valueCodeableConcept": {
                "coding": [
                  {
                    "system": "http://acme-health.com/CodeSystem/local-savings-type",
                    "code": "LocalSavingsType"
                  }
                ]
              }
            }
          ],
          "category": {
            "coding": [
              {
                "system": "http://ibm.com/fhir/cdm/CodeSystem/adjudication-category",
                "code": "third-party"
              }
            ]
          },
          "amount": {
            "value": 0,
            "currency": "USD"
          }
        },
        {
          "category": {
            "coding": [
              {
                "system": "http://ibm.com/fhir/cdm/CodeSystem/adjudication-category",
                "code": "allowed"
              }
            ]
          },
          "amount": {
            "value": 125,
            "currency": "USD"
          }
        },
        {
          "category": {
            "coding": [
              {
                "system": "http://ibm.com/fhir/cdm/CodeSystem/adjudication-category",
                "code": "submitted"
              }
            ]
          },
          "amount": {
            "value": 165,
            "currency": "USD"
          }
        },
        {
          "category": {
            "coding": [
              {
                "system": "http://ibm.com/fhir/cdm/CodeSystem/adjudication-category",
                "code": "net-payment"
              }
            ]
          },
          "reason": {
            "coding": [
              {
                "system": "https://x12.org/codes/remittance-advice-remark-codes",
                "code": "M2"
              },
              {
                "system": "https://x12.org/codes/remittance-advice-remark-codes",
                "code": "N16"
              },
              {
                "system": "http://acme-health.com/CodeSystem/local-explanation-of-benefits",
                "code": "LocalEOB"
              }
            ]
          },
          "amount": {
            "value": 100,
            "currency": "USD"
          }
        },
        {
          "category": {
            "coding": [
              {
                "system": "http://ibm.com/fhir/cdm/CodeSystem/adjudication-category",
                "code": "discount"
              }
            ]
          },
          "amount": {
            "value": 40,
            "currency": "USD"
          }
        },
        {
          "category": {
            "coding": [
              {
                "system": "http://ibm.com/fhir/cdm/CodeSystem/adjudication-category",
                "code": "discount"
              }
            ]
          },
          "reason": {
            "coding": [
              {
                "system": "http://acme-health.com/CodeSystem/local-discount-type",
                "code": "LocalDiscountType"
              }
            ]
          },
          "amount": {
            "value": 0,
            "currency": "USD"
          }
        },
        {
          "category": {
            "coding": [
              {
                "system": "http://ibm.com/fhir/cdm/CodeSystem/adjudication-category",
                "code": "ffs-equivalent"
              }
            ]
          },
          "amount": {
            "value": 0,
            "currency": "USD"
          }
        },
        {
          "category": {
            "coding": [
              {
                "system": "http://ibm.com/fhir/cdm/CodeSystem/adjudication-category",
                "code": "fully-insured-payment"
              }
            ]
          },
          "amount": {
            "value": 0,
            "currency": "USD"
          }
        },
        {
          "category": {
            "coding": [
              {
                "system": "http://ibm.com/fhir/cdm/CodeSystem/adjudication-category",
                "code": "healthcare-reimbursement"
              }
            ]
          },
          "amount": {
            "value": 0,
            "currency": "USD"
          }
        },
        {
          "category": {
            "coding": [
              {
                "system": "http://ibm.com/fhir/cdm/CodeSystem/adjudication-category",
                "code": "healthcare-savings-account"
              }
            ]
          },
          "amount": {
            "value": 0,
            "currency": "USD"
          }
        },
        {
          "category": {
            "coding": [
              {
                "system": "http://ibm.com/fhir/cdm/CodeSystem/adjudication-category",
                "code": "medicare-allowed"
              }
            ]
          },
          "amount": {
            "value": 0,
            "currency": "USD"
          }
        },
        {
          "category": {
            "coding": [
              {
                "system": "http://ibm.com/fhir/cdm/CodeSystem/adjudication-category",
                "code": "medicare-coinsurance"
              }
            ]
          },
          "amount": {
            "value": 0,
            "currency": "USD"
          }
        },
        {
          "category": {
            "coding": [
              {
                "system": "http://ibm.com/fhir/cdm/CodeSystem/adjudication-category",
                "code": "medicare-deductible"
              }
            ]
          },
          "amount": {
            "value": 0,
            "currency": "USD"
          }
        },
        {
          "category": {
            "coding": [
              {
                "system": "http://ibm.com/fhir/cdm/CodeSystem/adjudication-category",
                "code": "patient-liability"
              }
            ]
          },
          "amount": {
            "value": 0,
            "currency": "USD"
          }
        },
        {
          "category": {
            "coding": [
              {
                "system": "http://ibm.com/fhir/cdm/CodeSystem/adjudication-category",
                "code": "penalty"
              }
            ]
          },
          "reason": {
            "coding": [
              {
                "system": "http://acme-health.com/CodeSystem/local-penalty-type",
                "code": "LocPenaltyType"
              }
            ]
          }
        },
        {
          "category": {
            "coding": [
              {
                "system": "http://ibm.com/fhir/cdm/CodeSystem/adjudication-category",
                "code": "medicare-paid"
              }
            ]
          },
          "amount": {
            "value": 0,
            "currency": "USD"
          }
        },
        {
          "category": {
            "coding": [
              {
                "system": "http://ibm.com/fhir/cdm/CodeSystem/adjudication-category",
                "code": "withhold"
              }
            ]
          },
          "amount": {
            "value": 0,
            "currency": "USD"
          }
        },
        {
          "category": {
            "coding": [
              {
                "system": "http://ibm.com/fhir/cdm/CodeSystem/adjudication-category",
                "code": "excluded1"
              }
            ]
          },
          "reason": {
            "coding": [
              {
                "system": "http://acme-health.com/CodeSystem/local-excluded-reason_1",
                "code": "LocalExcludedReason1"
              }
            ]
          },
          "amount": {
            "value": 0,
            "currency": "USD"
          }
        },
        {
          "category": {
            "coding": [
              {
                "system": "http://ibm.com/fhir/cdm/CodeSystem/adjudication-category",
                "code": "excluded2"
              }
            ]
          },
          "reason": {
            "coding": [
              {
                "system": "http://acme-health.com/CodeSystem/local-excluded-reason_2",
                "code": "LocalExcludedReason2"
              }
            ]
          },
          "amount": {
            "value": 0,
            "currency": "USD"
          }
        },
        {
          "category": {
            "coding": [
              {
                "system": "http://ibm.com/fhir/cdm/CodeSystem/adjudication-category",
                "code": "excluded-reason"
              }
            ]
          },
          "reason": {
            "coding": [
              {
                "system": "http://acme-health.com/CodeSystem/local-excluded-reason_3",
                "code": "LocalExcludedReason3"
              }
            ]
          }
        },
        {
          "category": {
            "coding": [
              {
                "system": "http://ibm.com/fhir/cdm/CodeSystem/adjudication-category",
                "code": "drg-outlier"
              }
            ]
          },
          "amount": {
            "value": 0,
            "currency": "USD"
          }
        },
        {
          "extension": [
            {
              "url": "http://ibm.com/fhir/cdm/StructureDefinition/routing-number-code",
              "valueString": "12345"
            }
          ],
          "category": {
            "coding": [
              {
                "system": "http://ibm.com/fhir/cdm/CodeSystem/adjudication-category",
                "code": "out-of-network-access-fee"
              }
            ]
          },
          "amount": {
            "value": 0,
            "currency": "USD"
          }
        },
        {
          "category": {
            "coding": [
              {
                "system": "http://ibm.com/fhir/cdm/CodeSystem/adjudication-category",
                "code": "out-of-network-surcharge-fee"
              }
            ]
          },
          "amount": {
            "value": 0,
            "currency": "USD"
          }
        },
        {
          "category": {
            "coding": [
              {
                "system": "http://ibm.com/fhir/cdm/CodeSystem/adjudication-category",
                "code": "summary"
              }
            ]
          },
          "reason": {
            "coding": [
              {
                "system": "http://acme-health.com/CodeSystem/local-explanation-of-benefits",
                "code": "LocalEOB1"
              },
              {
                "system": "http://acme-health.com/CodeSystem/local-explanation-of-benefits",
                "code": "LocalEOB2"
              }
            ]
          }
        }
      ]
    }
  ],
  "adjudication": [
    {
      "extension": [
        {
          "url": "http://ibm.com/fhir/cdm/StructureDefinition/adjudication-date",
          "valueDate": "2017-06-30"
        }
      ],
      "category": {
        "coding": [
          {
            "system": "http://ibm.com/fhir/cdm/CodeSystem/paid-in-network-indicator",
            "code": "in-network"
          }
        ]
      },
      "reason": {
        "coding": [
          {
            "system": "http://ibm.com/fhir/cdm/CodeSystem/paid-in-network-indicator",
            "code": "in-network"
          }
        ]
      }
    }
  ],
  "payment": {
    "extension": [
      {
        "url": "http://ibm.com/fhir/cdm/StructureDefinition/claim-adjustment-type",
        "valueCodeableConcept": {
          "coding": [
            {
              "system": "http://ibm.com/fhir/cdm/CodeSystem/wh-payer-claim-adjustment-type",
              "code": "1"
            }
          ]
        }
      },
      {
        "url": "http://ibm.com/fhir/cdm/StructureDefinition/claim-adjustment-type",
        "valueCodeableConcept": {
          "coding": [
            {
              "system": "http://acme-health.com/CodeSystem/local-claim-adjustment-type",
              "code": "LocalClaimAdjType"
            }
          ]
        }
      },
      {
        "url": "http://ibm.com/fhir/cdm/StructureDefinition/disposition-reason",
        "valueCodeableConcept": {
          "coding": [
            {
              "system": "http://acme-health.com/CodeSystem/local-disposition-reason",
              "code": "record-in-error-correct-and-resubmit"
            }
          ]
        }
      },
      {
        "url": "http://ibm.com/fhir/cdm/StructureDefinition/reimburse-type",
        "valueCodeableConcept": {
          "coding": [
            {
              "system": "http://acme-health.com/CodeSystem/local-reimburse-type",
              "code": "LocalReimburseType"
            }
          ]
        }
      }
    ],
    "type": {
      "coding": [
        {
          "system": "http://terminology.hl7.org/CodeSystem/ex-paymenttype",
          "code": "complete"
        }
      ]
    },
    "adjustmentReason": {
      "coding": [
        {
          "system": "http://acme-health.com/CodeSystem/local-adjustment-reason",
          "code": "local-adj-reason"
        }
      ]
    },
    "date": "2017-07-20",
    "amount": {
      "value": 5
    }
  },
  "error": [
    {
      "code": {
        "coding": [
          {
            "system": "http://acme-health.com/CodeSystem/local-error-detail",
            "code": "LocErrorDetail1"
          }
        ]
      }
    },
    {
      "code": {
        "coding": [
          {
            "system": "http://acme-health.com/CodeSystem/local-error-header",
            "code": "LocErrorDetail2"
          }
        ]
      }
    },
    {
      "code": {
        "coding": [
          {
            "system": "http://acme-health.com/CodeSystem/local-error-detail",
            "code": "LocErrorDetail3"
          }
        ]
      }
    },
    {
      "code": {
        "coding": [
          {
            "system": "http://acme-health.com/CodeSystem/local-error-detail",
            "code": "LocErrorDetail4"
          }
        ]
      }
    },
    {
      "code": {
        "coding": [
          {
            "system": "http://acme-health.com/CodeSystem/local-error-header",
            "code": "LocErrorHeader1"
          }
        ]
      }
    },
    {
      "code": {
        "coding": [
          {
            "system": "http://acme-health.com/CodeSystem/local-exception-detail",
            "code": "LocExceptionDetail1"
          }
        ]
      }
    },
    {
      "code": {
        "coding": [
          {
            "system": "http://acme-health.com/CodeSystem/local-exception-detail",
            "code": "LocExceptionDetail2"
          }
        ]
      }
    },
    {
      "code": {
        "coding": [
          {
            "system": "http://acme-health.com/CodeSystem/local-exception-header",
            "code": "LocExceptionHeader1"
          }
        ]
      }
    },
    {
      "code": {
        "coding": [
          {
            "system": "http://acme-health.com/CodeSystem/local-exception-header",
            "code": "LocExceptionHeader2"
          }
        ]
      }
    }
  ]
}