{
  "resourceType": "CodeSystem",
  "id": "wh-payer-employee-status-code",
  "text": {
    "status": "generated",
    "div": "<div xmlns=\"http://www.w3.org/1999/xhtml\"><p>This code system http://ibm.com/fhir/cdm/CodeSystem/wh-payer-employee-status-code defines the following codes:</p><table class=\"codes\"><tr><td style=\"white-space:nowrap\"><b>Code</b></td><td><b>Display</b></td><td><b>Definition</b></td></tr><tr><td style=\"white-space:nowrap\">1<a name=\"wh-payer-employee-status-code-1\"> </a></td><td>Active Full Time</td><td>Active Full Time</td></tr><tr><td style=\"white-space:nowrap\">2<a name=\"wh-payer-employee-status-code-2\"> </a></td><td>Active Part-Time/Seasonal</td><td>Active Part-Time/Seasonal</td></tr><tr><td style=\"white-space:nowrap\">3<a name=\"wh-payer-employee-status-code-3\"> </a></td><td>Early Retiree</td><td>Early Retiree</td></tr><tr><td style=\"white-space:nowrap\">4<a name=\"wh-payer-employee-status-code-4\"> </a></td><td>Medicare Eligible Retiree</td><td>Medicare Eligible Retiree</td></tr><tr><td style=\"white-space:nowrap\">5<a name=\"wh-payer-employee-status-code-5\"> </a></td><td>Retiree (Status Unknown)</td><td>Retiree (Status Unknown)</td></tr><tr><td style=\"white-space:nowrap\">6<a name=\"wh-payer-employee-status-code-6\"> </a></td><td>COBRA Continuee</td><td>COBRA Continuee</td></tr><tr><td style=\"white-space:nowrap\">7<a name=\"wh-payer-employee-status-code-7\"> </a></td><td>Long Term Disability</td><td>Long Term Disability</td></tr><tr><td style=\"white-space:nowrap\">8<a name=\"wh-payer-employee-status-code-8\"> </a></td><td>Surviving Spouse/Dependent</td><td>Surviving Spouse/Dependent</td></tr><tr><td style=\"white-space:nowrap\">9<a name=\"wh-payer-employee-status-code-9\"> </a></td><td>Other/Unknown</td><td>Other/Unknown</td></tr></table></div>"
  },
  "url": "http://ibm.com/fhir/cdm/CodeSystem/wh-payer-employee-status-code",
  "version": "2.0.0",
  "name": "WhPayerEmployeeStatusCodeSystem",
  "title": "Health Data Connect Employee Status Codes",
  "status": "active",
  "date": "2021-09-20T17:48:04+00:00",
  "contact": [
    {
      "name": "Kim Kenna",
      "telecom": [
        {
          "system": "email",
          "value": "sloand@us.ibm.com"
        }
      ]
    },
    {
      "name": "Tom Eggebraaten",
      "telecom": [
        {
          "system": "email",
          "value": "tegge@us.ibm.com"
        }
      ]
    }
  ],
  "description": "IBM® Health Data Connect standard employee status value set for claims",
  "content": "complete",
  "count": 9,
  "concept": [
    {
      "code": "1",
      "display": "Active Full Time",
      "definition": "Active Full Time"
    },
    {
      "code": "2",
      "display": "Active Part-Time/Seasonal",
      "definition": "Active Part-Time/Seasonal"
    },
    {
      "code": "3",
      "display": "Early Retiree",
      "definition": "Early Retiree"
    },
    {
      "code": "4",
      "display": "Medicare Eligible Retiree",
      "definition": "Medicare Eligible Retiree"
    },
    {
      "code": "5",
      "display": "Retiree (Status Unknown)",
      "definition": "Retiree (Status Unknown)"
    },
    {
      "code": "6",
      "display": "COBRA Continuee",
      "definition": "COBRA Continuee"
    },
    {
      "code": "7",
      "display": "Long Term Disability",
      "definition": "Long Term Disability"
    },
    {
      "code": "8",
      "display": "Surviving Spouse/Dependent",
      "definition": "Surviving Spouse/Dependent"
    },
    {
      "code": "9",
      "display": "Other/Unknown",
      "definition": "Other/Unknown"
    }
  ]
}