{
  "resourceType": "CodeSystem",
  "id": "attribution-code-system",
  "text": {
    "status": "generated",
    "div": "<div xmlns=\"http://www.w3.org/1999/xhtml\"><p>This code system http://ibm.com/fhir/cdm/CodeSystem/attribution-code-system defines the following codes:</p><table class=\"codes\"><tr><td style=\"white-space:nowrap\"><b>Code</b></td><td><b>Display</b></td><td><b>Definition</b></td></tr><tr><td style=\"white-space:nowrap\">client-emr-pcp<a name=\"attribution-code-system-client-emr-pcp\"> </a></td><td>Client EMR PCP</td><td>Primary care physician recorded in a client's PMS or EMR system</td></tr><tr><td style=\"white-space:nowrap\">eng-attr-pcp<a name=\"attribution-code-system-eng-attr-pcp\"> </a></td><td>Engagement Attributed PCP</td><td>Primary care physician attributed by the Engagement pipeline</td></tr><tr><td style=\"white-space:nowrap\">eng-attr-specialist<a name=\"attribution-code-system-eng-attr-specialist\"> </a></td><td>Engagement Attributed Specialist</td><td>Specialist physician attributed by the Engagement pipeline</td></tr><tr><td style=\"white-space:nowrap\">enrollment<a name=\"attribution-code-system-enrollment\"> </a></td><td>Enrollment</td><td>Practitioner provided on the eligibility record</td></tr><tr><td style=\"white-space:nowrap\">adv-imputed-pcp<a name=\"attribution-code-system-adv-imputed-pcp\"> </a></td><td>Advantage Imputed PCP</td><td>Primary care physician imputed by the Advantage pipeline</td></tr></table></div>"
  },
  "url": "http://ibm.com/fhir/cdm/CodeSystem/attribution-code-system",
  "version": "2.0.0",
  "name": "AttributionCodeSystem",
  "title": "Attribution Codes",
  "status": "active",
  "date": "2021-10-01T15:07:10+00:00",
  "contact": [
    {
      "name": "Kim Kenna",
      "telecom": [
        {
          "system": "email",
          "value": "sloand@us.ibm.com"
        }
      ]
    },
    {
      "name": "Tom Eggebraaten",
      "telecom": [
        {
          "system": "email",
          "value": "tegge@us.ibm.com"
        }
      ]
    }
  ],
  "description": "Types of attribution used to associate a patient to a provider",
  "content": "complete",
  "count": 5,
  "concept": [
    {
      "code": "client-emr-pcp",
      "display": "Client EMR PCP",
      "definition": "Primary care physician recorded in a client's PMS or EMR system"
    },
    {
      "code": "eng-attr-pcp",
      "display": "Engagement Attributed PCP",
      "definition": "Primary care physician attributed by the Engagement pipeline"
    },
    {
      "code": "eng-attr-specialist",
      "display": "Engagement Attributed Specialist",
      "definition": "Specialist physician attributed by the Engagement pipeline"
    },
    {
      "code": "enrollment",
      "display": "Enrollment",
      "definition": "Practitioner provided on the eligibility record"
    },
    {
      "code": "adv-imputed-pcp",
      "display": "Advantage Imputed PCP",
      "definition": "Primary care physician imputed by the Advantage pipeline"
    }
  ]
}