{
  "resourceType": "CodeSystem",
  "id": "claim-supporting-info-type",
  "text": {
    "status": "generated",
    "div": "<div xmlns=\"http://www.w3.org/1999/xhtml\"><p>This code system http://ibm.com/fhir/cdm/CodeSystem/claim-supporting-info-type defines the following codes:</p><table class=\"codes\"><tr><td style=\"white-space:nowrap\"><b>Code</b></td><td><b>Display</b></td><td><b>Definition</b></td></tr><tr><td style=\"white-space:nowrap\">capitated-claim-indicator<a name=\"claim-supporting-info-type-capitated-claim-indicator\"> </a></td><td>Capitated claim indicator</td><td>An indicator that all services on the claim were capitated services</td></tr><tr><td style=\"white-space:nowrap\">capitated-service-indicator<a name=\"claim-supporting-info-type-capitated-service-indicator\"> </a></td><td>Capitated service indicator</td><td>An indicator that this service (encounter record) was capitated</td></tr><tr><td style=\"white-space:nowrap\">compound-indicator<a name=\"claim-supporting-info-type-compound-indicator\"> </a></td><td>Drug compound indicator</td><td/></tr><tr><td style=\"white-space:nowrap\">days-count<a name=\"claim-supporting-info-type-days-count\"> </a></td><td>Days count</td><td>The number of inpatient days for the facility Claim</td></tr><tr><td style=\"white-space:nowrap\">network-provider-indicator<a name=\"claim-supporting-info-type-network-provider-indicator\"> </a></td><td>Network provider indicator</td><td>Indicates if the servicing provider participates in the network to which the patient belongs</td></tr><tr><td style=\"white-space:nowrap\">refill-number<a name=\"claim-supporting-info-type-refill-number\"> </a></td><td>Refill number</td><td>A number indicating the original prescription or the refill number. This is the refill number, not the number of refills remaining.</td></tr></table></div>"
  },
  "url": "http://ibm.com/fhir/cdm/CodeSystem/claim-supporting-info-type",
  "version": "2.0.0",
  "name": "ClaimSupportingInfoTypeCodeSystem",
  "title": "Claim Supporting Info Type Codes",
  "status": "active",
  "date": "2021-09-28T19:40:31+00:00",
  "contact": [
    {
      "name": "Kim Kenna",
      "telecom": [
        {
          "system": "email",
          "value": "sloand@us.ibm.com"
        }
      ]
    },
    {
      "name": "Tom Eggebraaten",
      "telecom": [
        {
          "system": "email",
          "value": "tegge@us.ibm.com"
        }
      ]
    }
  ],
  "description": "Supporting information type codes for claims",
  "content": "complete",
  "count": 6,
  "concept": [
    {
      "code": "capitated-claim-indicator",
      "display": "Capitated claim indicator",
      "definition": "An indicator that all services on the claim were capitated services"
    },
    {
      "code": "capitated-service-indicator",
      "display": "Capitated service indicator",
      "definition": "An indicator that this service (encounter record) was capitated"
    },
    {
      "code": "compound-indicator",
      "display": "Drug compound indicator"
    },
    {
      "code": "days-count",
      "display": "Days count",
      "definition": "The number of inpatient days for the facility Claim"
    },
    {
      "code": "network-provider-indicator",
      "display": "Network provider indicator",
      "definition": "Indicates if the servicing provider participates in the network to which the patient belongs"
    },
    {
      "code": "refill-number",
      "display": "Refill number",
      "definition": "A number indicating the original prescription or the refill number. This is the refill number, not the number of refills remaining."
    }
  ]
}