{
  "resourceType": "CodeSystem",
  "id": "ada-tooth-quadrant",
  "text": {
    "status": "generated",
    "div": "<div xmlns=\"http://www.w3.org/1999/xhtml\"><p>This code system http://ibm.com/fhir/cdm/CodeSystem/ada-tooth-quadrant defines the following codes:</p><table class=\"codes\"><tr><td style=\"white-space:nowrap\"><b>Code</b></td><td><b>Display</b></td><td><b>Definition</b></td></tr><tr><td style=\"white-space:nowrap\">UR<a name=\"ada-tooth-quadrant-UR\"> </a></td><td>Upper right</td><td>Upper right</td></tr><tr><td style=\"white-space:nowrap\">UL<a name=\"ada-tooth-quadrant-UL\"> </a></td><td>Upper left</td><td>Upper left</td></tr><tr><td style=\"white-space:nowrap\">LR<a name=\"ada-tooth-quadrant-LR\"> </a></td><td>Lower right</td><td>Lower right</td></tr><tr><td style=\"white-space:nowrap\">LL<a name=\"ada-tooth-quadrant-LL\"> </a></td><td>Lower left</td><td>Lower left</td></tr></table></div>"
  },
  "url": "http://ibm.com/fhir/cdm/CodeSystem/ada-tooth-quadrant",
  "version": "2.0.0",
  "name": "ADAToothQuadrantCodeSystem",
  "title": "American Dental Association Tooth Quadrant Code System",
  "status": "active",
  "date": "2021-09-28T19:40:31+00:00",
  "contact": [
    {
      "name": "Kim Kenna",
      "telecom": [
        {
          "system": "email",
          "value": "sloand@us.ibm.com"
        }
      ]
    },
    {
      "name": "Tom Eggebraaten",
      "telecom": [
        {
          "system": "email",
          "value": "tegge@us.ibm.com"
        }
      ]
    }
  ],
  "description": "Code system that defines a tooth quadrant",
  "content": "complete",
  "count": 4,
  "concept": [
    {
      "code": "UR",
      "display": "Upper right",
      "definition": "Upper right"
    },
    {
      "code": "UL",
      "display": "Upper left",
      "definition": "Upper left"
    },
    {
      "code": "LR",
      "display": "Lower right",
      "definition": "Lower right"
    },
    {
      "code": "LL",
      "display": "Lower left",
      "definition": "Lower left"
    }
  ]
}