{
  "resourceType": "Measure",
  "id": "QualityMeasureExample",
  "meta": {
    "extension": [
      {
        "url": "http://ibm.com/fhir/cdm/StructureDefinition/process-organization",
        "valueString": "IBM"
      },
      {
        "url": "http://ibm.com/fhir/cdm/StructureDefinition/process-type",
        "valueString": "Measure Authoring"
      },
      {
        "url": "http://ibm.com/fhir/cdm/StructureDefinition/process-name",
        "valueString": "Measure Authoring Tool (MAT)"
      },
      {
        "url": "http://ibm.com/fhir/cdm/StructureDefinition/process-version",
        "valueString": "1.0"
      },
      {
        "url": "http://ibm.com/fhir/cdm/StructureDefinition/process-timestamp",
        "valueDateTime": "2020-01-01T00:00:00Z"
      }
    ],
    "source": "http://ibm.com/fhir/quality-measure",
    "profile": [
      "http://ibm.com/fhir/cdm/StructureDefinition/quality-measure"
    ],
    "tag": [
      {
        "system": "http://ibm.com/fhir/cdm/CodeSystem/process-meta-primary-or-secondary",
        "code": "SECONDARY"
      }
    ]
  },
  "text": {
    "status": "extensions",
    "div": "<div xmlns=\"http://www.w3.org/1999/xhtml\"><p><b>Generated Narrative</b></p><p><b>Measure Parameter</b>: </p><p><b style=\"color: maroon\">Exception generating Narrative: type org.hl7.fhir.r5.model.ParameterDefinition not handled - should not be here</b></p></div>"
  },
  "extension": [
    {
      "url": "http://ibm.com/fhir/cdm/StructureDefinition/measure-parameter",
      "valueParameterDefinition": {
        "name": "measurePeriod",
        "use": "out",
        "type": "Period"
      }
    },
    {
      "url": "http://ibm.com/fhir/cdm/StructureDefinition/measure-parameter",
      "valueParameterDefinition": {
        "extension": [
          {
            "url": "http://ibm.com/fhir/cdm/StructureDefinition/default-value",
            "valueString": "Pharyngitis Testing"
          }
        ],
        "name": "complianceDisplayName",
        "use": "out",
        "type": "string"
      }
    },
    {
      "url": "http://ibm.com/fhir/cdm/StructureDefinition/measure-parameter",
      "valueParameterDefinition": {
        "extension": [
          {
            "url": "http://ibm.com/fhir/cdm/StructureDefinition/default-value",
            "valueString": "Once yearly"
          }
        ],
        "name": "complianceFrequency",
        "use": "out",
        "type": "string"
      }
    }
  ],
  "url": "http://ibm.com/fhir/cdm/Measure/QualityMeasureExample",
  "identifier": [
    {
      "type": {
        "coding": [
          {
            "system": "http://terminology.hl7.org/CodeSystem/v2-0203",
            "code": "RI"
          }
        ]
      },
      "system": "http://ibm.com/fhir/cdm/quality-measure",
      "value": "8f3a1491-a07f-4860-8977-e7dac7398175",
      "assigner": {
        "display": "IBM"
      }
    }
  ],
  "version": "2.0.0",
  "name": "Diabetes_HbA1c_Test_Performed",
  "status": "active",
  "subjectCodeableConcept": {
    "coding": [
      {
        "system": "http://hl7.org/fhir/resource-types",
        "code": "Patient"
      }
    ]
  },
  "date": "2020-01-01",
  "publisher": "IBM",
  "contact": [
    {
      "name": "Kim Kenna",
      "telecom": [
        {
          "system": "email",
          "value": "sloand@us.ibm.com"
        }
      ]
    },
    {
      "name": "Tom Eggebraaten",
      "telecom": [
        {
          "system": "email",
          "value": "tegge@us.ibm.com"
        }
      ]
    }
  ],
  "description": "Percentage of patients 18-75 years of age with diabetes who had a hemoglobin A1c test performed within the measurement period",
  "useContext": [
    {
      "code": {
        "system": "http://terminology.hl7.org/CodeSystem/usage-context-type",
        "code": "clinical"
      },
      "valueCodeableConcept": {
        "coding": [
          {
            "system": "http://snomed.info/sct",
            "code": "73211009",
            "display": "Diabetes mellitus (disorder)"
          }
        ]
      }
    }
  ],
  "approvalDate": "2020-01-01",
  "lastReviewDate": "2020-01-01",
  "effectivePeriod": {
    "start": "2020-01-01"
  },
  "topic": [
    {
      "coding": [
        {
          "system": "http://hl7.org/fhir/codesystem-definition-topic.html",
          "code": "treatment"
        }
      ]
    }
  ],
  "library": [
    "Measure/Library"
  ],
  "scoring": {
    "coding": [
      {
        "system": "http://terminology.hl7.org/CodeSystem/measure-scoring",
        "code": "proportion"
      }
    ]
  },
  "type": [
    {
      "coding": [
        {
          "system": "http://terminology.hl7.org/CodeSystem/measure-type",
          "code": "process"
        }
      ]
    }
  ],
  "improvementNotation": {
    "coding": [
      {
        "system": "http://terminology.hl7.org/CodeSystem/measure-improvement-notation",
        "code": "increase"
      }
    ]
  },
  "guidance": "Only patients with a diagnosis of Type 1 or Type 2 diabetes should be included in the denominator of this measure.  Patients with a diagnosis of secondary diabetes due to another condition should not be included.",
  "group": [
    {
      "population": [
        {
          "id": "dm-hba1c-initial-pop",
          "code": {
            "coding": [
              {
                "system": "http://terminology.hl7.org/CodeSystem/measure-population",
                "code": "initial-population"
              }
            ]
          },
          "description": "Patients 18-75 years of age with diabetes",
          "criteria": {
            "language": "text/cql",
            "expression": "DmHbA1cTest.InInitialPopulation"
          }
        },
        {
          "id": "dm-hba1c-den",
          "code": {
            "coding": [
              {
                "system": "http://terminology.hl7.org/CodeSystem/measure-population",
                "code": "denominator"
              }
            ]
          },
          "description": "Patients 18-75 years of age with diabetes with a visit during the measurement period",
          "criteria": {
            "language": "text/cql",
            "expression": "DmHbA1cTest.InDenominator"
          }
        },
        {
          "id": "dm-hba1c-num",
          "code": {
            "coding": [
              {
                "system": "http://terminology.hl7.org/CodeSystem/measure-population",
                "code": "numerator"
              }
            ]
          },
          "description": "Patients who have had HbA1c test within the measurement period",
          "criteria": {
            "language": "text/cql",
            "expression": "DmHbA1cTest.InNumerator"
          }
        },
        {
          "id": "dm-hba1c-caregap-controlled",
          "code": {
            "coding": [
              {
                "system": "http://ibm.com/fhir/cdm/CodeSystem/measure-population-type",
                "code": "care-gap"
              }
            ]
          },
          "description": "DM Control - Low Risk",
          "criteria": {
            "language": "text/cql",
            "expression": "DmHbA1cTest.InDmControlled"
          }
        },
        {
          "id": "dm-hba1c-caregap-poor-control",
          "code": {
            "coding": [
              {
                "system": "http://ibm.com/fhir/cdm/CodeSystem/measure-population-type",
                "code": "care-gap"
              }
            ]
          },
          "description": "DM Poor Control - High Risk",
          "criteria": {
            "language": "text/cql",
            "expression": "DmHbA1cTest.InDmPoorControl"
          }
        }
      ]
    }
  ]
}