{
  "resourceType": "ValueSet",
  "id": "wh-payer-employee-status-code",
  "text": {
    "status": "generated",
    "div": "<div xmlns=\"http://www.w3.org/1999/xhtml\"><ul><li>Include all codes defined in <a href=\"CodeSystem-wh-payer-employee-status-code.html\"><code>http://ibm.com/fhir/cdm/CodeSystem/wh-payer-employee-status-code</code></a></li></ul></div>"
  },
  "url": "http://ibm.com/fhir/cdm/ValueSet/wh-payer-employee-status-code",
  "version": "2.0.0",
  "name": "WHPayerEmployeeStatusValueSet",
  "title": "Health Data Connect Employee Status Value Set",
  "status": "active",
  "date": "2021-09-21T12:28:41+00:00",
  "contact": [
    {
      "name": "Kim Kenna",
      "telecom": [
        {
          "system": "email",
          "value": "sloand@us.ibm.com"
        }
      ]
    },
    {
      "name": "Tom Eggebraaten",
      "telecom": [
        {
          "system": "email",
          "value": "tegge@us.ibm.com"
        }
      ]
    }
  ],
  "description": "IBM® Health Data Connect standard employee status value set for claims",
  "compose": {
    "include": [
      {
        "system": "http://ibm.com/fhir/cdm/CodeSystem/wh-payer-employee-status-code"
      }
    ]
  }
}