{
  "resourceType": "ValueSet",
  "id": "adjudication-category",
  "text": {
    "status": "generated",
    "div": "<div xmlns=\"http://www.w3.org/1999/xhtml\"><ul><li>Include all codes defined in <a href=\"CodeSystem-adjudication-category.html\"><code>http://ibm.com/fhir/cdm/CodeSystem/adjudication-category</code></a></li></ul></div>"
  },
  "url": "http://ibm.com/fhir/cdm/ValueSet/adjudication-category",
  "version": "2.0.0",
  "name": "AdjudicationCategoryValueSet",
  "title": "Adjudication Category Value Set",
  "status": "active",
  "date": "2021-10-26T01:56:32+00:00",
  "contact": [
    {
      "name": "Kim Kenna",
      "telecom": [
        {
          "system": "email",
          "value": "sloand@us.ibm.com"
        }
      ]
    },
    {
      "name": "Tom Eggebraaten",
      "telecom": [
        {
          "system": "email",
          "value": "tegge@us.ibm.com"
        }
      ]
    }
  ],
  "description": "Adjudication category value set for claims",
  "compose": {
    "include": [
      {
        "system": "http://ibm.com/fhir/cdm/CodeSystem/adjudication-category"
      }
    ]
  }
}