<?xml version="1.0" encoding="UTF-8"?>

<CodeSystem xmlns="http://hl7.org/fhir">
  <id value="ms-drg-of-payment"/>
  <text>
    <status value="generated"/><div xmlns="http://www.w3.org/1999/xhtml"><p>This code system http://ibm.com/fhir/cdm/CodeSystem/ms-drg-of-payment defines the following codes:</p><table class="codes"><tr><td style="white-space:nowrap"><b>Code</b></td></tr></table></div>
  </text>
  <url value="http://ibm.com/fhir/cdm/CodeSystem/ms-drg-of-payment"/>
  <version value="0.1.0"/>
  <name value="MsDrgOfPaymentCodeSystem"/>
  <title value="MS-Drg Of Payment Codes"/>
  <status value="active"/>
  <date value="2021-06-14T16:26:11-05:00"/>
  <contact>
    <name value="Kim Kenna"/>
    <telecom>
      <system value="email"/>
      <value value="sloand@us.ibm.com"/>
    </telecom>
  </contact>
  <contact>
    <name value="Tom Eggebraaten"/>
    <telecom>
      <system value="email"/>
      <value value="tegge@us.ibm.com"/>
    </telecom>
  </contact>
  <description value="The Diagnosis Related Group (MS-DRG) code under which the claim was paid, as reported on the facility Claim"/>
  <content value="complete"/>
</CodeSystem>