{
  "resourceType": "CodeSystem",
  "id": "legal-document-system",
  "text": {
    "status": "generated",
    "div": "<div xmlns=\"http://www.w3.org/1999/xhtml\"><p>This code system http://alvearie.io/fhir/CodeSystem/legal-document-system defines the following codes:</p><table class=\"codes\"><tr><td style=\"white-space:nowrap\"><b>Code</b></td><td><b>Display</b></td></tr><tr><td style=\"white-space:nowrap\">us-gov<a name=\"legal-document-system-us-gov\"> </a></td><td>U.S. Federal Goverment</td></tr><tr><td style=\"white-space:nowrap\">us-al-gov<a name=\"legal-document-system-us-al-gov\"> </a></td><td>Alabama State Government</td></tr><tr><td style=\"white-space:nowrap\">us-ak-gov<a name=\"legal-document-system-us-ak-gov\"> </a></td><td>Alaska State Government</td></tr><tr><td style=\"white-space:nowrap\">us-az-gov<a name=\"legal-document-system-us-az-gov\"> </a></td><td>Arizona State Government</td></tr><tr><td style=\"white-space:nowrap\">us-ar-gov<a name=\"legal-document-system-us-ar-gov\"> </a></td><td>Arkansas State Government</td></tr><tr><td style=\"white-space:nowrap\">us-ca-gov<a name=\"legal-document-system-us-ca-gov\"> </a></td><td>California State Government</td></tr><tr><td style=\"white-space:nowrap\">us-co-gov<a name=\"legal-document-system-us-co-gov\"> </a></td><td>Colorado State Government</td></tr><tr><td style=\"white-space:nowrap\">us-ct-gov<a name=\"legal-document-system-us-ct-gov\"> </a></td><td>Connecticut State Government</td></tr><tr><td style=\"white-space:nowrap\">us-de-gov<a name=\"legal-document-system-us-de-gov\"> </a></td><td>Deleware State Government</td></tr><tr><td style=\"white-space:nowrap\">us-dc-gov<a name=\"legal-document-system-us-dc-gov\"> </a></td><td>Distict Of Columbia</td></tr><tr><td style=\"white-space:nowrap\">us-fl-gov<a name=\"legal-document-system-us-fl-gov\"> </a></td><td>Florida State Government</td></tr><tr><td style=\"white-space:nowrap\">us-ga-gov<a name=\"legal-document-system-us-ga-gov\"> </a></td><td>Georgia State Government</td></tr><tr><td style=\"white-space:nowrap\">us-hi-gov<a name=\"legal-document-system-us-hi-gov\"> </a></td><td>Hawaii State Government</td></tr><tr><td style=\"white-space:nowrap\">us-id-gov<a name=\"legal-document-system-us-id-gov\"> </a></td><td>Idaho State Government</td></tr><tr><td style=\"white-space:nowrap\">us-il-gov<a name=\"legal-document-system-us-il-gov\"> </a></td><td>Illinois State Government</td></tr><tr><td style=\"white-space:nowrap\">us-in-gov<a name=\"legal-document-system-us-in-gov\"> </a></td><td>Indiana State Government</td></tr><tr><td style=\"white-space:nowrap\">us-ia-gov<a name=\"legal-document-system-us-ia-gov\"> </a></td><td>Iowa State Government</td></tr><tr><td style=\"white-space:nowrap\">us-ks-gov<a name=\"legal-document-system-us-ks-gov\"> </a></td><td>Kansas State Government</td></tr><tr><td style=\"white-space:nowrap\">us-ky-gov<a name=\"legal-document-system-us-ky-gov\"> </a></td><td>Kentucky State Government</td></tr><tr><td style=\"white-space:nowrap\">us-la-gov<a name=\"legal-document-system-us-la-gov\"> </a></td><td>Louisianna State Government</td></tr><tr><td style=\"white-space:nowrap\">us-me-gov<a name=\"legal-document-system-us-me-gov\"> </a></td><td>Maine State Government</td></tr><tr><td style=\"white-space:nowrap\">us-md-gov<a name=\"legal-document-system-us-md-gov\"> </a></td><td>Maryland State Government</td></tr><tr><td style=\"white-space:nowrap\">us-ma-gov<a name=\"legal-document-system-us-ma-gov\"> </a></td><td>Massachusetts State Government</td></tr><tr><td style=\"white-space:nowrap\">us-mi-gov<a name=\"legal-document-system-us-mi-gov\"> </a></td><td>Michigan State Government</td></tr><tr><td style=\"white-space:nowrap\">us-mn-gov<a name=\"legal-document-system-us-mn-gov\"> </a></td><td>Minnesota State Government</td></tr><tr><td style=\"white-space:nowrap\">us-ms-gov<a name=\"legal-document-system-us-ms-gov\"> </a></td><td>Mississippi State Government</td></tr><tr><td style=\"white-space:nowrap\">us-mo-gov<a name=\"legal-document-system-us-mo-gov\"> </a></td><td>Missouri State Government</td></tr><tr><td style=\"white-space:nowrap\">us-mt-gov<a name=\"legal-document-system-us-mt-gov\"> </a></td><td>Montana State Government</td></tr><tr><td style=\"white-space:nowrap\">us-ne-gov<a name=\"legal-document-system-us-ne-gov\"> </a></td><td>Nebraska State Government</td></tr><tr><td style=\"white-space:nowrap\">us-nv-gov<a name=\"legal-document-system-us-nv-gov\"> </a></td><td>Nevada State Government</td></tr><tr><td style=\"white-space:nowrap\">us-nh-gov<a name=\"legal-document-system-us-nh-gov\"> </a></td><td>New Hampshire State Government</td></tr><tr><td style=\"white-space:nowrap\">us-nj-gov<a name=\"legal-document-system-us-nj-gov\"> </a></td><td>New Jersey State Government</td></tr><tr><td style=\"white-space:nowrap\">us-nm-gov<a name=\"legal-document-system-us-nm-gov\"> </a></td><td>New Mexico State Government</td></tr><tr><td style=\"white-space:nowrap\">us-ny-gov<a name=\"legal-document-system-us-ny-gov\"> </a></td><td>New York State Government</td></tr><tr><td style=\"white-space:nowrap\">us-nc-gov<a name=\"legal-document-system-us-nc-gov\"> </a></td><td>North Carolina State Government</td></tr><tr><td style=\"white-space:nowrap\">us-nd-gov<a name=\"legal-document-system-us-nd-gov\"> </a></td><td>North Dakota State Government</td></tr><tr><td style=\"white-space:nowrap\">us-ok-gov<a name=\"legal-document-system-us-ok-gov\"> </a></td><td>Oklahoma State Government</td></tr><tr><td style=\"white-space:nowrap\">us-or-gov<a name=\"legal-document-system-us-or-gov\"> </a></td><td>Oregon State Government</td></tr><tr><td style=\"white-space:nowrap\">us-pa-gov<a name=\"legal-document-system-us-pa-gov\"> </a></td><td>Pennsylvania State Government</td></tr><tr><td style=\"white-space:nowrap\">us-ri-gov<a name=\"legal-document-system-us-ri-gov\"> </a></td><td>Rhode Island State Government</td></tr><tr><td style=\"white-space:nowrap\">us-sc-gov<a name=\"legal-document-system-us-sc-gov\"> </a></td><td>South Carolina State Government</td></tr><tr><td style=\"white-space:nowrap\">us-tn-gov<a name=\"legal-document-system-us-tn-gov\"> </a></td><td>Tennessee State Government</td></tr><tr><td style=\"white-space:nowrap\">us-tx-gov<a name=\"legal-document-system-us-tx-gov\"> </a></td><td>Texas State Government</td></tr><tr><td style=\"white-space:nowrap\">us-ut-gov<a name=\"legal-document-system-us-ut-gov\"> </a></td><td>Utah State Government</td></tr><tr><td style=\"white-space:nowrap\">us-vt-gov<a name=\"legal-document-system-us-vt-gov\"> </a></td><td>Vermont State Government</td></tr><tr><td style=\"white-space:nowrap\">us-va-gov<a name=\"legal-document-system-us-va-gov\"> </a></td><td>Virginia State Government</td></tr><tr><td style=\"white-space:nowrap\">us-wa-gov<a name=\"legal-document-system-us-wa-gov\"> </a></td><td>Washington State Government</td></tr><tr><td style=\"white-space:nowrap\">us-wv-gov<a name=\"legal-document-system-us-wv-gov\"> </a></td><td>West Virginia State Government</td></tr><tr><td style=\"white-space:nowrap\">us-wi-gov<a name=\"legal-document-system-us-wi-gov\"> </a></td><td>Wisconsin State Government</td></tr><tr><td style=\"white-space:nowrap\">us-wy-gov<a name=\"legal-document-system-us-wy-gov\"> </a></td><td>Wyoming State Government</td></tr><tr><td style=\"white-space:nowrap\">us-other<a name=\"legal-document-system-us-other\"> </a></td><td>Other</td></tr></table></div>"
  },
  "url": "http://alvearie.io/fhir/CodeSystem/legal-document-system",
  "version": "0.1.0",
  "name": "LegalDocumentSystemCodeSystem",
  "title": "Legal Document System Codes",
  "status": "active",
  "date": "2021-04-14T11:21:37-05:00",
  "contact": [
    {
      "name": "Kim Kenna",
      "telecom": [
        {
          "system": "email",
          "value": "sloand@us.ibm.com"
        }
      ]
    },
    {
      "name": "Tom Eggebraaten",
      "telecom": [
        {
          "system": "email",
          "value": "tegge@us.ibm.com"
        }
      ]
    }
  ],
  "description": "Codes indicating the system of legal document used for identification",
  "content": "complete",
  "count": 51,
  "concept": [
    {
      "code": "us-gov",
      "display": "U.S. Federal Goverment"
    },
    {
      "code": "us-al-gov",
      "display": "Alabama State Government"
    },
    {
      "code": "us-ak-gov",
      "display": "Alaska State Government"
    },
    {
      "code": "us-az-gov",
      "display": "Arizona State Government"
    },
    {
      "code": "us-ar-gov",
      "display": "Arkansas State Government"
    },
    {
      "code": "us-ca-gov",
      "display": "California State Government"
    },
    {
      "code": "us-co-gov",
      "display": "Colorado State Government"
    },
    {
      "code": "us-ct-gov",
      "display": "Connecticut State Government"
    },
    {
      "code": "us-de-gov",
      "display": "Deleware State Government"
    },
    {
      "code": "us-dc-gov",
      "display": "Distict Of Columbia"
    },
    {
      "code": "us-fl-gov",
      "display": "Florida State Government"
    },
    {
      "code": "us-ga-gov",
      "display": "Georgia State Government"
    },
    {
      "code": "us-hi-gov",
      "display": "Hawaii State Government"
    },
    {
      "code": "us-id-gov",
      "display": "Idaho State Government"
    },
    {
      "code": "us-il-gov",
      "display": "Illinois State Government"
    },
    {
      "code": "us-in-gov",
      "display": "Indiana State Government"
    },
    {
      "code": "us-ia-gov",
      "display": "Iowa State Government"
    },
    {
      "code": "us-ks-gov",
      "display": "Kansas State Government"
    },
    {
      "code": "us-ky-gov",
      "display": "Kentucky State Government"
    },
    {
      "code": "us-la-gov",
      "display": "Louisianna State Government"
    },
    {
      "code": "us-me-gov",
      "display": "Maine State Government"
    },
    {
      "code": "us-md-gov",
      "display": "Maryland State Government"
    },
    {
      "code": "us-ma-gov",
      "display": "Massachusetts State Government"
    },
    {
      "code": "us-mi-gov",
      "display": "Michigan State Government"
    },
    {
      "code": "us-mn-gov",
      "display": "Minnesota State Government"
    },
    {
      "code": "us-ms-gov",
      "display": "Mississippi State Government"
    },
    {
      "code": "us-mo-gov",
      "display": "Missouri State Government"
    },
    {
      "code": "us-mt-gov",
      "display": "Montana State Government"
    },
    {
      "code": "us-ne-gov",
      "display": "Nebraska State Government"
    },
    {
      "code": "us-nv-gov",
      "display": "Nevada State Government"
    },
    {
      "code": "us-nh-gov",
      "display": "New Hampshire State Government"
    },
    {
      "code": "us-nj-gov",
      "display": "New Jersey State Government"
    },
    {
      "code": "us-nm-gov",
      "display": "New Mexico State Government"
    },
    {
      "code": "us-ny-gov",
      "display": "New York State Government"
    },
    {
      "code": "us-nc-gov",
      "display": "North Carolina State Government"
    },
    {
      "code": "us-nd-gov",
      "display": "North Dakota State Government"
    },
    {
      "code": "us-ok-gov",
      "display": "Oklahoma State Government"
    },
    {
      "code": "us-or-gov",
      "display": "Oregon State Government"
    },
    {
      "code": "us-pa-gov",
      "display": "Pennsylvania State Government"
    },
    {
      "code": "us-ri-gov",
      "display": "Rhode Island State Government"
    },
    {
      "code": "us-sc-gov",
      "display": "South Carolina State Government"
    },
    {
      "code": "us-tn-gov",
      "display": "Tennessee State Government"
    },
    {
      "code": "us-tx-gov",
      "display": "Texas State Government"
    },
    {
      "code": "us-ut-gov",
      "display": "Utah State Government"
    },
    {
      "code": "us-vt-gov",
      "display": "Vermont State Government"
    },
    {
      "code": "us-va-gov",
      "display": "Virginia State Government"
    },
    {
      "code": "us-wa-gov",
      "display": "Washington State Government"
    },
    {
      "code": "us-wv-gov",
      "display": "West Virginia State Government"
    },
    {
      "code": "us-wi-gov",
      "display": "Wisconsin State Government"
    },
    {
      "code": "us-wy-gov",
      "display": "Wyoming State Government"
    },
    {
      "code": "us-other",
      "display": "Other"
    }
  ]
}