<?xml version="1.0" encoding="UTF-8"?>

<CodeSystem xmlns="http://hl7.org/fhir">
  <id value="ffv-schedule"/>
  <text>
    <status value="generated"/><div xmlns="http://www.w3.org/1999/xhtml"><p>This code system http://ibm.com/fhir/cdm/CodeSystem/ffv-schedule defines the following codes:</p><table class="codes"><tr><td style="white-space:nowrap"><b>Code</b></td><td><b>Display</b></td></tr><tr><td style="white-space:nowrap">monthly<a name="ffv-schedule-monthly"> </a></td><td>Monthly</td></tr><tr><td style="white-space:nowrap">quarterly<a name="ffv-schedule-quarterly"> </a></td><td>Quarterly</td></tr><tr><td style="white-space:nowrap">biannually<a name="ffv-schedule-biannually"> </a></td><td>Biannually</td></tr><tr><td style="white-space:nowrap">annually<a name="ffv-schedule-annually"> </a></td><td>Annually</td></tr><tr><td style="white-space:nowrap">ondatareceipt<a name="ffv-schedule-ondatareceipt"> </a></td><td>On reciept of data</td></tr></table></div>
  </text>
  <url value="http://ibm.com/fhir/cdm/CodeSystem/ffv-schedule"/>
  <version value="0.1.0"/>
  <name value="FFVScheduleCodeSystem"/>
  <title value="Health Data Connect FFV Schedule Codes"/>
  <status value="active"/>
  <date value="2021-07-01T14:31:32+00:00"/>
  <contact>
    <name value="Kim Kenna"/>
    <telecom>
      <system value="email"/>
      <value value="sloand@us.ibm.com"/>
    </telecom>
  </contact>
  <contact>
    <name value="Tom Eggebraaten"/>
    <telecom>
      <system value="email"/>
      <value value="tegge@us.ibm.com"/>
    </telecom>
  </contact>
  <description value="IBM&#xAE; Health Data Connect fee for value initiative schedule codes"/>
  <content value="complete"/>
  <count value="5"/>
  <concept>
    <code value="monthly"/>
    <display value="Monthly"/>
  </concept>
  <concept>
    <code value="quarterly"/>
    <display value="Quarterly"/>
  </concept>
  <concept>
    <code value="biannually"/>
    <display value="Biannually"/>
  </concept>
  <concept>
    <code value="annually"/>
    <display value="Annually"/>
  </concept>
  <concept>
    <code value="ondatareceipt"/>
    <display value="On reciept of data"/>
  </concept>
</CodeSystem>