<?xml version="1.0" encoding="UTF-8"?>

<Encounter xmlns="http://hl7.org/fhir">
  <id value="CDMEncounterExample"/>
  <meta>
    <extension url="http://ibm.com/fhir/cdm/StructureDefinition/tenant-id">
      <valueString value="99999"/>
    </extension>
    <extension url="http://ibm.com/fhir/cdm/StructureDefinition/ingestion-batch-id">
      <valueString value="b069a545-9506-40c6-8498-23de2e189143"/>
    </extension>
    <source value="http://acme-health.com/emr1"/>
    <profile value="http://ibm.com/fhir/cdm/StructureDefinition/cdm-encounter"/>
  </meta>
  <text>
    <status value="generated"/><div xmlns="http://www.w3.org/1999/xhtml"><p><b>Generated Narrative</b></p><p><b>identifier</b>: Source System Row Identifier: e17be8c4-07be-43d2-a53c-9487881f6f70 (OFFICIAL)</p><p><b>status</b>: finished</p><p><b>class</b>: <span title="{http://terminology.hl7.org/CodeSystem/v3-ActCode AMB}">ambulatory</span></p><p><b>type</b>: <span title="Codes: {http://snomed.info/sct 270427003}">Patient-initiated encounter</span></p><p><b>serviceType</b>: <span title="Codes: {http://terminology.hl7.org/CodeSystem/service-type 367}">Hypertension</span></p><p><b>priority</b>: <span title="Codes: {http://terminology.hl7.org/CodeSystem/v3-ActPriority R}">routine</span></p><p><b>subject</b>: <a href="Patient-CDMPatientInstance.html">Generated Summary: Source System Row Identifier: unencryp-id1234 (OFFICIAL), Source System Row Identifier: encryp-id1234 (SECONDARY), Medical record number: 1011110101 (OFFICIAL), Medical record number: 1011110101 (USUAL), Social Beneficiary Identifier: 0001223333 (OFFICIAL), Social Beneficiary Identifier: 1CA0CA0CC00 (OFFICIAL), Social Beneficiary Identifier: 987654321000 (OFFICIAL), Match Data Identifier: 7b78d6de-46cb-4fbb-930d-2a74e24b17fe (SECONDARY); active; Firstname McLastname ; , Phone: 216-345-2662, Phone: 216-555-2222, fmclastname@fakemail.com; gender: male; birthDate: 1990-01-04; deceased: Sep 27, 2020 7:00:00 PM</a></p><h3>Participants</h3><table class="grid"><tr><td>-</td><td><b>Type</b></td><td><b>Period</b></td><td><b>Individual</b></td></tr><tr><td>*</td><td><span title="Codes: {http://terminology.hl7.org/CodeSystem/v3-ParticipationType PPRF}">primary performer</span></td><td>Apr 15, 2020 4:00:00 AM --&gt; Apr 15, 2020 4:15:00 AM</td><td><a href="Practitioner-DrKelly.html">Generated Summary: Source System Row Identifier: 0d82c96d-98c5-46cf-911d-a41991601320 (OFFICIAL), Provider number: 1122334499 (OFFICIAL), Tax ID number: 123456789 (SECONDARY); Dr Debra R Kelly, MD; Phone: 214-555-2100, Fax: 214-555-2101, drkelly@kellyclinic.com</a></td></tr></table><p><b>appointment</b>: <a href="Appointment-AppointmentExample.html">Generated Summary: Source System Row Identifier: 7e5ce175-e626-43ec-b8d2-9c1c1207e9ba (OFFICIAL); status: booked; <span title="Codes: {http://terminology.hl7.org/CodeSystem/service-category 17}">General Practice</span>; <span title="Codes: {http://terminology.hl7.org/CodeSystem/service-type 367}">Hypertension</span>; <span title="Codes: {http://snomed.info/sct 394802001}">General medicine</span>; <span title="Codes: {http://terminology.hl7.org/CodeSystem/v2-0276 CHECKUP}">A routine check-up, such as an annual physical</span>; <span title="Codes: {http://snomed.info/sct 1201005}">Benign essential hypertension</span>; start: Apr 15, 2020 4:00:00 AM; end: Apr 15, 2020 4:15:00 AM; 15; created: Apr 1, 2020 6:45:00 AM; comment: Patient medications working as expected. DM under control. Refill Bytolic and Valartan.; patientInstruction: Take your meds every day.  Excercise more, eat less!</a></p><p><b>period</b>: Apr 15, 2020 4:00:00 AM --&gt; Apr 15, 2020 4:15:00 AM</p><p><b>reasonCode</b>: <span title="Codes: {http://snomed.info/sct 1201005}">Benign essential hypertension</span></p><h3>Diagnoses</h3><table class="grid"><tr><td>-</td><td><b>Condition</b></td><td><b>Use</b></td><td><b>Rank</b></td></tr><tr><td>*</td><td><a href="Condition-CDMConditionExample.html">Generated Summary: Source System Row Identifier: 46706977-907b-453a-87bc-76002d7076ef (OFFICIAL); <span title="Codes: {http://terminology.hl7.org/CodeSystem/condition-clinical active}">Active</span>; <span title="Codes: {http://terminology.hl7.org/CodeSystem/condition-ver-status confirmed}">Confirmed</span>; <span title="Codes: {http://terminology.hl7.org/CodeSystem/condition-category encounter-diagnosis}">Encounter Diagnosis</span>; <span title="Codes: {http://snomed.info/sct 6736007}">Moderate</span>; <span title="Codes: {http://snomed.info/sct 1201005}">Benign essential hypertension</span>; recordedDate: 2020-01-04</a></td><td><span title="Codes: {http://terminology.hl7.org/CodeSystem/diagnosis-role billing}">Billing</span></td><td>1</td></tr></table><h3>Locations</h3><table class="grid"><tr><td>-</td><td><b>Location</b></td><td><b>Status</b></td><td><b>PhysicalType</b></td><td><b>Period</b></td></tr><tr><td>*</td><td><a href="Location-KellyClinic.html">Generated Summary: Source System Row Identifier: 7d5007d6-edd0-48b5-b34f-5c5f948b6d13 (OFFICIAL), Tax ID number: 223338765 (SECONDARY); status: active; name: Kelly Clinic; mode: instance; <span title="Codes: {https://www.cms.gov/Medicare/Coding/place-of-service-codes/Place_of_Service_Code_Set 11}">Office</span>; Phone: 214-555-2100, Fax: 214-555-2101; <span title="Codes: {http://terminology.hl7.org/CodeSystem/location-physical-type bu}">Building</span></a></td><td>completed</td><td><span title="Codes: {http://terminology.hl7.org/CodeSystem/location-physical-type bu}">Building</span></td><td>Apr 15, 2020 4:00:00 AM --&gt; Apr 15, 2020 4:15:00 AM</td></tr></table><p><b>serviceProvider</b>: <a href="Organization/Organization1">Organization/Organization1</a></p></div>
  </text>
  <identifier>
    <use value="official"/>
    <type>
      <coding>
        <system value="http://ibm.com/fhir/cdm/CodeSystem/identifier-type"/>
        <code value="SSRI"/>
      </coding>
    </type>
    <system value="http://acme-health.com/emr1/encounter"/>
    <value value="e17be8c4-07be-43d2-a53c-9487881f6f70"/>
    <assigner>
      <display value="Acme Health - EMR1"/>
    </assigner>
  </identifier>
  <status value="finished"/>
  <class>
    <system value="http://terminology.hl7.org/CodeSystem/v3-ActCode"/>
    <code value="AMB"/>
    <display value="ambulatory"/>
  </class>
  <type>
    <coding>
      <system value="http://snomed.info/sct"/>
      <code value="270427003"/>
      <display value="Patient-initiated encounter"/>
    </coding>
  </type>
  <serviceType>
    <coding>
      <system value="http://terminology.hl7.org/CodeSystem/service-type"/>
      <code value="367"/>
      <display value="Hypertension"/>
    </coding>
  </serviceType>
  <priority>
    <coding>
      <system value="http://terminology.hl7.org/CodeSystem/v3-ActPriority"/>
      <code value="R"/>
      <display value="routine"/>
    </coding>
  </priority>
  <subject>
    <reference value="Patient/CDMPatientInstance"/>
  </subject>
  <participant>
    <type>
      <coding>
        <system value="http://terminology.hl7.org/CodeSystem/v3-ParticipationType"/>
        <code value="PPRF"/>
        <display value="primary performer"/>
      </coding>
    </type>
    <period>
      <start value="2020-04-15T09:00:00Z"/>
      <end value="2020-04-15T09:15:00Z"/>
    </period>
    <individual>
      <reference value="Practitioner/DrKelly"/>
    </individual>
  </participant>
  <appointment>
    <reference value="Appointment/AppointmentExample"/>
  </appointment>
  <period>
    <start value="2020-04-15T09:00:00Z"/>
    <end value="2020-04-15T09:15:00Z"/>
  </period>
  <reasonCode>
    <coding>
      <system value="http://snomed.info/sct"/>
      <code value="1201005"/>
      <display value="Benign essential hypertension"/>
    </coding>
  </reasonCode>
  <diagnosis>
    <condition>
      <reference value="Condition/CDMConditionExample"/>
    </condition>
    <use>
      <coding>
        <system value="http://terminology.hl7.org/CodeSystem/diagnosis-role"/>
        <code value="billing"/>
        <display value="Billing"/>
      </coding>
    </use>
    <rank value="1"/>
  </diagnosis>
  <location>
    <location>
      <reference value="Location/KellyClinic"/>
    </location>
    <status value="completed"/>
    <physicalType>
      <coding>
        <system value="http://terminology.hl7.org/CodeSystem/location-physical-type"/>
        <code value="bu"/>
        <display value="Building"/>
      </coding>
    </physicalType>
    <period>
      <start value="2020-04-15T09:00:00Z"/>
      <end value="2020-04-15T09:15:00Z"/>
    </period>
  </location>
  <serviceProvider>
    <reference value="Organization/Organization1"/>
  </serviceProvider>
</Encounter>