{
  "resourceType": "Communication",
  "id": "EngagementCommunicationExample",
  "meta": {
    "extension": [
      {
        "url": "http://ibm.com/fhir/cdm/StructureDefinition/tenant-id",
        "valueString": "99999"
      },
      {
        "url": "http://ibm.com/fhir/cdm/StructureDefinition/ingestion-batch-id",
        "valueString": "b069a545-9506-40c6-8498-23de2e189143"
      },
      {
        "url": "http://ibm.com/fhir/cdm/StructureDefinition/process-organization",
        "valueString": "IBM"
      },
      {
        "url": "http://ibm.com/fhir/cdm/StructureDefinition/process-type",
        "valueString": "Engagement Communication"
      },
      {
        "url": "http://ibm.com/fhir/cdm/StructureDefinition/process-name",
        "valueString": "ATC"
      },
      {
        "url": "http://ibm.com/fhir/cdm/StructureDefinition/process-version",
        "valueString": "1.0"
      },
      {
        "url": "http://ibm.com/fhir/cdm/StructureDefinition/process-timestamp",
        "valueDateTime": "2020-03-01T10:01:00Z"
      }
    ],
    "source": "http://ibm.com/fhir/engagement",
    "profile": [
      "http://ibm.com/fhir/cdm/StructureDefinition/engagement-communication"
    ],
    "tag": [
      {
        "system": "http://ibm.com/fhir/cdm/CodeSystem/process-meta-primary-or-secondary",
        "code": "SECONDARY"
      }
    ]
  },
  "text": {
    "status": "extensions",
    "div": "<div xmlns=\"http://www.w3.org/1999/xhtml\"><p><b>Generated Narrative</b></p><p><b>Communication Contact</b>: 808-248-8689(MOBILE)</p><p><b>Communication Template</b>: dm-template</p><p><b>Communication Payload Data</b>: {shortCode = '888-111'}</p><p><b>Communication Product</b>: <span title=\"Codes: {http://ibm.com/fhir/cdm/CodeSystem/eng-product ihe}\">IHE</span></p><p><b>Conversation Type</b>: <span title=\"Codes: {http://ibm.com/fhir/cdm/CodeSystem/eng-conversation-type gap-in-care}\">Health reminders associated with a gap in care</span></p><p><b>Communication On-Behalf Of</b>: <a href=\"PractitionerRole-CDMPractitionerRole-Attributed-PCP.html\">Generated Summary: Derived Resource Identifier: dd914419-12db-4367-aa93-5c7930510e19 (OFFICIAL); active</a></p><p><b>Communication Measure</b>: <a href=\"Measure-QualityMeasureExample.html\">Generated Summary: url: http://ibm.com/fhir/cdm/Measure/QualityMeasureExample; Resource identifier: 8f3a1491-a07f-4860-8977-e7dac7398175; version: 0.1.0; name: Diabetes_HbA1c_Test_Performed; status: active; <span title=\"Codes: {http://hl7.org/fhir/resource-types Patient}\">Patient</span>; date: 2020-01-01; publisher: IBM; Kim Kenna: sloand@us.ibm.com, Tom Eggebraaten: tegge@us.ibm.com; description: Percentage of patients 18-75 years of age with diabetes who had a hemoglobin A1c test performed within the measurement period; approvalDate: 2020-01-01; lastReviewDate: 2020-01-01; effectivePeriod: 2020-01-01 --&gt; (ongoing); <span title=\"Codes: {http://hl7.org/fhir/codesystem-definition-topic.html treatment}\">treatment</span>; library: Measure/Library; <span title=\"Codes: {http://terminology.hl7.org/CodeSystem/measure-scoring proportion}\">Proportion</span>; <span title=\"Codes: {http://terminology.hl7.org/CodeSystem/measure-type process}\">Process</span>; <span title=\"Codes: {http://terminology.hl7.org/CodeSystem/measure-improvement-notation increase}\">Increased score indicates improvement</span>; guidance: Only patients with a diagnosis of Type 1 or Type 2 diabetes should be included in the denominator of this measure.  Patients with a diagnosis of secondary diabetes due to another condition should not be included.</a></p><p><b>Communication Care Gap</b>: dm-hba1c-caregap-poor-control</p><p><b>Communication Priority Sequence</b>: 1</p><blockquote><p><b>Communication Reengagement</b></p><h3>Urls</h3><table class=\"grid\"><tr><td>-</td></tr><tr><td>*</td></tr></table><p><b>value</b>: 1</p><h3>Urls</h3><table class=\"grid\"><tr><td>-</td></tr><tr><td>*</td></tr></table><p><b>value</b>: 1st reengagement</p></blockquote><p><b>Communication Language</b>: en-US</p><p><b>Communication Retry Limit</b>: 5</p><p><b>Communication Vendor</b>: <a href=\"Organization/Genesis\">Organization/Genesis</a></p><p><b>identifier</b>: Derived Resource Identifier: de25d288-120e-47c1-bb76-caac8bc3f439</p><p><b>basedOn</b>: <a href=\"CommunicationRequest-EngagementCommunicationRequestExample.html\">Generated Summary: Derived Resource Identifier: 0bd930b0-e2fc-4967-957d-a6719ecde9b4; status: completed; <span title=\"Codes: {http://ibm.com/fhir/cdm/CodeSystem/eng-communication-reqeust-status-reason request-complete}\">In-Process - Communication request complete</span>; <span title=\"Codes: {http://terminology.hl7.org/CodeSystem/communication-category notification}\">Notification</span>; priority: routine; <span title=\"Codes: {http://ibm.com/fhir/cdm/CodeSystem/eng-communication-mode sms}\">Sms Text</span>; occurrence: Jun 16, 2020 4:00:00 AM --&gt; Jun 16, 2020 3:00:00 PM; authoredOn: Jun 15, 2020 10:00:00 PM</a></p><p><b>status</b>: in-progress</p><p><b>statusReason</b>: <span title=\"Codes: {http://ibm.com/fhir/cdm/CodeSystem/eng-communication-status-reason sms-queued}, {http://ibm.com/fhir/cdm/CodeSystem/eng-communication-status-reason sms-sending}\">In-Process - SMS text queued</span></p><p><b>category</b>: <span title=\"Codes: {http://terminology.hl7.org/CodeSystem/communication-category notification}\">Notification</span></p><p><b>priority</b>: routine</p><p><b>medium</b>: <span title=\"Codes: {http://ibm.com/fhir/cdm/CodeSystem/eng-communication-mode sms}\">Sms Text</span></p><p><b>subject</b>: <a href=\"Patient/Patient1\">Patient/Patient1</a></p><p><b>about</b>: <a href=\"DetectedIssue-CareGapDetectedIssueExample.html\">Generated Summary: Derived Resource Identifier: d90a8ceb-6f1a-4bc6-8d2a-8c00e6ea8a3e; status: final; identified: 2020-02-14 --&gt; 2020-02-28</a></p><p><b>recipient</b>: <a href=\"Patient/Patient1\">Patient/Patient1</a></p><p><b>sender</b>: <a href=\"Organization/IBM\">Organization/IBM</a></p><h3>Payloads</h3><table class=\"grid\"><tr><td>-</td><td><b>Content[x]</b></td></tr><tr><td>*</td><td>Our records indicate you are overdue for a medical appointment.  Please contact [PRACTIIONER-NAME] at [FACILITY-NAME], [FACILTY-PHONE] to schedule an appointment.</td></tr></table></div>"
  },
  "extension": [
    {
      "url": "http://ibm.com/fhir/cdm/StructureDefinition/communication-contact",
      "valueContactPoint": {
        "system": "sms",
        "value": "808-248-8689",
        "use": "mobile"
      }
    },
    {
      "url": "http://ibm.com/fhir/cdm/StructureDefinition/communication-template",
      "valueString": "dm-template"
    },
    {
      "url": "http://ibm.com/fhir/cdm/StructureDefinition/communication-payload-data",
      "valueString": "{shortCode = '888-111'}"
    },
    {
      "url": "http://ibm.com/fhir/cdm/StructureDefinition/communication-product",
      "valueCodeableConcept": {
        "coding": [
          {
            "system": "http://ibm.com/fhir/cdm/CodeSystem/eng-product",
            "code": "ihe"
          }
        ]
      }
    },
    {
      "url": "http://ibm.com/fhir/cdm/StructureDefinition/conversation-type",
      "valueCodeableConcept": {
        "coding": [
          {
            "system": "http://ibm.com/fhir/cdm/CodeSystem/eng-conversation-type",
            "code": "gap-in-care"
          }
        ]
      }
    },
    {
      "url": "http://ibm.com/fhir/cdm/StructureDefinition/communication-on-behalf-of",
      "valueReference": {
        "reference": "PractitionerRole/CDMPractitionerRole-Attributed-PCP"
      }
    },
    {
      "url": "http://ibm.com/fhir/cdm/StructureDefinition/communication-measure",
      "valueReference": {
        "reference": "Measure/QualityMeasureExample"
      }
    },
    {
      "url": "http://ibm.com/fhir/cdm/StructureDefinition/communication-care-gap",
      "valueString": "dm-hba1c-caregap-poor-control"
    },
    {
      "url": "http://ibm.com/fhir/cdm/StructureDefinition/communication-priority-sequence",
      "valueDecimal": 1
    },
    {
      "extension": [
        {
          "url": "http://ibm.com/fhir/cdm/StructureDefinition/reengagement-value",
          "valueUnsignedInt": 1
        },
        {
          "url": "http://ibm.com/fhir/cdm/StructureDefinition/reengagement-display",
          "valueString": "1st reengagement"
        }
      ],
      "url": "http://ibm.com/fhir/cdm/StructureDefinition/communication-reengagement"
    },
    {
      "url": "http://ibm.com/fhir/cdm/StructureDefinition/communication-language",
      "valueCode": "en-US"
    },
    {
      "url": "http://ibm.com/fhir/cdm/StructureDefinition/communication-retry-limt",
      "valueString": "5"
    },
    {
      "url": "http://ibm.com/fhir/cdm/StructureDefinition/communication-vendor",
      "valueReference": {
        "reference": "Organization/Genesis"
      }
    }
  ],
  "identifier": [
    {
      "type": {
        "coding": [
          {
            "system": "http://ibm.com/fhir/cdm/CodeSystem/identifier-type",
            "code": "DRI"
          }
        ]
      },
      "system": "http://ibm.com/fhir/cdm/engagement-communication",
      "value": "de25d288-120e-47c1-bb76-caac8bc3f439",
      "assigner": {
        "display": "IBM"
      }
    }
  ],
  "basedOn": [
    {
      "reference": "CommunicationRequest/EngagementCommunicationRequestExample"
    }
  ],
  "status": "in-progress",
  "statusReason": {
    "coding": [
      {
        "extension": [
          {
            "url": "http://ibm.com/fhir/cdm/StructureDefinition/process-timestamp",
            "valueDateTime": "2020-03-01T10:01:01Z"
          }
        ],
        "system": "http://ibm.com/fhir/cdm/CodeSystem/eng-communication-status-reason",
        "code": "sms-queued",
        "display": "In-Process - SMS text queued"
      },
      {
        "extension": [
          {
            "url": "http://ibm.com/fhir/cdm/StructureDefinition/process-timestamp",
            "valueDateTime": "2020-03-01T10:02:02Z"
          }
        ],
        "system": "http://ibm.com/fhir/cdm/CodeSystem/eng-communication-status-reason",
        "code": "sms-sending",
        "display": "In-Process - Sending SMS text"
      }
    ]
  },
  "category": [
    {
      "coding": [
        {
          "system": "http://terminology.hl7.org/CodeSystem/communication-category",
          "code": "notification"
        }
      ]
    }
  ],
  "priority": "routine",
  "medium": [
    {
      "coding": [
        {
          "system": "http://ibm.com/fhir/cdm/CodeSystem/eng-communication-mode",
          "code": "sms"
        }
      ]
    }
  ],
  "subject": {
    "reference": "Patient/Patient1"
  },
  "about": [
    {
      "reference": "DetectedIssue/CareGapDetectedIssueExample"
    }
  ],
  "recipient": [
    {
      "reference": "Patient/Patient1"
    }
  ],
  "sender": {
    "reference": "Organization/IBM"
  },
  "payload": [
    {
      "contentString": "Our records indicate you are overdue for a medical appointment.  Please contact [PRACTIIONER-NAME] at [FACILITY-NAME], [FACILTY-PHONE] to schedule an appointment."
    }
  ]
}