{"resourceType":"CodeSystem","id":"procedure-type","text":{"status":"generated","div":"<div xmlns=\"http://www.w3.org/1999/xhtml\"><p>This code system http://ibm.com/fhir/cdm/CodeSystem/procedure-type defines the following codes:</p><table class=\"codes\"><tr><td style=\"white-space:nowrap\"><b>Code</b></td><td><b>Display</b></td></tr><tr><td style=\"white-space:nowrap\">surgical<a name=\"procedure-type-surgical\"> </a></td><td>surgical</td></tr></table></div>"},"url":"http://ibm.com/fhir/cdm/CodeSystem/procedure-type","version":"0.1.0","name":"ProcedureTypeCodeSystem","title":"Procedure Type Codes","status":"active","date":"2021-06-14T16:26:11-05:00","contact":[{"name":"Kim Kenna","telecom":[{"system":"email","value":"sloand@us.ibm.com"}]},{"name":"Tom Eggebraaten","telecom":[{"system":"email","value":"tegge@us.ibm.com"}]}],"description":"Codes indicating the procedure type","content":"complete","count":1,"concept":[{"code":"surgical","display":"surgical"}]}