{"resourceType":"CodeSystem","id":"sex-assigned-at-birth","text":{"status":"generated","div":"<div xmlns=\"http://www.w3.org/1999/xhtml\"><p>This code system http://alvearie.io/fhir/CodeSystem/sex-assigned-at-birth defines the following codes:</p><table class=\"codes\"><tr><td style=\"white-space:nowrap\"><b>Code</b></td><td><b>Display</b></td></tr><tr><td style=\"white-space:nowrap\">female<a name=\"sex-assigned-at-birth-female\"> </a></td><td>Female</td></tr><tr><td style=\"white-space:nowrap\">intersex<a name=\"sex-assigned-at-birth-intersex\"> </a></td><td>Intersex</td></tr><tr><td style=\"white-space:nowrap\">male<a name=\"sex-assigned-at-birth-male\"> </a></td><td>Male</td></tr><tr><td style=\"white-space:nowrap\">other<a name=\"sex-assigned-at-birth-other\"> </a></td><td>Other</td></tr><tr><td style=\"white-space:nowrap\">unknown<a name=\"sex-assigned-at-birth-unknown\"> </a></td><td>Unknown</td></tr></table></div>"},"url":"http://alvearie.io/fhir/CodeSystem/sex-assigned-at-birth","version":"0.1.0","name":"SexAssignedAtBirthCodeSystem","title":"Sex Assigned At Birth Codes","status":"active","date":"2021-04-30T10:15:05-05:00","contact":[{"name":"Kim Kenna","telecom":[{"system":"email","value":"sloand@us.ibm.com"}]},{"name":"Tom Eggebraaten","telecom":[{"system":"email","value":"tegge@us.ibm.com"}]}],"description":"Value set for sex assigned at birth based on observation by a physician. Also called phenotype, or how the genes were expressed, based on the observation of the doctor. This assignment may not match the gender Identity of the person, which will not be known until the newborn is older.","content":"complete","count":5,"concept":[{"code":"female","display":"Female"},{"code":"intersex","display":"Intersex"},{"code":"male","display":"Male"},{"code":"other","display":"Other"},{"code":"unknown","display":"Unknown"}]}