{"resourceType":"CodeSystem","id":"ms-drg-of-payment","text":{"status":"generated","div":"<div xmlns=\"http://www.w3.org/1999/xhtml\"><p>This code system http://ibm.com/fhir/cdm/CodeSystem/ms-drg-of-payment defines the following codes:</p><table class=\"codes\"><tr><td style=\"white-space:nowrap\"><b>Code</b></td></tr></table></div>"},"url":"http://ibm.com/fhir/cdm/CodeSystem/ms-drg-of-payment","version":"0.1.0","name":"MsDrgOfPaymentCodeSystem","title":"MS-Drg Of Payment Codes","status":"active","date":"2021-07-01T11:55:04+00:00","contact":[{"name":"Kim Kenna","telecom":[{"system":"email","value":"sloand@us.ibm.com"}]},{"name":"Tom Eggebraaten","telecom":[{"system":"email","value":"tegge@us.ibm.com"}]}],"description":"The Diagnosis Related Group (MS-DRG) code under which the claim was paid, as reported on the facility Claim","content":"complete"}