{"resourceType":"CodeSystem","id":"wh-payer-claim-type","text":{"status":"generated","div":"<div xmlns=\"http://www.w3.org/1999/xhtml\"><p>This code system http://ibm.com/fhir/cdm/CodeSystem/wh-payer-claim-type defines the following codes:</p><table class=\"codes\"><tr><td style=\"white-space:nowrap\"><b>Code</b></td><td><b>Display</b></td></tr><tr><td style=\"white-space:nowrap\">medical<a name=\"wh-payer-claim-type-medical\"> </a></td><td>Medical claim; Institutional/Professional unknown</td></tr><tr><td style=\"white-space:nowrap\">institutional<a name=\"wh-payer-claim-type-institutional\"> </a></td><td>Institutional; Hospital, clinic and typically inpatient claims</td></tr><tr><td style=\"white-space:nowrap\">professional<a name=\"wh-payer-claim-type-professional\"> </a></td><td>Professional; Typically, outpatient claims from Physician, Psychological, Chiropractor, Physiotherapy, Speech Pathology, rehabilitative, consulting</td></tr><tr><td style=\"white-space:nowrap\">pharmacy<a name=\"wh-payer-claim-type-pharmacy\"> </a></td><td>Pharmacy; Pharmacy claims for goods and services</td></tr><tr><td style=\"white-space:nowrap\">oral<a name=\"wh-payer-claim-type-oral\"> </a></td><td>Oral; Dental, Denture and Hygiene claims</td></tr><tr><td style=\"white-space:nowrap\">vision<a name=\"wh-payer-claim-type-vision\"> </a></td><td>Vision; Vision claims for professional services and products such as glasses and contact lenses</td></tr><tr><td style=\"white-space:nowrap\">hearing<a name=\"wh-payer-claim-type-hearing\"> </a></td><td>Hearing</td></tr><tr><td style=\"white-space:nowrap\">lifeins<a name=\"wh-payer-claim-type-lifeins\"> </a></td><td>Life Insurance</td></tr><tr><td style=\"white-space:nowrap\">ltd<a name=\"wh-payer-claim-type-ltd\"> </a></td><td>Long Term Disability (LTD)</td></tr><tr><td style=\"white-space:nowrap\">std<a name=\"wh-payer-claim-type-std\"> </a></td><td>Short Term Disability (STD)</td></tr><tr><td style=\"white-space:nowrap\">absentee<a name=\"wh-payer-claim-type-absentee\"> </a></td><td>Absentee</td></tr><tr><td style=\"white-space:nowrap\">workercomp<a name=\"wh-payer-claim-type-workercomp\"> </a></td><td>Worker's Compensation</td></tr><tr><td style=\"white-space:nowrap\">capitation<a name=\"wh-payer-claim-type-capitation\"> </a></td><td>Capitation Payment</td></tr><tr><td style=\"white-space:nowrap\">adminfee<a name=\"wh-payer-claim-type-adminfee\"> </a></td><td>Administrative Fee</td></tr><tr><td style=\"white-space:nowrap\">premium<a name=\"wh-payer-claim-type-premium\"> </a></td><td>Premium Payment</td></tr><tr><td style=\"white-space:nowrap\">emppremcont<a name=\"wh-payer-claim-type-emppremcont\"> </a></td><td>Employee Premium Contribution</td></tr><tr><td style=\"white-space:nowrap\">premiuminc<a name=\"wh-payer-claim-type-premiuminc\"> </a></td><td>Premium Income (Revenue)</td></tr><tr><td style=\"white-space:nowrap\">eap<a name=\"wh-payer-claim-type-eap\"> </a></td><td>Employee Assistance (EAP)</td></tr><tr><td style=\"white-space:nowrap\">hra<a name=\"wh-payer-claim-type-hra\"> </a></td><td>Health Risk Appraisal (HRA)</td></tr><tr><td style=\"white-space:nowrap\">other<a name=\"wh-payer-claim-type-other\"> </a></td><td>Other</td></tr></table></div>"},"url":"http://ibm.com/fhir/cdm/CodeSystem/wh-payer-claim-type","version":"0.1.0","name":"WhPayerClaimTypeCodeSystem","title":"Health Data Connect Claim Type Codes","status":"active","date":"2021-07-01T14:31:32+00:00","contact":[{"name":"Kim Kenna","telecom":[{"system":"email","value":"sloand@us.ibm.com"}]},{"name":"Tom Eggebraaten","telecom":[{"system":"email","value":"tegge@us.ibm.com"}]}],"description":"IBM® Health Data Connect stanard codes for the coverage type under which the claim was paid","content":"complete","count":20,"concept":[{"code":"medical","display":"Medical claim; Institutional/Professional unknown"},{"code":"institutional","display":"Institutional; Hospital, clinic and typically inpatient claims"},{"code":"professional","display":"Professional; Typically, outpatient claims from Physician, Psychological, Chiropractor, Physiotherapy, Speech Pathology, rehabilitative, consulting"},{"code":"pharmacy","display":"Pharmacy; Pharmacy claims for goods and services"},{"code":"oral","display":"Oral; Dental, Denture and Hygiene claims"},{"code":"vision","display":"Vision; Vision claims for professional services and products such as glasses and contact lenses"},{"code":"hearing","display":"Hearing"},{"code":"lifeins","display":"Life Insurance"},{"code":"ltd","display":"Long Term Disability (LTD)"},{"code":"std","display":"Short Term Disability (STD)"},{"code":"absentee","display":"Absentee"},{"code":"workercomp","display":"Worker's Compensation"},{"code":"capitation","display":"Capitation Payment"},{"code":"adminfee","display":"Administrative Fee"},{"code":"premium","display":"Premium Payment"},{"code":"emppremcont","display":"Employee Premium Contribution"},{"code":"premiuminc","display":"Premium Income (Revenue)"},{"code":"eap","display":"Employee Assistance (EAP)"},{"code":"hra","display":"Health Risk Appraisal (HRA)"},{"code":"other","display":"Other"}]}