{"resourceType":"ValueSet","id":"claim-type","text":{"status":"generated","div":"<div xmlns=\"http://www.w3.org/1999/xhtml\"><ul><li>Include all codes defined in <a href=\"CodeSystem-wh-payer-claim-type.html\"><code>http://ibm.com/fhir/cdm/CodeSystem/wh-payer-claim-type</code></a></li></ul></div>"},"url":"http://ibm.com/fhir/cdm/ValueSet/claim-type","version":"0.1.0","name":"ClaimTypeValueSet","title":"Claim Type Value Set","status":"active","date":"2021-06-18T10:21:56-05:00","contact":[{"name":"Kim Kenna","telecom":[{"system":"email","value":"sloand@us.ibm.com"}]},{"name":"Tom Eggebraaten","telecom":[{"system":"email","value":"tegge@us.ibm.com"}]}],"description":"IBM Health Data Connect standard value set for the coverage type under which the claim was paid","compose":{"include":[{"system":"http://ibm.com/fhir/cdm/CodeSystem/wh-payer-claim-type"}]}}