{"resourceType":"ValueSet","id":"wh-payer-claim-status","text":{"status":"generated","div":"<div xmlns=\"http://www.w3.org/1999/xhtml\"><ul><li>Include all codes defined in <a href=\"CodeSystem-wh-payer-claim-status.html\"><code>http://ibm.com/fhir/cdm/CodeSystem/wh-payer-claim-status</code></a></li></ul></div>"},"url":"http://ibm.com/fhir/cdm/ValueSet/wh-payer-claim-status","version":"0.1.0","name":"WHPayerClaimStatusValueSet","title":"Health Data Connect Claim Status Codes Value Set","status":"active","date":"2021-06-14T16:26:11-05:00","contact":[{"name":"Kim Kenna","telecom":[{"system":"email","value":"sloand@us.ibm.com"}]},{"name":"Tom Eggebraaten","telecom":[{"system":"email","value":"tegge@us.ibm.com"}]}],"description":"IBM® Health Data Connect  standard value set for the payment status of the claim.","compose":{"include":[{"system":"http://ibm.com/fhir/cdm/CodeSystem/wh-payer-claim-status"}]}}