{"resourceType":"ValueSet","id":"claim-supporting-info-type","text":{"status":"generated","div":"<div xmlns=\"http://www.w3.org/1999/xhtml\"><ul><li>Include all codes defined in <a href=\"CodeSystem-claim-supporting-info-type.html\"><code>http://ibm.com/fhir/cdm/CodeSystem/claim-supporting-info-type</code></a></li></ul></div>"},"url":"http://ibm.com/fhir/cdm/ValueSet/claim-supporting-info-type","version":"0.1.0","name":"ClaimSupportingInfoTypeValueSet","title":"Claim Supporting Info Type Value Set","status":"active","date":"2021-06-14T16:26:11-05:00","contact":[{"name":"Kim Kenna","telecom":[{"system":"email","value":"sloand@us.ibm.com"}]},{"name":"Tom Eggebraaten","telecom":[{"system":"email","value":"tegge@us.ibm.com"}]}],"description":"Supporting information type codes for claims","compose":{"include":[{"system":"http://ibm.com/fhir/cdm/CodeSystem/claim-supporting-info-type"}]}}