{"resourceType":"ValueSet","id":"insurance-plan-benefit-type","text":{"status":"generated","div":"<div xmlns=\"http://www.w3.org/1999/xhtml\"><ul><li>Include all codes defined in <a href=\"CodeSystem-insurance-plan-benefit-type.html\"><code>http://ibm.com/fhir/cdm/CodeSystem/insurance-plan-benefit-type</code></a></li></ul></div>"},"url":"http://ibm.com/fhir/cdm/ValueSet/insurance-plan-benefit-type","version":"0.1.0","name":"InsurancePlanBenefitTypeValueSet","title":"Insurance Plan Benefit Type Value Set","status":"active","date":"2021-07-01T14:31:32+00:00","contact":[{"name":"Kim Kenna","telecom":[{"system":"email","value":"sloand@us.ibm.com"}]},{"name":"Tom Eggebraaten","telecom":[{"system":"email","value":"tegge@us.ibm.com"}]}],"description":"The value set that indicates the specific types of costs (admin fees, premiums, etc.) that may be tied to a member based on their Insurance plan cost category.","compose":{"include":[{"system":"http://ibm.com/fhir/cdm/CodeSystem/insurance-plan-benefit-type"}]}}