{
  "resourceType": "ClaimResponse",
  "id": "CDMClaimResponseProfessionalInstance",
  "meta": {
    "extension": [
      {
        "url": "http://ibm.com/fhir/cdm/StructureDefinition/tenant-id",
        "valueString": "tenant7209"
      },
      {
        "url": "http://ibm.com/fhir/cdm/StructureDefinition/ingestion-batch-id",
        "valueString": "rgVCJnQBxvghkKTI8Hzz"
      },
      {
        "url": "http://ibm.com/fhir/cdm/StructureDefinition/process-name",
        "valueString": "TREX"
      },
      {
        "url": "http://ibm.com/fhir/cdm/StructureDefinition/process-client-id",
        "valueString": "7209"
      },
      {
        "url": "http://ibm.com/fhir/cdm/StructureDefinition/process-record-id",
        "valueIdentifier": {
          "system": "http://acme-health.com/WellnessMedicalCenter",
          "value": "7209_07869_e00080779_3938586_2516181"
        }
      },
      {
        "url": "http://ibm.com/fhir/cdm/StructureDefinition/source-file-id",
        "valueString": "e00080739"
      }
    ],
    "source": "http://acme-health.com/WellnessMedicalCenter",
    "profile": [
      "http://ibm.com/fhir/cdm/StructureDefinition/cdm-claim-response-drug"
    ]
  },
  "text": {
    "status": "extensions",
    "div": "<div xmlns=\"http://www.w3.org/1999/xhtml\"><p><b>Generated Narrative</b></p><p><b>identifier</b>: Source System Row Identifier: 000000000000000000019721078 (OFFICIAL)</p><p><b>status</b>: active</p><p><b>type</b>: <span title=\"Codes: {http://ibm.com/fhir/cdm/CodeSystem/wh-payer-claim-type medical}, {http://acmehealth.com/CodeSystem/local-claim-type MedicalClaimType}\">Medical claim; Institutional/Professional unknown</span></p><p><b>use</b>: claim</p><p><b>patient</b>: <a href=\"Patient-CDMPatientInstance.html\">Generated Summary: Source System Row Identifier: unencryp-id1234 (OFFICIAL), Source System Row Identifier: encryp-id1234 (SECONDARY), Medical record number: 1011110101 (OFFICIAL), Medical record number: 1011110101 (USUAL), Social Beneficiary Identifier: 0001223333 (OFFICIAL), Social Beneficiary Identifier: 1CA0CA0CC00 (OFFICIAL), Social Beneficiary Identifier: 987654321000 (OFFICIAL), Match Data Identifier: 7b78d6de-46cb-4fbb-930d-2a74e24b17fe (SECONDARY); active; Firstname McLastname ; , Phone: 216-345-2662, Phone: 216-555-2222, fmclastname@fakemail.com; gender: male; birthDate: 1990-01-04; deceased: Sep 27, 2020 7:00:00 PM</a></p><p><b>created</b>: Jul 25, 2017 5:31:00 PM</p><p><b>insurer</b>: <span></span></p><p><b>outcome</b>: complete</p><blockquote><p><b>item</b></p><p><b>itemSequence</b>: 1</p><blockquote><p><b>adjudication</b></p><p><b>category</b>: <span title=\"Codes: {http://ibm.com/fhir/cdm/CodeSystem/adjudication-category coinsurance}\">Coinsurance</span></p></blockquote><blockquote><p><b>adjudication</b></p><p><b>category</b>: <span title=\"Codes: {http://ibm.com/fhir/cdm/CodeSystem/adjudication-category copay}\">Copayment</span></p></blockquote><blockquote><p><b>adjudication</b></p><p><b>category</b>: <span title=\"Codes: {http://ibm.com/fhir/cdm/CodeSystem/adjudication-category deductible}\">Deductible Amount</span></p></blockquote><blockquote><p><b>adjudication</b></p><p><b>category</b>: <span title=\"Codes: {http://ibm.com/fhir/cdm/CodeSystem/adjudication-category third-party}\">Third Party Amount</span></p></blockquote><blockquote><p><b>adjudication</b></p><p><b>category</b>: <span title=\"Codes: {http://ibm.com/fhir/cdm/CodeSystem/adjudication-category allowed}\">Allowed Amount</span></p></blockquote><blockquote><p><b>adjudication</b></p><p><b>category</b>: <span title=\"Codes: {http://ibm.com/fhir/cdm/CodeSystem/adjudication-category submitted}\">Submitted</span></p></blockquote><blockquote><p><b>adjudication</b></p><p><b>category</b>: <span title=\"Codes: {http://ibm.com/fhir/cdm/CodeSystem/adjudication-category net-payment}\">Net Payment</span></p><p><b>reason</b>: <span title=\"Codes: {http://acmehealth.com/CodeSystem/local-explanation-of-benefits LocalEOB1}\">LocalEOB1</span></p></blockquote><blockquote><p><b>adjudication</b></p><p><b>category</b>: <span title=\"Codes: {http://ibm.com/fhir/cdm/CodeSystem/adjudication-category remittance}\">Remittance</span></p></blockquote><blockquote><p><b>adjudication</b></p><p><b>category</b>: <span title=\"Codes: {http://ibm.com/fhir/cdm/CodeSystem/adjudication-category discount}\">Discount Amount</span></p></blockquote><blockquote><p><b>adjudication</b></p><p><b>category</b>: <span title=\"Codes: {http://ibm.com/fhir/cdm/CodeSystem/adjudication-category healthcare-reimbursement}\">Healthcare Reimbursement Amount</span></p></blockquote><blockquote><p><b>adjudication</b></p><p><b>category</b>: <span title=\"Codes: {http://ibm.com/fhir/cdm/CodeSystem/adjudication-category healthcare-savings-account}\">Healthcare Savings Account</span></p></blockquote><blockquote><p><b>adjudication</b></p><p><b>category</b>: <span title=\"Codes: {http://ibm.com/fhir/cdm/CodeSystem/adjudication-category medicare-allowed}\">Medicare Allowed Amount</span></p></blockquote><blockquote><p><b>adjudication</b></p><p><b>category</b>: <span title=\"Codes: {http://ibm.com/fhir/cdm/CodeSystem/adjudication-category medicare-coinsurance}\">Medicare Coinsurance Amount</span></p></blockquote><blockquote><p><b>adjudication</b></p><p><b>category</b>: <span title=\"Codes: {http://ibm.com/fhir/cdm/CodeSystem/adjudication-category medicare-deductible}\">Medicare Deductible Amount</span></p></blockquote><blockquote><p><b>adjudication</b></p><p><b>category</b>: <span title=\"Codes: {http://ibm.com/fhir/cdm/CodeSystem/adjudication-category patient-liability}\">Patient Liability</span></p></blockquote><blockquote><p><b>adjudication</b></p><p><b>category</b>: <span title=\"Codes: {http://ibm.com/fhir/cdm/CodeSystem/adjudication-category penalty}\">Penalty</span></p><p><b>reason</b>: <span title=\"Codes: {http://acmehealth.com/CodeSystem/local-penalty-type LocalPenaltyType}\">LocalPenaltyType</span></p></blockquote><blockquote><p><b>adjudication</b></p><p><b>category</b>: <span title=\"Codes: {http://ibm.com/fhir/cdm/CodeSystem/adjudication-category withhold}\">Risk Withhold</span></p></blockquote><blockquote><p><b>adjudication</b></p><p><b>category</b>: <span title=\"Codes: {http://ibm.com/fhir/cdm/CodeSystem/adjudication-category medicare-paid}\">Medicare Paid Amount</span></p></blockquote><blockquote><p><b>adjudication</b></p><p><b>category</b>: <span title=\"Codes: {http://ibm.com/fhir/cdm/CodeSystem/adjudication-category excluded1}\">Excluded Amount 1</span></p></blockquote><blockquote><p><b>adjudication</b></p><p><b>category</b>: <span title=\"Codes: {http://ibm.com/fhir/cdm/CodeSystem/adjudication-category excluded2}\">Excluded Amount 2</span></p></blockquote><blockquote><p><b>adjudication</b></p><p><b>category</b>: <span title=\"Codes: {http://ibm.com/fhir/cdm/CodeSystem/adjudication-category excluded3}\">Excluded Amount 3</span></p></blockquote><blockquote><p><b>adjudication</b></p><p><b>category</b>: <span title=\"Codes: {http://ibm.com/fhir/cdm/CodeSystem/adjudication-category out-of-network-access-fee}\">ITS Access Fee (Out of Network Access Fee)</span></p></blockquote><blockquote><p><b>adjudication</b></p><p><b>category</b>: <span title=\"Codes: {http://ibm.com/fhir/cdm/CodeSystem/adjudication-category out-of-network-access-fee}\">ITS Access Fee (Out of Network Access Fee)</span></p></blockquote><blockquote><p><b>adjudication</b></p><p><b>category</b>: <span title=\"Codes: {http://ibm.com/fhir/cdm/CodeSystem/adjudication-category out-of-network-surcharge-fee}\">ITS Surcharge Amount (Out of Network Surcharge Amount)</span></p></blockquote><blockquote><p><b>adjudication</b></p><p><b>category</b>: <span title=\"Codes: {http://ibm.com/fhir/cdm/CodeSystem/adjudication-category excluded1}\">Excluded Amount 1</span></p><p><b>reason</b>: <span title=\"Codes: {http://acmehealth.com/CodeSystem/local-excluded-reason LocalExcludedReason1}\">LocalExcludedReason1</span></p></blockquote><blockquote><p><b>adjudication</b></p><p><b>category</b>: <span title=\"Codes: {http://ibm.com/fhir/cdm/CodeSystem/adjudication-category excluded2}\">Excluded Amount 2</span></p><p><b>reason</b>: <span title=\"Codes: {http://acmehealth.com/CodeSystem/local-excluded-reason LocalExcludedReason2}\">LocalExcludedReason2</span></p></blockquote><blockquote><p><b>adjudication</b></p><p><b>category</b>: <span title=\"Codes: {http://ibm.com/fhir/cdm/CodeSystem/adjudication-category excluded3}\">Excluded Amount 3</span></p><p><b>reason</b>: <span title=\"Codes: {http://acmehealth.com/CodeSystem/local-excluded-reason LocalExcludedReason3}\">LocalExcludedReason3</span></p></blockquote><blockquote><p><b>adjudication</b></p><p><b>category</b>: <span title=\"Codes: {http://ibm.com/fhir/cdm/CodeSystem/adjudication-category third-party}\">Third Party Amount</span></p></blockquote><blockquote><p><b>adjudication</b></p><p><b>category</b>: <span title=\"Codes: {http://ibm.com/fhir/cdm/CodeSystem/adjudication-category discount}\">Discount Amount</span></p><p><b>reason</b>: <span title=\"Codes: {http://acmehealth.com/CodeSystem/local-discount-type LocalDiscountType}\">LocalDiscountType</span></p></blockquote><blockquote><p><b>adjudication</b></p><p><b>category</b>: <span title=\"Codes: {http://ibm.com/fhir/cdm/CodeSystem/adjudication-category tax}\">Tax Amount</span></p></blockquote><blockquote><p><b>adjudication</b></p><p><b>category</b>: <span title=\"Codes: {http://ibm.com/fhir/cdm/CodeSystem/adjudication-category net-payment}\">Net Payment</span></p></blockquote></blockquote><h3>Adjudications</h3><table class=\"grid\"><tr><td>-</td><td><b>Category</b></td></tr><tr><td>*</td><td><span title=\"Codes: {http://ibm.com/fhir/cdm/CodeSystem/paid-in-network-indicator paid-in-network}\">paid-in-network</span></td></tr></table><blockquote><p><b>payment</b></p><p><b>Claim Adjustment Type</b>: <span title=\"Codes: {http://ibm.com/fhir/cdm/CodeSystem/wh-payer-claim-adjustment-type 1}\">Adjustment (positive or negative adjustment)</span></p><p><b>type</b>: <span title=\"Codes: {http://terminology.hl7.org/CodeSystem/ex-paymenttype complete}\">Complete</span></p><p><b>adjustmentReason</b>: <span title=\"Codes: {http://acmehealth.com/CodeSystem/local-adjustment-reason local-adj-reason}\">local-adj-reason</span></p><p><b>date</b>: 2017-07-20</p></blockquote></div>"
  },
  "identifier": [
    {
      "use": "official",
      "type": {
        "coding": [
          {
            "system": "http://ibm.com/fhir/cdm/CodeSystem/identifier-type",
            "code": "SSRI"
          }
        ]
      },
      "system": "http://acmehealth.com/CodeSystem/local-claim-identifier",
      "value": "000000000000000000019721078",
      "assigner": {
        "display": "Acme Health - Wellness Medical Center"
      }
    }
  ],
  "status": "active",
  "type": {
    "coding": [
      {
        "system": "http://ibm.com/fhir/cdm/CodeSystem/wh-payer-claim-type",
        "code": "medical"
      },
      {
        "system": "http://acmehealth.com/CodeSystem/local-claim-type",
        "code": "MedicalClaimType"
      }
    ]
  },
  "use": "claim",
  "patient": {
    "reference": "Patient/CDMPatientInstance"
  },
  "created": "2017-07-25T17:31:00-05:00",
  "insurer": {
    "type": "Organization",
    "identifier": {
      "system": "http://acme-health.com/payer1/payer",
      "value": "Payer1"
    }
  },
  "outcome": "complete",
  "item": [
    {
      "itemSequence": 1,
      "adjudication": [
        {
          "category": {
            "coding": [
              {
                "system": "http://ibm.com/fhir/cdm/CodeSystem/adjudication-category",
                "code": "coinsurance"
              }
            ]
          },
          "amount": {
            "value": 15
          }
        },
        {
          "category": {
            "coding": [
              {
                "system": "http://ibm.com/fhir/cdm/CodeSystem/adjudication-category",
                "code": "copay"
              }
            ]
          },
          "amount": {
            "value": 10
          }
        },
        {
          "category": {
            "coding": [
              {
                "system": "http://ibm.com/fhir/cdm/CodeSystem/adjudication-category",
                "code": "deductible"
              }
            ]
          },
          "amount": {
            "value": 20
          }
        },
        {
          "category": {
            "coding": [
              {
                "system": "http://ibm.com/fhir/cdm/CodeSystem/adjudication-category",
                "code": "third-party"
              }
            ]
          },
          "amount": {
            "value": 0
          }
        },
        {
          "category": {
            "coding": [
              {
                "system": "http://ibm.com/fhir/cdm/CodeSystem/adjudication-category",
                "code": "allowed"
              }
            ]
          },
          "amount": {
            "value": 25
          }
        },
        {
          "category": {
            "coding": [
              {
                "system": "http://ibm.com/fhir/cdm/CodeSystem/adjudication-category",
                "code": "submitted"
              }
            ]
          },
          "amount": {
            "value": 5
          }
        },
        {
          "category": {
            "coding": [
              {
                "system": "http://ibm.com/fhir/cdm/CodeSystem/adjudication-category",
                "code": "net-payment"
              }
            ]
          },
          "reason": {
            "coding": [
              {
                "system": "http://acmehealth.com/CodeSystem/local-explanation-of-benefits",
                "code": "LocalEOB1"
              }
            ]
          }
        },
        {
          "category": {
            "coding": [
              {
                "system": "http://ibm.com/fhir/cdm/CodeSystem/adjudication-category",
                "code": "remittance"
              }
            ]
          }
        },
        {
          "category": {
            "coding": [
              {
                "system": "http://ibm.com/fhir/cdm/CodeSystem/adjudication-category",
                "code": "discount"
              }
            ]
          },
          "amount": {
            "value": 0
          }
        },
        {
          "category": {
            "coding": [
              {
                "system": "http://ibm.com/fhir/cdm/CodeSystem/adjudication-category",
                "code": "healthcare-reimbursement"
              }
            ]
          },
          "amount": {
            "value": 0,
            "currency": "USD"
          }
        },
        {
          "category": {
            "coding": [
              {
                "system": "http://ibm.com/fhir/cdm/CodeSystem/adjudication-category",
                "code": "healthcare-savings-account"
              }
            ]
          },
          "amount": {
            "value": 0,
            "currency": "USD"
          }
        },
        {
          "category": {
            "coding": [
              {
                "system": "http://ibm.com/fhir/cdm/CodeSystem/adjudication-category",
                "code": "medicare-allowed"
              }
            ]
          },
          "amount": {
            "value": 0,
            "currency": "USD"
          }
        },
        {
          "category": {
            "coding": [
              {
                "system": "http://ibm.com/fhir/cdm/CodeSystem/adjudication-category",
                "code": "medicare-coinsurance"
              }
            ]
          },
          "amount": {
            "value": 0,
            "currency": "USD"
          }
        },
        {
          "category": {
            "coding": [
              {
                "system": "http://ibm.com/fhir/cdm/CodeSystem/adjudication-category",
                "code": "medicare-deductible"
              }
            ]
          },
          "amount": {
            "value": 0,
            "currency": "USD"
          }
        },
        {
          "category": {
            "coding": [
              {
                "system": "http://ibm.com/fhir/cdm/CodeSystem/adjudication-category",
                "code": "patient-liability"
              }
            ]
          },
          "amount": {
            "value": 0,
            "currency": "USD"
          }
        },
        {
          "category": {
            "coding": [
              {
                "system": "http://ibm.com/fhir/cdm/CodeSystem/adjudication-category",
                "code": "penalty"
              }
            ]
          },
          "reason": {
            "coding": [
              {
                "system": "http://acmehealth.com/CodeSystem/local-penalty-type",
                "code": "LocalPenaltyType"
              }
            ]
          }
        },
        {
          "category": {
            "coding": [
              {
                "system": "http://ibm.com/fhir/cdm/CodeSystem/adjudication-category",
                "code": "withhold"
              }
            ]
          },
          "amount": {
            "value": 0
          }
        },
        {
          "category": {
            "coding": [
              {
                "system": "http://ibm.com/fhir/cdm/CodeSystem/adjudication-category",
                "code": "medicare-paid"
              }
            ]
          },
          "amount": {
            "value": 0,
            "currency": "USD"
          }
        },
        {
          "category": {
            "coding": [
              {
                "system": "http://ibm.com/fhir/cdm/CodeSystem/adjudication-category",
                "code": "excluded1"
              }
            ]
          },
          "amount": {
            "value": 0,
            "currency": "USD"
          }
        },
        {
          "category": {
            "coding": [
              {
                "system": "http://ibm.com/fhir/cdm/CodeSystem/adjudication-category",
                "code": "excluded2"
              }
            ]
          },
          "amount": {
            "value": 0,
            "currency": "USD"
          }
        },
        {
          "category": {
            "coding": [
              {
                "system": "http://ibm.com/fhir/cdm/CodeSystem/adjudication-category",
                "code": "excluded3"
              }
            ]
          },
          "amount": {
            "value": 0,
            "currency": "USD"
          }
        },
        {
          "category": {
            "coding": [
              {
                "system": "http://ibm.com/fhir/cdm/CodeSystem/adjudication-category",
                "code": "out-of-network-access-fee"
              }
            ]
          }
        },
        {
          "category": {
            "coding": [
              {
                "system": "http://ibm.com/fhir/cdm/CodeSystem/adjudication-category",
                "code": "out-of-network-access-fee"
              }
            ]
          },
          "amount": {
            "value": 0,
            "currency": "USD"
          }
        },
        {
          "category": {
            "coding": [
              {
                "system": "http://ibm.com/fhir/cdm/CodeSystem/adjudication-category",
                "code": "out-of-network-surcharge-fee"
              }
            ]
          },
          "amount": {
            "value": 0,
            "currency": "USD"
          }
        },
        {
          "category": {
            "coding": [
              {
                "system": "http://ibm.com/fhir/cdm/CodeSystem/adjudication-category",
                "code": "excluded1"
              }
            ]
          },
          "reason": {
            "coding": [
              {
                "system": "http://acmehealth.com/CodeSystem/local-excluded-reason",
                "code": "LocalExcludedReason1"
              }
            ]
          }
        },
        {
          "category": {
            "coding": [
              {
                "system": "http://ibm.com/fhir/cdm/CodeSystem/adjudication-category",
                "code": "excluded2"
              }
            ]
          },
          "reason": {
            "coding": [
              {
                "system": "http://acmehealth.com/CodeSystem/local-excluded-reason",
                "code": "LocalExcludedReason2"
              }
            ]
          }
        },
        {
          "category": {
            "coding": [
              {
                "system": "http://ibm.com/fhir/cdm/CodeSystem/adjudication-category",
                "code": "excluded3"
              }
            ]
          },
          "reason": {
            "coding": [
              {
                "system": "http://acmehealth.com/CodeSystem/local-excluded-reason",
                "code": "LocalExcludedReason3"
              }
            ]
          }
        },
        {
          "category": {
            "coding": [
              {
                "system": "http://ibm.com/fhir/cdm/CodeSystem/adjudication-category",
                "code": "third-party"
              }
            ]
          }
        },
        {
          "category": {
            "coding": [
              {
                "system": "http://ibm.com/fhir/cdm/CodeSystem/adjudication-category",
                "code": "discount"
              }
            ]
          },
          "reason": {
            "coding": [
              {
                "system": "http://acmehealth.com/CodeSystem/local-discount-type",
                "code": "LocalDiscountType"
              }
            ]
          }
        },
        {
          "category": {
            "coding": [
              {
                "system": "http://ibm.com/fhir/cdm/CodeSystem/adjudication-category",
                "code": "tax"
              }
            ]
          },
          "amount": {
            "value": 1
          }
        },
        {
          "category": {
            "coding": [
              {
                "system": "http://ibm.com/fhir/cdm/CodeSystem/adjudication-category",
                "code": "net-payment"
              }
            ]
          },
          "amount": {
            "value": 25
          }
        }
      ]
    }
  ],
  "adjudication": [
    {
      "category": {
        "coding": [
          {
            "system": "http://ibm.com/fhir/cdm/CodeSystem/paid-in-network-indicator",
            "code": "paid-in-network"
          }
        ]
      }
    }
  ],
  "payment": {
    "extension": [
      {
        "url": "http://ibm.com/fhir/cdm/StructureDefinition/claim-adjustment-type",
        "valueCodeableConcept": {
          "coding": [
            {
              "system": "http://ibm.com/fhir/cdm/CodeSystem/wh-payer-claim-adjustment-type",
              "code": "1"
            }
          ]
        }
      }
    ],
    "type": {
      "coding": [
        {
          "system": "http://terminology.hl7.org/CodeSystem/ex-paymenttype",
          "code": "complete"
        }
      ]
    },
    "adjustmentReason": {
      "coding": [
        {
          "system": "http://acmehealth.com/CodeSystem/local-adjustment-reason",
          "code": "local-adj-reason"
        }
      ]
    },
    "date": "2017-07-20",
    "amount": {
      "value": 5
    }
  }
}