{
  "resourceType": "CodeSystem",
  "id": "insurance-plan-benefit-type",
  "text": {
    "status": "generated",
    "div": "<div xmlns=\"http://www.w3.org/1999/xhtml\"><p>This code system http://ibm.com/fhir/cdm/CodeSystem/insurance-plan-benefit-type defines the following codes:</p><table class=\"codes\"><tr><td style=\"white-space:nowrap\"><b>Code</b></td><td><b>Display</b></td><td><b>Definition</b></td></tr><tr><td style=\"white-space:nowrap\">administrative-fee<a name=\"insurance-plan-benefit-type-administrative-fee\"> </a></td><td>Administrative Fee</td><td>Indicates the administrative fee for the component on the eligibility data.</td></tr><tr><td style=\"white-space:nowrap\">employee-contribution<a name=\"insurance-plan-benefit-type-employee-contribution\"> </a></td><td>Employee Contribution</td><td>Indicates the employee premium contribution for the component on the eligibility data.</td></tr><tr><td style=\"white-space:nowrap\">non-claim-payment<a name=\"insurance-plan-benefit-type-non-claim-payment\"> </a></td><td>Non Claim Payment</td><td>Indicates the miscellaneous other non-claim payments on the eligibility data, not included in Administrative Fee, Capitation Amount, HMO Premium or Employee Contribution Amount.</td></tr><tr><td style=\"white-space:nowrap\">monthly-premium-paid<a name=\"insurance-plan-benefit-type-monthly-premium-paid\"> </a></td><td>Monthly Premium Paid</td><td>Indicates the monthly premium paid for the component on the eligibility data.</td></tr></table></div>"
  },
  "url": "http://ibm.com/fhir/cdm/CodeSystem/insurance-plan-benefit-type",
  "version": "0.1.0",
  "name": "InsurancePlanBenefitTypeCodeSystem",
  "title": "Insurance Plan Benefit Type Codes",
  "status": "active",
  "date": "2021-07-01T11:55:04+00:00",
  "contact": [
    {
      "name": "Kim Kenna",
      "telecom": [
        {
          "system": "email",
          "value": "sloand@us.ibm.com"
        }
      ]
    },
    {
      "name": "Tom Eggebraaten",
      "telecom": [
        {
          "system": "email",
          "value": "tegge@us.ibm.com"
        }
      ]
    }
  ],
  "description": "The codes that indicates the specific types of costs (admin fees, premiums, etc.) that may be tied to a member based on their Insurance plan cost category.",
  "content": "complete",
  "count": 4,
  "concept": [
    {
      "code": "administrative-fee",
      "display": "Administrative Fee",
      "definition": "Indicates the administrative fee for the component on the eligibility data."
    },
    {
      "code": "employee-contribution",
      "display": "Employee Contribution",
      "definition": "Indicates the employee premium contribution for the component on the eligibility data."
    },
    {
      "code": "non-claim-payment",
      "display": "Non Claim Payment",
      "definition": "Indicates the miscellaneous other non-claim payments on the eligibility data, not included in Administrative Fee, Capitation Amount, HMO Premium or Employee Contribution Amount."
    },
    {
      "code": "monthly-premium-paid",
      "display": "Monthly Premium Paid",
      "definition": "Indicates the monthly premium paid for the component on the eligibility data."
    }
  ]
}