{
  "resourceType": "CodeSystem",
  "id": "gender-identity",
  "text": {
    "status": "generated",
    "div": "<div xmlns=\"http://www.w3.org/1999/xhtml\"><p>This code system http://ibm.com/fhir/cdm/CodeSystem/gender-identity defines the following codes:</p><table class=\"codes\"><tr><td style=\"white-space:nowrap\"><b>Code</b></td><td><b>Display</b></td></tr><tr><td style=\"white-space:nowrap\">female<a name=\"gender-identity-female\"> </a></td><td>Female</td></tr><tr><td style=\"white-space:nowrap\">gender-neutral<a name=\"gender-identity-gender-neutral\"> </a></td><td>Gender-neutral</td></tr><tr><td style=\"white-space:nowrap\">male<a name=\"gender-identity-male\"> </a></td><td>Male</td></tr><tr><td style=\"white-space:nowrap\">non-binary<a name=\"gender-identity-non-binary\"> </a></td><td>Non-binary</td></tr><tr><td style=\"white-space:nowrap\">other<a name=\"gender-identity-other\"> </a></td><td>Other</td></tr><tr><td style=\"white-space:nowrap\">unknown<a name=\"gender-identity-unknown\"> </a></td><td>Unknown</td></tr></table></div>"
  },
  "url": "http://ibm.com/fhir/cdm/CodeSystem/gender-identity",
  "version": "0.1.0",
  "name": "GenderIdentityCodeSystem",
  "title": "Gender Identity Codes",
  "status": "active",
  "date": "2021-06-18T10:21:56-05:00",
  "contact": [
    {
      "name": "Kim Kenna",
      "telecom": [
        {
          "system": "email",
          "value": "sloand@us.ibm.com"
        }
      ]
    },
    {
      "name": "Tom Eggebraaten",
      "telecom": [
        {
          "system": "email",
          "value": "tegge@us.ibm.com"
        }
      ]
    }
  ],
  "description": "Typically, gender identity codes are described in terms of masculinity and femininity. Gender identity is a social construct that varies, both across different cultures and over time. This value is often used for identity purposes, and should be collected directly from the patient.",
  "content": "complete",
  "count": 6,
  "concept": [
    {
      "code": "female",
      "display": "Female"
    },
    {
      "code": "gender-neutral",
      "display": "Gender-neutral"
    },
    {
      "code": "male",
      "display": "Male"
    },
    {
      "code": "non-binary",
      "display": "Non-binary"
    },
    {
      "code": "other",
      "display": "Other"
    },
    {
      "code": "unknown",
      "display": "Unknown"
    }
  ]
}