{
  "resourceType": "CodeSystem",
  "id": "measure-population-type",
  "text": {
    "status": "generated",
    "div": "<div xmlns=\"http://www.w3.org/1999/xhtml\"><p>This code system http://ibm.com/fhir/cdm/CodeSystem/measure-population-type defines the following codes:</p><table class=\"codes\"><tr><td style=\"white-space:nowrap\"><b>Code</b></td><td><b>Display</b></td><td><b>Definition</b></td></tr><tr><td style=\"white-space:nowrap\">care-gap<a name=\"measure-population-type-care-gap\"> </a></td><td>Care Gap</td><td>The care gap population contains patients and events that are non-compliant for the numerator, lacking the clinical action required to satisfy the conditions of the measure. These exclude pateints or events that are in exclusion or exception populations. The care gap is the primary focus for engagement.</td></tr></table></div>"
  },
  "url": "http://ibm.com/fhir/cdm/CodeSystem/measure-population-type",
  "version": "0.1.0",
  "name": "MeasurePopulationTypeCodeSystem",
  "title": "Measure Population Type Codes",
  "status": "active",
  "date": "2021-06-18T10:21:56-05:00",
  "contact": [
    {
      "name": "Kim Kenna",
      "telecom": [
        {
          "system": "email",
          "value": "sloand@us.ibm.com"
        }
      ]
    },
    {
      "name": "Tom Eggebraaten",
      "telecom": [
        {
          "system": "email",
          "value": "tegge@us.ibm.com"
        }
      ]
    }
  ],
  "description": "IBM Watson Health measure population types",
  "content": "complete",
  "count": 1,
  "concept": [
    {
      "code": "care-gap",
      "display": "Care Gap",
      "definition": "The care gap population contains patients and events that are non-compliant for the numerator, lacking the clinical action required to satisfy the conditions of the measure. These exclude pateints or events that are in exclusion or exception populations. The care gap is the primary focus for engagement."
    }
  ]
}