{
  "resourceType": "ValueSet",
  "id": "patient-importance",
  "text": {
    "status": "generated",
    "div": "<div xmlns=\"http://www.w3.org/1999/xhtml\"><p>This value set includes codes based on the following rules:</p><ul><li>Include all codes defined in <code>http://terminology.hl7.org/ValueSet/v3-PatientImportance</code></li><li>Include all codes defined in <a href=\"CodeSystem-patient-importance.html\"><code>http://ibm.com/fhir/cdm/CodeSystem/patient-importance</code></a></li></ul></div>"
  },
  "url": "http://ibm.com/fhir/cdm/ValueSet/patient-importance",
  "version": "0.1.0",
  "name": "PatientImportanceValueSet",
  "title": "Patient Importance Value Set",
  "status": "active",
  "date": "2021-06-18T10:21:56-05:00",
  "contact": [
    {
      "name": "Kim Kenna",
      "telecom": [
        {
          "system": "email",
          "value": "sloand@us.ibm.com"
        }
      ]
    },
    {
      "name": "Tom Eggebraaten",
      "telecom": [
        {
          "system": "email",
          "value": "tegge@us.ibm.com"
        }
      ]
    }
  ],
  "description": "Patient importance status codes derived from customer-specific code mappings, used to trigger or limit IBM Health Data Connect patient operations.",
  "compose": {
    "include": [
      {
        "system": "http://terminology.hl7.org/ValueSet/v3-PatientImportance"
      },
      {
        "system": "http://ibm.com/fhir/cdm/CodeSystem/patient-importance"
      }
    ]
  }
}