{
  "resourceType": "ValueSet",
  "id": "sexual-orientation",
  "text": {
    "status": "generated",
    "div": "<div xmlns=\"http://www.w3.org/1999/xhtml\"><ul><li>Include all codes defined in <a href=\"CodeSystem-sexual-orientation.html\"><code>http://alvearie.io/fhir/CodeSystem/sexual-orientation</code></a></li></ul></div>"
  },
  "url": "http://alvearie.io/fhir/ValueSet/sexual-orientation",
  "version": "0.1.0",
  "name": "SexualOrientationValueSet",
  "title": "Sexual Orientation Value Set",
  "status": "active",
  "date": "2021-04-30T10:15:05-05:00",
  "contact": [
    {
      "name": "Kim Kenna",
      "telecom": [
        {
          "system": "email",
          "value": "sloand@us.ibm.com"
        }
      ]
    },
    {
      "name": "Tom Eggebraaten",
      "telecom": [
        {
          "system": "email",
          "value": "tegge@us.ibm.com"
        }
      ]
    }
  ],
  "description": "Codes indicating a person's physical, romantic, and/or emotional attraction towards other people",
  "compose": {
    "include": [
      {
        "system": "http://alvearie.io/fhir/CodeSystem/sexual-orientation"
      }
    ]
  }
}