{
  "resourceType": "ValueSet",
  "id": "er-or-observation-room-service",
  "text": {
    "status": "generated",
    "div": "<div xmlns=\"http://www.w3.org/1999/xhtml\"><ul><li>Include all codes defined in <a href=\"CodeSystem-er-or-observation-room-service.html\"><code>http://ibm.com/fhir/cdm/CodeSystem/er-or-observation-room-service</code></a></li></ul></div>"
  },
  "url": "http://ibm.com/fhir/cdm/ValueSet/er-or-observation-room-service",
  "version": "0.1.0",
  "name": "ErOrObservationRoomServiceValueSet",
  "title": "Er Or Observation Room Service Value Set",
  "status": "active",
  "date": "2021-06-18T10:21:56-05:00",
  "contact": [
    {
      "name": "Kim Kenna",
      "telecom": [
        {
          "system": "email",
          "value": "sloand@us.ibm.com"
        }
      ]
    },
    {
      "name": "Tom Eggebraaten",
      "telecom": [
        {
          "system": "email",
          "value": "tegge@us.ibm.com"
        }
      ]
    }
  ],
  "description": "Er Or Observation Room Service value set for claims",
  "compose": {
    "include": [
      {
        "system": "http://ibm.com/fhir/cdm/CodeSystem/er-or-observation-room-service"
      }
    ]
  }
}