<?xml version="1.0" encoding="UTF-8"?>

<CodeSystem xmlns="http://hl7.org/fhir">
  <id value="age-gender-group"/>
  <text>
    <status value="generated"/><div xmlns="http://www.w3.org/1999/xhtml"><p>This code system http://ibm.com/fhir/cdm/CodeSystem/age-gender-group defines the following codes:</p><table class="codes"><tr><td style="white-space:nowrap"><b>Code</b></td><td><b>Display</b></td></tr><tr><td style="white-space:nowrap">1<a name="age-gender-group-1"> </a></td><td>Males &lt; 1 yr</td></tr><tr><td style="white-space:nowrap">2<a name="age-gender-group-2"> </a></td><td>Males 1-4 yr</td></tr><tr><td style="white-space:nowrap">3<a name="age-gender-group-3"> </a></td><td>Males 5-9 yr</td></tr><tr><td style="white-space:nowrap">4<a name="age-gender-group-4"> </a></td><td>Males 10-14 yr</td></tr><tr><td style="white-space:nowrap">5<a name="age-gender-group-5"> </a></td><td>Males 15-17 yr</td></tr><tr><td style="white-space:nowrap">6<a name="age-gender-group-6"> </a></td><td>Males 18-19 yr</td></tr><tr><td style="white-space:nowrap">7<a name="age-gender-group-7"> </a></td><td>Males 20-24 yr</td></tr><tr><td style="white-space:nowrap">8<a name="age-gender-group-8"> </a></td><td>Males 25-29 yr</td></tr><tr><td style="white-space:nowrap">9<a name="age-gender-group-9"> </a></td><td>Males 30-34 yr</td></tr><tr><td style="white-space:nowrap">10<a name="age-gender-group-10"> </a></td><td>Males 35-39 yr</td></tr><tr><td style="white-space:nowrap">11<a name="age-gender-group-11"> </a></td><td>Males 40-44 yr</td></tr><tr><td style="white-space:nowrap">12<a name="age-gender-group-12"> </a></td><td>Males 45-49 yr</td></tr><tr><td style="white-space:nowrap">13<a name="age-gender-group-13"> </a></td><td>Males 50-54 yr</td></tr><tr><td style="white-space:nowrap">14<a name="age-gender-group-14"> </a></td><td>Males 55-59 yr</td></tr><tr><td style="white-space:nowrap">15<a name="age-gender-group-15"> </a></td><td>Males 60-64 yr</td></tr><tr><td style="white-space:nowrap">16<a name="age-gender-group-16"> </a></td><td>Males 65-69 yr</td></tr><tr><td style="white-space:nowrap">17<a name="age-gender-group-17"> </a></td><td>Males 70-74 yr</td></tr><tr><td style="white-space:nowrap">18<a name="age-gender-group-18"> </a></td><td>Males 75-79 yr</td></tr><tr><td style="white-space:nowrap">19<a name="age-gender-group-19"> </a></td><td>Males 80-84 yr</td></tr><tr><td style="white-space:nowrap">20<a name="age-gender-group-20"> </a></td><td>Males 85-89 yr</td></tr><tr><td style="white-space:nowrap">21<a name="age-gender-group-21"> </a></td><td>Males 90+ yr</td></tr><tr><td style="white-space:nowrap">31<a name="age-gender-group-31"> </a></td><td>Females &lt; 1 yr</td></tr><tr><td style="white-space:nowrap">32<a name="age-gender-group-32"> </a></td><td>Females 1-4 yr</td></tr><tr><td style="white-space:nowrap">33<a name="age-gender-group-33"> </a></td><td>Females 5-9 yr</td></tr><tr><td style="white-space:nowrap">34<a name="age-gender-group-34"> </a></td><td>Females 10-14 yr</td></tr><tr><td style="white-space:nowrap">35<a name="age-gender-group-35"> </a></td><td>Females 15-17 yr</td></tr><tr><td style="white-space:nowrap">36<a name="age-gender-group-36"> </a></td><td>Females 18-19 yr</td></tr><tr><td style="white-space:nowrap">37<a name="age-gender-group-37"> </a></td><td>Females 20-24 yr</td></tr><tr><td style="white-space:nowrap">38<a name="age-gender-group-38"> </a></td><td>Females 25-29 yr</td></tr><tr><td style="white-space:nowrap">39<a name="age-gender-group-39"> </a></td><td>Females 30-34 yr</td></tr><tr><td style="white-space:nowrap">40<a name="age-gender-group-40"> </a></td><td>Females 35-39 yr</td></tr><tr><td style="white-space:nowrap">41<a name="age-gender-group-41"> </a></td><td>Females 40-44 yr</td></tr><tr><td style="white-space:nowrap">42<a name="age-gender-group-42"> </a></td><td>Females 45-49 yr</td></tr><tr><td style="white-space:nowrap">43<a name="age-gender-group-43"> </a></td><td>Females 50-54 yr</td></tr><tr><td style="white-space:nowrap">44<a name="age-gender-group-44"> </a></td><td>Females 55-59 yr</td></tr><tr><td style="white-space:nowrap">45<a name="age-gender-group-45"> </a></td><td>Females 60-64 yr</td></tr><tr><td style="white-space:nowrap">46<a name="age-gender-group-46"> </a></td><td>Females 65-69 yr</td></tr><tr><td style="white-space:nowrap">47<a name="age-gender-group-47"> </a></td><td>Females 70-74 yr</td></tr><tr><td style="white-space:nowrap">48<a name="age-gender-group-48"> </a></td><td>Females 75-79 yr</td></tr><tr><td style="white-space:nowrap">49<a name="age-gender-group-49"> </a></td><td>Females 80-84 yr</td></tr><tr><td style="white-space:nowrap">50<a name="age-gender-group-50"> </a></td><td>Females 85-89 yr</td></tr><tr><td style="white-space:nowrap">51<a name="age-gender-group-51"> </a></td><td>Females 90+ yr</td></tr></table></div>
  </text>
  <url value="http://ibm.com/fhir/cdm/CodeSystem/age-gender-group"/>
  <version value="5.0.0"/>
  <name value="AgeGenderGroupCodeSystem"/>
  <title value="Age and Gender Group Codes"/>
  <status value="active"/>
  <date value="2021-11-19T14:45:01+00:00"/>
  <contact>
    <name value="Kim Kenna"/>
    <telecom>
      <system value="email"/>
      <value value="sloand@us.ibm.com"/>
    </telecom>
  </contact>
  <contact>
    <name value="Tom Eggebraaten"/>
    <telecom>
      <system value="email"/>
      <value value="tegge@us.ibm.com"/>
    </telecom>
  </contact>
  <description value="Standard codes for age and gender based on HEDIS cohort codes"/>
  <content value="complete"/>
  <count value="42"/>
  <concept>
    <code value="1"/>
    <display value="Males &lt; 1 yr"/>
  </concept>
  <concept>
    <code value="2"/>
    <display value="Males 1-4 yr"/>
  </concept>
  <concept>
    <code value="3"/>
    <display value="Males 5-9 yr"/>
  </concept>
  <concept>
    <code value="4"/>
    <display value="Males 10-14 yr"/>
  </concept>
  <concept>
    <code value="5"/>
    <display value="Males 15-17 yr"/>
  </concept>
  <concept>
    <code value="6"/>
    <display value="Males 18-19 yr"/>
  </concept>
  <concept>
    <code value="7"/>
    <display value="Males 20-24 yr"/>
  </concept>
  <concept>
    <code value="8"/>
    <display value="Males 25-29 yr"/>
  </concept>
  <concept>
    <code value="9"/>
    <display value="Males 30-34 yr"/>
  </concept>
  <concept>
    <code value="10"/>
    <display value="Males 35-39 yr"/>
  </concept>
  <concept>
    <code value="11"/>
    <display value="Males 40-44 yr"/>
  </concept>
  <concept>
    <code value="12"/>
    <display value="Males 45-49 yr"/>
  </concept>
  <concept>
    <code value="13"/>
    <display value="Males 50-54 yr"/>
  </concept>
  <concept>
    <code value="14"/>
    <display value="Males 55-59 yr"/>
  </concept>
  <concept>
    <code value="15"/>
    <display value="Males 60-64 yr"/>
  </concept>
  <concept>
    <code value="16"/>
    <display value="Males 65-69 yr"/>
  </concept>
  <concept>
    <code value="17"/>
    <display value="Males 70-74 yr"/>
  </concept>
  <concept>
    <code value="18"/>
    <display value="Males 75-79 yr"/>
  </concept>
  <concept>
    <code value="19"/>
    <display value="Males 80-84 yr"/>
  </concept>
  <concept>
    <code value="20"/>
    <display value="Males 85-89 yr"/>
  </concept>
  <concept>
    <code value="21"/>
    <display value="Males 90+ yr"/>
  </concept>
  <concept>
    <code value="31"/>
    <display value="Females &lt; 1 yr"/>
  </concept>
  <concept>
    <code value="32"/>
    <display value="Females 1-4 yr"/>
  </concept>
  <concept>
    <code value="33"/>
    <display value="Females 5-9 yr"/>
  </concept>
  <concept>
    <code value="34"/>
    <display value="Females 10-14 yr"/>
  </concept>
  <concept>
    <code value="35"/>
    <display value="Females 15-17 yr"/>
  </concept>
  <concept>
    <code value="36"/>
    <display value="Females 18-19 yr"/>
  </concept>
  <concept>
    <code value="37"/>
    <display value="Females 20-24 yr"/>
  </concept>
  <concept>
    <code value="38"/>
    <display value="Females 25-29 yr"/>
  </concept>
  <concept>
    <code value="39"/>
    <display value="Females 30-34 yr"/>
  </concept>
  <concept>
    <code value="40"/>
    <display value="Females 35-39 yr"/>
  </concept>
  <concept>
    <code value="41"/>
    <display value="Females 40-44 yr"/>
  </concept>
  <concept>
    <code value="42"/>
    <display value="Females 45-49 yr"/>
  </concept>
  <concept>
    <code value="43"/>
    <display value="Females 50-54 yr"/>
  </concept>
  <concept>
    <code value="44"/>
    <display value="Females 55-59 yr"/>
  </concept>
  <concept>
    <code value="45"/>
    <display value="Females 60-64 yr"/>
  </concept>
  <concept>
    <code value="46"/>
    <display value="Females 65-69 yr"/>
  </concept>
  <concept>
    <code value="47"/>
    <display value="Females 70-74 yr"/>
  </concept>
  <concept>
    <code value="48"/>
    <display value="Females 75-79 yr"/>
  </concept>
  <concept>
    <code value="49"/>
    <display value="Females 80-84 yr"/>
  </concept>
  <concept>
    <code value="50"/>
    <display value="Females 85-89 yr"/>
  </concept>
  <concept>
    <code value="51"/>
    <display value="Females 90+ yr"/>
  </concept>
</CodeSystem>