{"resourceType":"ValueSet","id":"eng-opt-out-reason","text":{"status":"generated","div":"<div xmlns=\"http://www.w3.org/1999/xhtml\"><ul><li>Include all codes defined in <a href=\"CodeSystem-eng-opt-out-reason.html\"><code>http://ibm.com/fhir/cdm/CodeSystem/eng-opt-out-reason</code></a></li></ul></div>"},"url":"http://ibm.com/fhir/cdm/ValueSet/eng-opt-out-reason","version":"0.1.0","name":"EngagementOptOutReasonValueSet","title":"Engagement Opt-Out Reason Value Set","status":"active","date":"2021-06-15T15:17:59-05:00","contact":[{"name":"Kim Kenna","telecom":[{"system":"email","value":"sloand@us.ibm.com"}]},{"name":"Tom Eggebraaten","telecom":[{"system":"email","value":"tegge@us.ibm.com"}]}],"description":"Codes indicating reasons patients may specify for opting-out of Engagement communications","compose":{"include":[{"system":"http://ibm.com/fhir/cdm/CodeSystem/eng-opt-out-reason"}]}}