{"resourceType":"ValueSet","id":"ms-drg-of-payment","text":{"status":"generated","div":"<div xmlns=\"http://www.w3.org/1999/xhtml\"><ul><li>Include all codes defined in <code>https://www.cms.gov/icd10m/version37-fullcode-cms/fullcode_cms/P0002.html</code></li></ul></div>"},"url":"http://ibm.com/fhir/cdm/ValueSet/ms-drg-of-payment","version":"3.0.0","name":"MsDrgOfPaymentValueSet","title":"MS-Drg Of Payment Value Set","status":"active","date":"2021-10-07T14:44:30+00:00","contact":[{"name":"Kim Kenna","telecom":[{"system":"email","value":"sloand@us.ibm.com"}]},{"name":"Tom Eggebraaten","telecom":[{"system":"email","value":"tegge@us.ibm.com"}]}],"description":"The Diagnosis Related Group (MS-DRG) value set under which the claim was paid, as reported on the facility Claim","compose":{"include":[{"system":"https://www.cms.gov/icd10m/version37-fullcode-cms/fullcode_cms/P0002.html"}]}}