<?xml version="1.0" encoding="UTF-8"?>

<CodeSystem xmlns="http://hl7.org/fhir">
  <id value="claim-care-team-role"/>
  <text>
    <status value="generated"/><div xmlns="http://www.w3.org/1999/xhtml"><p>This code system http://ibm.com/fhir/cdm/CodeSystem/claim-care-team-role defines the following codes:</p><table class="codes"><tr><td style="white-space:nowrap"><b>Code</b></td><td><b>Display</b></td><td><b>Definition</b></td></tr><tr><td style="white-space:nowrap">admitting<a name="claim-care-team-role-admitting"> </a></td><td>Admitting provider</td><td/></tr><tr><td style="white-space:nowrap">attending<a name="claim-care-team-role-attending"> </a></td><td>Attending provider</td><td/></tr><tr><td style="white-space:nowrap">billing<a name="claim-care-team-role-billing"> </a></td><td>Billing provider</td><td/></tr><tr><td style="white-space:nowrap">ordering<a name="claim-care-team-role-ordering"> </a></td><td>Ordering provider</td><td>The provider who referred the patient, prescribed the drug, or ordered either the test or the procedure</td></tr><tr><td style="white-space:nowrap">servicing<a name="claim-care-team-role-servicing"> </a></td><td>Servicing provider</td><td>The provider who serviced the patient, prescribed the drug, or ordered the test or procedure</td></tr></table></div>
  </text>
  <url value="http://ibm.com/fhir/cdm/CodeSystem/claim-care-team-role"/>
  <version value="0.1.0"/>
  <name value="ClaimCareTeamRoleCodeSystem"/>
  <title value="Claim Care Team Role Codes"/>
  <status value="active"/>
  <date value="2021-07-01T11:55:04+00:00"/>
  <contact>
    <name value="Kim Kenna"/>
    <telecom>
      <system value="email"/>
      <value value="sloand@us.ibm.com"/>
    </telecom>
  </contact>
  <contact>
    <name value="Tom Eggebraaten"/>
    <telecom>
      <system value="email"/>
      <value value="tegge@us.ibm.com"/>
    </telecom>
  </contact>
  <description value="Code system that defines the function of a team member within a care team"/>
  <content value="complete"/>
  <count value="5"/>
  <concept>
    <code value="admitting"/>
    <display value="Admitting provider"/>
  </concept>
  <concept>
    <code value="attending"/>
    <display value="Attending provider"/>
  </concept>
  <concept>
    <code value="billing"/>
    <display value="Billing provider"/>
  </concept>
  <concept>
    <code value="ordering"/>
    <display value="Ordering provider"/>
    <definition value="The provider who referred the patient, prescribed the drug, or ordered either the test or the procedure"/>
  </concept>
  <concept>
    <code value="servicing"/>
    <display value="Servicing provider"/>
    <definition value="The provider who serviced the patient, prescribed the drug, or ordered the test or procedure"/>
  </concept>
</CodeSystem>