<?xml version="1.0" encoding="UTF-8"?>

<CodeSystem xmlns="http://hl7.org/fhir">
  <id value="measure-population-type"/>
  <text>
    <status value="generated"/><div xmlns="http://www.w3.org/1999/xhtml"><p>This code system http://ibm.com/fhir/cdm/CodeSystem/measure-population-type defines the following codes:</p><table class="codes"><tr><td style="white-space:nowrap"><b>Code</b></td><td><b>Display</b></td><td><b>Definition</b></td></tr><tr><td style="white-space:nowrap">care-gap<a name="measure-population-type-care-gap"> </a></td><td>Care Gap</td><td>The care gap population contains patients and events that are non-compliant for the numerator, lacking the clinical action required to satisfy the conditions of the measure. These exclude pateints or events that are in exclusion or exception populations. The care gap is the primary focus for engagement.</td></tr></table></div>
  </text>
  <url value="http://ibm.com/fhir/cdm/CodeSystem/measure-population-type"/>
  <version value="0.1.0"/>
  <name value="MeasurePopulationTypeCodeSystem"/>
  <title value="Measure Population Type Codes"/>
  <status value="active"/>
  <date value="2021-06-18T10:21:56-05:00"/>
  <contact>
    <name value="Kim Kenna"/>
    <telecom>
      <system value="email"/>
      <value value="sloand@us.ibm.com"/>
    </telecom>
  </contact>
  <contact>
    <name value="Tom Eggebraaten"/>
    <telecom>
      <system value="email"/>
      <value value="tegge@us.ibm.com"/>
    </telecom>
  </contact>
  <description value="IBM Watson Health measure population types"/>
  <content value="complete"/>
  <count value="1"/>
  <concept>
    <code value="care-gap"/>
    <display value="Care Gap"/>
    <definition value="The care gap population contains patients and events that are non-compliant for the numerator, lacking the clinical action required to satisfy the conditions of the measure. These exclude pateints or events that are in exclusion or exception populations. The care gap is the primary focus for engagement."/>
  </concept>
</CodeSystem>