<?xml version="1.0" encoding="UTF-8"?>

<Condition xmlns="http://hl7.org/fhir">
  <id value="CDMConditionExample"/>
  <meta>
    <extension url="http://ibm.com/fhir/cdm/StructureDefinition/tenant-id">
      <valueString value="99999"/>
    </extension>
    <extension url="http://ibm.com/fhir/cdm/StructureDefinition/ingestion-batch-id">
      <valueString value="b069a545-9506-40c6-8498-23de2e189143"/>
    </extension>
    <source value="http://acme-health.com/emr1"/>
    <profile value="http://ibm.com/fhir/cdm/StructureDefinition/cdm-condition"/>
  </meta>
  <text>
    <status value="generated"/><div xmlns="http://www.w3.org/1999/xhtml"><p><b>Generated Narrative</b></p><p><b>identifier</b>: Source System Row Identifier: 46706977-907b-453a-87bc-76002d7076ef (OFFICIAL)</p><p><b>clinicalStatus</b>: <span title="Codes: {http://terminology.hl7.org/CodeSystem/condition-clinical active}">Active</span></p><p><b>verificationStatus</b>: <span title="Codes: {http://terminology.hl7.org/CodeSystem/condition-ver-status confirmed}">Confirmed</span></p><p><b>category</b>: <span title="Codes: {http://terminology.hl7.org/CodeSystem/condition-category encounter-diagnosis}">Encounter Diagnosis</span></p><p><b>severity</b>: <span title="Codes: {http://snomed.info/sct 6736007}">Moderate</span></p><p><b>code</b>: <span title="Codes: {http://snomed.info/sct 1201005}">Benign essential hypertension</span></p><p><b>subject</b>: <a href="Patient-CDMPatientInstance.html">Generated Summary: Source System Row Identifier: unencryp-id1234 (OFFICIAL), Source System Row Identifier: encryp-id1234 (SECONDARY), Medical record number: 1011110101 (OFFICIAL), Medical record number: 1011110101 (USUAL), Social Beneficiary Identifier: 0001223333 (OFFICIAL), Social Beneficiary Identifier: 1CA0CA0CC00 (OFFICIAL), Social Beneficiary Identifier: 987654321000 (OFFICIAL), Match Data Identifier: 7b78d6de-46cb-4fbb-930d-2a74e24b17fe (SECONDARY); active; Firstname McLastname ; , Phone: 216-345-2662, Phone: 216-555-2222, fmclastname@fakemail.com; gender: male; birthDate: 1990-01-04; deceased: Sep 27, 2020 7:00:00 PM</a></p><p><b>encounter</b>: <a href="Encounter-CDMEncounterExample.html">Generated Summary: Source System Row Identifier: e17be8c4-07be-43d2-a53c-9487881f6f70 (OFFICIAL); status: finished; <span title="{http://terminology.hl7.org/CodeSystem/v3-ActCode AMB}">ambulatory</span>; <span title="Codes: {http://snomed.info/sct 270427003}">Patient-initiated encounter</span>; <span title="Codes: {http://terminology.hl7.org/CodeSystem/service-type 367}">Hypertension</span>; <span title="Codes: {http://terminology.hl7.org/CodeSystem/v3-ActPriority R}">routine</span>; period: Apr 15, 2020 4:00:00 AM --&gt; Apr 15, 2020 4:15:00 AM; <span title="Codes: {http://snomed.info/sct 1201005}">Benign essential hypertension</span></a></p><p><b>recordedDate</b>: 2020-01-04</p><p><b>recorder</b>: <a href="Practitioner-DrKelly.html">Generated Summary: Source System Row Identifier: 0d82c96d-98c5-46cf-911d-a41991601320 (OFFICIAL), Provider number: 1122334499 (OFFICIAL), Tax ID number: 123456789 (SECONDARY); Dr Debra R Kelly, MD; Phone: 214-555-2100, Fax: 214-555-2101, drkelly@kellyclinic.com</a></p><p><b>asserter</b>: <a href="Practitioner-DrKelly.html">Generated Summary: Source System Row Identifier: 0d82c96d-98c5-46cf-911d-a41991601320 (OFFICIAL), Provider number: 1122334499 (OFFICIAL), Tax ID number: 123456789 (SECONDARY); Dr Debra R Kelly, MD; Phone: 214-555-2100, Fax: 214-555-2101, drkelly@kellyclinic.com</a></p></div>
  </text>
  <identifier>
    <use value="official"/>
    <type>
      <coding>
        <system value="http://ibm.com/fhir/cdm/CodeSystem/identifier-type"/>
        <code value="SSRI"/>
      </coding>
    </type>
    <system value="http://acme-health.com/emr1/condition"/>
    <value value="46706977-907b-453a-87bc-76002d7076ef"/>
    <assigner>
      <display value="Acme Health - EMR1"/>
    </assigner>
  </identifier>
  <clinicalStatus>
    <coding>
      <system value="http://terminology.hl7.org/CodeSystem/condition-clinical"/>
      <code value="active"/>
    </coding>
  </clinicalStatus>
  <verificationStatus>
    <coding>
      <system value="http://terminology.hl7.org/CodeSystem/condition-ver-status"/>
      <code value="confirmed"/>
    </coding>
  </verificationStatus>
  <category>
    <coding>
      <system value="http://terminology.hl7.org/CodeSystem/condition-category"/>
      <code value="encounter-diagnosis"/>
    </coding>
  </category>
  <severity>
    <coding>
      <system value="http://snomed.info/sct"/>
      <code value="6736007"/>
      <display value="Moderate"/>
    </coding>
  </severity>
  <code>
    <coding>
      <system value="http://snomed.info/sct"/>
      <code value="1201005"/>
      <display value="Benign essential hypertension"/>
    </coding>
  </code>
  <subject>
    <reference value="Patient/CDMPatientInstance"/>
  </subject>
  <encounter>
    <reference value="Encounter/CDMEncounterExample"/>
  </encounter>
  <recordedDate value="2020-01-04"/>
  <recorder>
    <reference value="Practitioner/DrKelly"/>
  </recorder>
  <asserter>
    <reference value="Practitioner/DrKelly"/>
  </asserter>
</Condition>