<?xml version="1.0" encoding="UTF-8"?>

<ServiceRequest xmlns="http://hl7.org/fhir">
  <id value="CDMServiceRequestInstance"/>
  <meta>
    <extension url="http://ibm.com/fhir/cdm/StructureDefinition/tenant-id">
      <valueString value="tenant7209"/>
    </extension>
    <extension url="http://ibm.com/fhir/cdm/StructureDefinition/ingestion-batch-id">
      <valueString value="rgVCJnQBxvghkKTI8Hzz"/>
    </extension>
    <extension url="http://ibm.com/fhir/cdm/StructureDefinition/process-name">
      <valueString value="TREX"/>
    </extension>
    <extension url="http://ibm.com/fhir/cdm/StructureDefinition/process-client-id">
      <valueString value="7209"/>
    </extension>
    <extension url="http://ibm.com/fhir/cdm/StructureDefinition/process-record-id">
      <valueIdentifier>
        <system value="http://acme-health.com/WellnessMedicalCenter"/>
        <value value="7209_07869_e00080779_3938586_2516181"/>
      </valueIdentifier>
    </extension>
    <extension url="http://ibm.com/fhir/cdm/StructureDefinition/source-file-id">
      <valueString value="e00080779"/>
    </extension>
    <source value="http://acme-health.com/WellnessMedicalCenter"/>
    <profile value="http://ibm.com/fhir/cdm/StructureDefinition/cdm-service-request"/>
  </meta>
  <text>
    <status value="generated"/><div xmlns="http://www.w3.org/1999/xhtml"><p><b>Generated Narrative</b></p><p><b>identifier</b>: Source System Row Identifier: 000000000000000000019721078 (OFFICIAL)</p><p><b>status</b>: on-hold</p><p><b>intent</b>: proposal</p><p><b>category</b>: <span title="Codes: {http://ibm.com/fhir/cdm/CodeSystem/local-referral-type localreferraltype}">localreferraltype</span></p><p><b>subject</b>: <a href="Patient-CDMPatientInstance.html">Generated Summary: Source System Row Identifier: unencryp-id1234 (OFFICIAL), Source System Row Identifier: encryp-id1234 (SECONDARY), Medical record number: 1011110101 (OFFICIAL), Medical record number: 1011110101 (USUAL), Social Beneficiary Identifier: 0001223333 (OFFICIAL), Social Beneficiary Identifier: 1CA0CA0CC00 (OFFICIAL), Social Beneficiary Identifier: 987654321000 (OFFICIAL), Match Data Identifier: 7b78d6de-46cb-4fbb-930d-2a74e24b17fe (SECONDARY); active; Firstname McLastname ; , Phone: 216-345-2662, Phone: 216-555-2222, fmclastname@fakemail.com; gender: male; birthDate: 1990-01-04; deceased: Sep 27, 2020 7:00:00 PM</a></p></div>
  </text>
  <identifier>
    <use value="official"/>
    <type>
      <coding>
        <system value="http://ibm.com/fhir/cdm/CodeSystem/identifier-type"/>
        <code value="SSRI"/>
      </coding>
    </type>
    <system value="http://acme-health.com/CodeSystem/local-identifier"/>
    <value value="000000000000000000019721078"/>
    <assigner>
      <display value="Acme Health - Wellness Medical Center"/>
    </assigner>
  </identifier>
  <status value="on-hold"/>
  <intent value="proposal"/>
  <category>
    <coding>
      <system value="http://ibm.com/fhir/cdm/CodeSystem/local-referral-type"/>
      <code value="localreferraltype"/>
    </coding>
  </category>
  <subject>
    <reference value="Patient/CDMPatientInstance"/>
  </subject>
</ServiceRequest>