<?xml version="1.0" encoding="UTF-8"?>

<ValueSet xmlns="http://hl7.org/fhir">
  <id value="wh-payer-job-title-code"/>
  <text>
    <status value="generated"/><div xmlns="http://www.w3.org/1999/xhtml"><p>This value set includes codes based on the following rules:</p><ul><li>Include all codes defined in <code>https://terminology.hl7.org/NamingSystem-soc.html</code></li><li>Include all codes defined in <a href="CodeSystem-wh-payer-subscriber-relationship.html"><code>http://ibm.com/fhir/cdm/CodeSystem/wh-payer-subscriber-relationship</code></a></li></ul></div>
  </text>
  <url value="http://ibm.com/fhir/cdm/ValueSet/wh-payer-job-title-code"/>
  <version value="0.1.0"/>
  <name value="WhPayerJobTitleValueSet"/>
  <title value="Health Data Connect Job Title Value Set"/>
  <status value="active"/>
  <date value="2021-07-01T14:31:32+00:00"/>
  <contact>
    <name value="Kim Kenna"/>
    <telecom>
      <system value="email"/>
      <value value="sloand@us.ibm.com"/>
    </telecom>
  </contact>
  <contact>
    <name value="Tom Eggebraaten"/>
    <telecom>
      <system value="email"/>
      <value value="tegge@us.ibm.com"/>
    </telecom>
  </contact>
  <description value="IBM&#xAE; Health Data Connect value set for the job title, based on Bureau of Labor Statistics, Standard Occupational Classification (SOC) system."/>
  <compose>
    <include>
      <system value="https://terminology.hl7.org/NamingSystem-soc.html"/>
    </include>
    <include>
      <system value="http://ibm.com/fhir/cdm/CodeSystem/wh-payer-subscriber-relationship"/>
    </include>
  </compose>
</ValueSet>