<?xml version="1.0" encoding="UTF-8"?>

<ValueSet xmlns="http://hl7.org/fhir">
  <id value="adjudication-category"/>
  <text>
    <status value="generated"/><div xmlns="http://www.w3.org/1999/xhtml"><ul><li>Include all codes defined in <a href="CodeSystem-adjudication-category.html"><code>http://ibm.com/fhir/cdm/CodeSystem/adjudication-category</code></a></li></ul></div>
  </text>
  <url value="http://ibm.com/fhir/cdm/ValueSet/adjudication-category"/>
  <version value="0.1.0"/>
  <name value="AdjudicationCategoryValueSet"/>
  <title value="Adjudication Category Value Set"/>
  <status value="active"/>
  <date value="2021-07-01T14:31:32+00:00"/>
  <contact>
    <name value="Kim Kenna"/>
    <telecom>
      <system value="email"/>
      <value value="sloand@us.ibm.com"/>
    </telecom>
  </contact>
  <contact>
    <name value="Tom Eggebraaten"/>
    <telecom>
      <system value="email"/>
      <value value="tegge@us.ibm.com"/>
    </telecom>
  </contact>
  <description value="Adjudication category value set for claims"/>
  <compose>
    <include>
      <system value="http://ibm.com/fhir/cdm/CodeSystem/adjudication-category"/>
    </include>
  </compose>
</ValueSet>