<?xml version="1.0" encoding="UTF-8"?>

<ValueSet xmlns="http://hl7.org/fhir">
  <id value="measure-population-type"/>
  <text>
    <status value="generated"/><div xmlns="http://www.w3.org/1999/xhtml"><p>This value set includes codes based on the following rules:</p><ul><li>Include all codes defined in <a href="http://terminology.hl7.org/2.0.0/CodeSystem-measure-population.html"><code>http://terminology.hl7.org/CodeSystem/measure-population</code></a></li><li>Include all codes defined in <a href="CodeSystem-measure-population-type.html"><code>http://ibm.com/fhir/cdm/CodeSystem/measure-population-type</code></a></li></ul></div>
  </text>
  <url value="http://ibm.com/fhir/cdm/ValueSet/measure-population-type"/>
  <version value="0.1.0"/>
  <name value="MeasurePopulationTypeValueSet"/>
  <title value="Measure Population Type Value Set"/>
  <status value="active"/>
  <date value="2021-06-14T16:26:11-05:00"/>
  <contact>
    <name value="Kim Kenna"/>
    <telecom>
      <system value="email"/>
      <value value="sloand@us.ibm.com"/>
    </telecom>
  </contact>
  <contact>
    <name value="Tom Eggebraaten"/>
    <telecom>
      <system value="email"/>
      <value value="tegge@us.ibm.com"/>
    </telecom>
  </contact>
  <description value="IBM Watson Health measure population types"/>
  <compose>
    <include>
      <system value="http://terminology.hl7.org/CodeSystem/measure-population"/>
    </include>
    <include>
      <system value="http://ibm.com/fhir/cdm/CodeSystem/measure-population-type"/>
    </include>
  </compose>
</ValueSet>