<?xml version="1.0" encoding="UTF-8"?>

<ValueSet xmlns="http://hl7.org/fhir">
  <id value="match-method"/>
  <text>
    <status value="generated"/><div xmlns="http://www.w3.org/1999/xhtml"><ul><li>Include all codes defined in <a href="CodeSystem-match-method.html"><code>http://alvearie.io/fhir/CodeSystem/match-method</code></a></li></ul></div>
  </text>
  <url value="http://alvearie.io/fhir/ValueSet/match-method"/>
  <version value="0.1.0"/>
  <name value="MatchMethodValueSet"/>
  <title value="Match Method Value Set"/>
  <status value="active"/>
  <date value="2021-04-14T11:21:37-05:00"/>
  <contact>
    <name value="Kim Kenna"/>
    <telecom>
      <system value="email"/>
      <value value="sloand@us.ibm.com"/>
    </telecom>
  </contact>
  <contact>
    <name value="Tom Eggebraaten"/>
    <telecom>
      <system value="email"/>
      <value value="tegge@us.ibm.com"/>
    </telecom>
  </contact>
  <description value="Codes indicating methods used to identify matched entities"/>
  <compose>
    <include>
      <system value="http://alvearie.io/fhir/CodeSystem/match-method"/>
    </include>
  </compose>
</ValueSet>