<?xml version="1.0" encoding="UTF-8"?>

<ValueSet xmlns="http://hl7.org/fhir">
  <id value="claim-item-detail-classification"/>
  <text>
    <status value="generated"/><div xmlns="http://www.w3.org/1999/xhtml"><ul><li>Include all codes defined in <a href="CodeSystem-claim-item-detail-classification.html"><code>http://ibm.com/fhir/cdm/CodeSystem/claim-item-detail-classification</code></a></li></ul></div>
  </text>
  <url value="http://ibm.com/fhir/cdm/ValueSet/claim-item-detail-classification"/>
  <version value="0.1.0"/>
  <name value="ClaimItemDetailClassificationValueSet"/>
  <title value="Claim Item Detail Classification Value Set"/>
  <status value="active"/>
  <date value="2021-06-14T16:26:11-05:00"/>
  <contact>
    <name value="Kim Kenna"/>
    <telecom>
      <system value="email"/>
      <value value="sloand@us.ibm.com"/>
    </telecom>
  </contact>
  <contact>
    <name value="Tom Eggebraaten"/>
    <telecom>
      <system value="email"/>
      <value value="tegge@us.ibm.com"/>
    </telecom>
  </contact>
  <description value="Item detail classification value set for claims."/>
  <compose>
    <include>
      <system value="http://ibm.com/fhir/cdm/CodeSystem/claim-item-detail-classification"/>
    </include>
  </compose>
</ValueSet>