<?xml version="1.0" encoding="UTF-8"?><CodeSystem xmlns="http://hl7.org/fhir"><id value="wh-payer-coverage-class"/><text><status value="generated"/><div xmlns="http://www.w3.org/1999/xhtml"><p>This code system http://ibm.com/fhir/cdm/CodeSystem/wh-payer-coverage-class defines the following codes:</p><table class="codes"><tr><td style="white-space:nowrap"><b>Code</b></td><td><b>Display</b></td><td><b>Definition</b></td></tr><tr><td style="white-space:nowrap">election-tier<a name="wh-payer-coverage-class-election-tier"> </a></td><td>Election Tier</td><td>Elected tier for coverage</td></tr><tr><td style="white-space:nowrap">group-type<a name="wh-payer-coverage-class-group-type"> </a></td><td>Group Type</td><td>Type of group for coverage</td></tr></table></div></text><url value="http://ibm.com/fhir/cdm/CodeSystem/wh-payer-coverage-class"/><version value="7.0.0"/><name value="WhPayerCoverageClassCodeSystem"/><title value="Health Data Connect Coverage Class Codes"/><status value="active"/><date value="2022-09-07T20:41:11+00:00"/><publisher value="Alvearie Team"/><description value="Health Data Connect standard code for the coverage class"/><jurisdiction><coding><system value="urn:iso:std:iso:3166"/><code value="US"/></coding></jurisdiction><caseSensitive value="true"/><content value="complete"/><count value="2"/><concept><code value="election-tier"/><display value="Election Tier"/><definition value="Elected tier for coverage"/></concept><concept><code value="group-type"/><display value="Group Type"/><definition value="Type of group for coverage"/></concept></CodeSystem>