<?xml version="1.0" encoding="UTF-8"?><CodeSystem xmlns="http://hl7.org/fhir"><id value="hipaa-benefit-status"/><text><status value="generated"/><div xmlns="http://www.w3.org/1999/xhtml"><p>This code system http://ibm.com/fhir/cdm/CodeSystem/hipaa-benefit-status defines the following codes:</p><table class="codes"><tr><td style="white-space:nowrap"><b>Code</b></td><td><b>Display</b></td><td><b>Definition</b></td></tr><tr><td style="white-space:nowrap">A<a name="hipaa-benefit-status-A"> </a></td><td>Active</td><td>Active benefit</td></tr><tr><td style="white-space:nowrap">C<a name="hipaa-benefit-status-C"> </a></td><td>COBRA</td><td>Consolidated Omnibus Budget Reconciliation Act (COBRA) benefit</td></tr><tr><td style="white-space:nowrap">S<a name="hipaa-benefit-status-S"> </a></td><td>Surviving Insured</td><td>Surviving insured benefit</td></tr><tr><td style="white-space:nowrap">T<a name="hipaa-benefit-status-T"> </a></td><td>TEFRA</td><td>Tax Equity and Fiscal Responsibility Act (TEFRA) benefit</td></tr></table></div></text><url value="http://ibm.com/fhir/cdm/CodeSystem/hipaa-benefit-status"/><version value="6.1.1"/><name value="HipaaBenefitStatusCodeSystem"/><title value="HIPAA Benefit Status Codes"/><status value="active"/><date value="2022-06-06T15:56:40+00:00"/><publisher value="Alvearie Team"/><description value="HIPAA standard codes for the benefit status"/><jurisdiction><coding><system value="urn:iso:std:iso:3166"/><code value="US"/></coding></jurisdiction><caseSensitive value="true"/><content value="complete"/><count value="4"/><concept><code value="A"/><display value="Active"/><definition value="Active benefit"/></concept><concept><code value="C"/><display value="COBRA"/><definition value="Consolidated Omnibus Budget Reconciliation Act (COBRA) benefit"/></concept><concept><code value="S"/><display value="Surviving Insured"/><definition value="Surviving insured benefit"/></concept><concept><code value="T"/><display value="TEFRA"/><definition value="Tax Equity and Fiscal Responsibility Act (TEFRA) benefit"/></concept></CodeSystem>