<?xml version="1.0" encoding="UTF-8"?><CodeSystem xmlns="http://hl7.org/fhir"><id value="match-method"/><text><status value="generated"/><div xmlns="http://www.w3.org/1999/xhtml"><p>This code system http://ibm.com/fhir/cdm/CodeSystem/match-method defines the following codes:</p><table class="codes"><tr><td style="white-space:nowrap"><b>Code</b></td><td><b>Display</b></td></tr><tr><td style="white-space:nowrap">automated<a name="match-method-automated"> </a></td><td>Automoted matching algorithm or model identified the match</td></tr><tr><td style="white-space:nowrap">manual<a name="match-method-manual"> </a></td><td>Manual matching performed by a human</td></tr><tr><td style="white-space:nowrap">none<a name="match-method-none"> </a></td><td>No match was performed or identifed</td></tr></table></div></text><url value="http://ibm.com/fhir/cdm/CodeSystem/match-method"/><version value="7.0.0"/><name value="MatchMethodCodeSystem"/><title value="Match Method Codes"/><status value="active"/><date value="2022-09-01T21:20:10+00:00"/><publisher value="Alvearie Team"/><description value="Codes indicating methods used to identify matched entities"/><jurisdiction><coding><system value="urn:iso:std:iso:3166"/><code value="US"/></coding></jurisdiction><caseSensitive value="true"/><content value="complete"/><count value="3"/><concept><code value="automated"/><display value="Automoted matching algorithm or model identified the match"/></concept><concept><code value="manual"/><display value="Manual matching performed by a human"/></concept><concept><code value="none"/><display value="No match was performed or identifed"/></concept></CodeSystem>