<?xml version="1.0" encoding="UTF-8"?><CodeSystem xmlns="http://hl7.org/fhir"><id value="ndc-no-hyphens"/><text><status value="generated"/><div xmlns="http://www.w3.org/1999/xhtml"><p>This code system http://ibm.com/fhir/cdm/CodeSystem/ndc-no-hyphens defines the following codes:</p><table class="codes"><tr><td style="white-space:nowrap"><b>Code</b></td><td><b>Display</b></td><td><b>Definition</b></td></tr><tr><td style="white-space:nowrap">00003089421<a name="ndc-no-hyphens-00003089421"> </a></td><td>00003-0894-21</td><td>ELIQUIS</td></tr><tr><td style="white-space:nowrap">00054327099<a name="ndc-no-hyphens-00054327099"> </a></td><td>00054-3270-99</td><td>FLUTICASONE PROPIONATE</td></tr><tr><td style="white-space:nowrap">00378395177<a name="ndc-no-hyphens-00378395177"> </a></td><td>00378-3951-77</td><td>ATORVASTATIN CALCIUM</td></tr><tr><td style="white-space:nowrap">16729018317<a name="ndc-no-hyphens-16729018317"> </a></td><td>16729-0183-17</td><td>HYDROCHLOROTHIAZIDE</td></tr><tr><td style="white-space:nowrap">29300012810<a name="ndc-no-hyphens-29300012810"> </a></td><td>29300-0128-10</td><td>HYDROCHLOROTHIAZIDE</td></tr><tr><td style="white-space:nowrap">55111015810<a name="ndc-no-hyphens-55111015810"> </a></td><td>55111-0158-10</td><td>OMEPRAZOLE</td></tr><tr><td style="white-space:nowrap">59310057922<a name="ndc-no-hyphens-59310057922"> </a></td><td>59310-0579-22</td><td>PROAIR HFA</td></tr><tr><td style="white-space:nowrap">60505082901<a name="ndc-no-hyphens-60505082901"> </a></td><td>60505-0829-01</td><td>FLUTICASONE PROPIONATE</td></tr><tr><td style="white-space:nowrap">68180098003<a name="ndc-no-hyphens-68180098003"> </a></td><td>68180-0980-03</td><td>LISINOPRIL</td></tr><tr><td style="white-space:nowrap">69452015120<a name="ndc-no-hyphens-69452015120"> </a></td><td>69452-0151-20</td><td>VITAMIN D</td></tr></table></div></text><url value="http://ibm.com/fhir/cdm/CodeSystem/ndc-no-hyphens"/><version value="7.0.0"/><name value="NdcNoHyphensCodeSystem"/><title value="NDC No Hyphens Codes"/><status value="active"/><date value="2022-09-01T22:10:22+00:00"/><publisher value="Alvearie Team"/><description value="A common set of non-hyphenated National Drug Codes listed by the FDA (Food and Drug Administration). Non-hpyhenated codes are recieved for prescription drug claims.  Hyphenated NDC codes should also be included as an additional coding, when available."/><jurisdiction><coding><system value="urn:iso:std:iso:3166"/><code value="US"/></coding></jurisdiction><caseSensitive value="true"/><content value="complete"/><count value="10"/><concept><code value="00003089421"/><display value="00003-0894-21"/><definition value="ELIQUIS"/></concept><concept><code value="00054327099"/><display value="00054-3270-99"/><definition value="FLUTICASONE PROPIONATE"/></concept><concept><code value="00378395177"/><display value="00378-3951-77"/><definition value="ATORVASTATIN CALCIUM"/></concept><concept><code value="16729018317"/><display value="16729-0183-17"/><definition value="HYDROCHLOROTHIAZIDE"/></concept><concept><code value="29300012810"/><display value="29300-0128-10"/><definition value="HYDROCHLOROTHIAZIDE"/></concept><concept><code value="55111015810"/><display value="55111-0158-10"/><definition value="OMEPRAZOLE"/></concept><concept><code value="59310057922"/><display value="59310-0579-22"/><definition value="PROAIR HFA"/></concept><concept><code value="60505082901"/><display value="60505-0829-01"/><definition value="FLUTICASONE PROPIONATE"/></concept><concept><code value="68180098003"/><display value="68180-0980-03"/><definition value="LISINOPRIL"/></concept><concept><code value="69452015120"/><display value="69452-0151-20"/><definition value="VITAMIN D"/></concept></CodeSystem>