<?xml version="1.0" encoding="UTF-8"?><CodeSystem xmlns="http://hl7.org/fhir"><id value="wh-basic-resource-type"/><text><status value="generated"/><div xmlns="http://www.w3.org/1999/xhtml"><p>This code system <code>http://ibm.com/fhir/cdm/CodeSystem/wh-basic-resource-type</code> defines the following codes:</p><table class="codes"><tr><td style="white-space:nowrap"><b>Code</b></td><td><b>Display</b></td><td><b>Definition</b></td></tr><tr><td style="white-space:nowrap">patient-tokens<a name="wh-basic-resource-type-patient-tokens"> </a></td><td>Patient Tokens</td><td>A set of anonymous patient identifiers created by hashing Personally identifiable information (PII)</td></tr></table></div></text><url value="http://ibm.com/fhir/cdm/CodeSystem/wh-basic-resource-type"/><version value="7.0.0"/><name value="WhBasicResourceTypeCodeSystem"/><title value="Health Data Connect Basic Resource Type Codes"/><status value="active"/><date value="2022-09-08T16:11:15+00:00"/><publisher value="Alvearie Team"/><description value="Health Data Connect standard codes for the basic resource type"/><jurisdiction><coding><system value="urn:iso:std:iso:3166"/><code value="US"/></coding></jurisdiction><caseSensitive value="true"/><content value="complete"/><count value="1"/><concept><code value="patient-tokens"/><display value="Patient Tokens"/><definition value="A set of anonymous patient identifiers created by hashing Personally identifiable information (PII)"/></concept></CodeSystem>