<?xml version="1.0" encoding="UTF-8"?><CodeSystem xmlns="http://hl7.org/fhir"><id value="eng-opt-out-reason"/><text><status value="generated"/><div xmlns="http://www.w3.org/1999/xhtml"><p>This code system http://ibm.com/fhir/cdm/CodeSystem/eng-opt-out-reason defines the following codes:</p><table class="codes"><tr><td style="white-space:nowrap"><b>Code</b></td><td><b>Display</b></td></tr><tr><td style="white-space:nowrap">email-health-related<a name="eng-opt-out-reason-email-health-related"> </a></td><td>I don&#39;t want to receive health related information via email</td></tr><tr><td style="white-space:nowrap">email-address-change<a name="eng-opt-out-reason-email-address-change"> </a></td><td>I have changed my email address</td></tr><tr><td style="white-space:nowrap">sms-health-related<a name="eng-opt-out-reason-sms-health-related"> </a></td><td>I don&#39;t want to receive health related information via sms</td></tr><tr><td style="white-space:nowrap">unintended-recipient<a name="eng-opt-out-reason-unintended-recipient"> </a></td><td>I am not the intended recipient</td></tr><tr><td style="white-space:nowrap">unknown<a name="eng-opt-out-reason-unknown"> </a></td><td>Unknown reason</td></tr><tr><td style="white-space:nowrap">other<a name="eng-opt-out-reason-other"> </a></td><td>Other</td></tr></table></div></text><url value="http://ibm.com/fhir/cdm/CodeSystem/eng-opt-out-reason"/><version value="0.1.0"/><name value="EngagementOptOutReasonCodeSystem"/><title value="Engagement Opt-Out Reason Codes"/><status value="active"/><date value="2021-07-13T16:59:08+00:00"/><contact><name value="Kim Kenna"/><telecom><system value="email"/><value value="sloand@us.ibm.com"/></telecom></contact><contact><name value="Tom Eggebraaten"/><telecom><system value="email"/><value value="tegge@us.ibm.com"/></telecom></contact><description value="Codes indicating reasons patients may specify for opting-out of Engagement communications"/><content value="complete"/><count value="6"/><concept><code value="email-health-related"/><display value="I don&#39;t want to receive health related information via email"/></concept><concept><code value="email-address-change"/><display value="I have changed my email address"/></concept><concept><code value="sms-health-related"/><display value="I don&#39;t want to receive health related information via sms"/></concept><concept><code value="unintended-recipient"/><display value="I am not the intended recipient"/></concept><concept><code value="unknown"/><display value="Unknown reason"/></concept><concept><code value="other"/><display value="Other"/></concept></CodeSystem>