<?xml version="1.0" encoding="UTF-8"?><CodeSystem xmlns="http://hl7.org/fhir"><id value="encounter-class"/><text><status value="generated"/><div xmlns="http://www.w3.org/1999/xhtml"><p>This code system http://ibm.com/fhir/cdm/CodeSystem/encounter-class defines the following codes:</p><table class="codes"><tr><td style="white-space:nowrap"><b>Code</b></td><td><b>Display</b></td><td><b>Definition</b></td></tr><tr><td style="white-space:nowrap">UNKNOWN<a name="encounter-class-UNKNOWN"> </a></td><td>unknown</td><td>Class of the encounter is unknown or unspecified</td></tr><tr><td style="white-space:nowrap">OTHER<a name="encounter-class-OTHER"> </a></td><td>other</td><td>Class of the encounter does not fit other classifications</td></tr></table></div></text><url value="http://ibm.com/fhir/cdm/CodeSystem/encounter-class"/><version value="0.1.0"/><name value="EncounterClassCodeSystem"/><title value="Encounter Class Codes"/><status value="active"/><date value="2021-08-05T19:56:33+00:00"/><contact><name value="Kim Kenna"/><telecom><system value="email"/><value value="sloand@us.ibm.com"/></telecom></contact><contact><name value="Tom Eggebraaten"/><telecom><system value="email"/><value value="tegge@us.ibm.com"/></telecom></contact><description value="Extended class codes for encounters"/><content value="complete"/><count value="2"/><concept><code value="UNKNOWN"/><display value="unknown"/><definition value="Class of the encounter is unknown or unspecified"/></concept><concept><code value="OTHER"/><display value="other"/><definition value="Class of the encounter does not fit other classifications"/></concept></CodeSystem>