<?xml version="1.0" encoding="UTF-8"?><CodeSystem xmlns="http://hl7.org/fhir"><id value="eng-product"/><text><status value="generated"/><div xmlns="http://www.w3.org/1999/xhtml"><p>This code system http://ibm.com/fhir/cdm/CodeSystem/eng-product defines the following codes:</p><table class="codes"><tr><td style="white-space:nowrap"><b>Code</b></td><td><b>Display</b></td><td><b>Definition</b></td></tr><tr><td style="white-space:nowrap">campaign<a name="eng-product-campaign"> </a></td><td>Campaign</td><td>Custom campaigns configured by customers in IBM® Phytel Coordinate</td></tr><tr><td style="white-space:nowrap">coordinate<a name="eng-product-coordinate"> </a></td><td>Coordinate</td><td>Coordinate communications</td></tr><tr><td style="white-space:nowrap">ihe<a name="eng-product-ihe"> </a></td><td>IHE</td><td>IBM® Intelligent Health Engagement</td></tr><tr><td style="white-space:nowrap">outreach<a name="eng-product-outreach"> </a></td><td>Outreach</td><td>Automated outreach communications based on care gaps</td></tr><tr><td style="white-space:nowrap">remind<a name="eng-product-remind"> </a></td><td>Remind</td><td>Automated appointment reminders</td></tr></table></div></text><url value="http://ibm.com/fhir/cdm/CodeSystem/eng-product"/><version value="0.1.0"/><name value="EngagementProductCodeSystem"/><title value="Engagement Product Codes"/><status value="active"/><date value="2021-08-05T19:56:33+00:00"/><contact><name value="Kim Kenna"/><telecom><system value="email"/><value value="sloand@us.ibm.com"/></telecom></contact><contact><name value="Tom Eggebraaten"/><telecom><system value="email"/><value value="tegge@us.ibm.com"/></telecom></contact><description value="IBM Watson Health engagement products"/><content value="complete"/><count value="5"/><concept><code value="campaign"/><display value="Campaign"/><definition value="Custom campaigns configured by customers in IBM&#xAE; Phytel Coordinate"/></concept><concept><code value="coordinate"/><display value="Coordinate"/><definition value="Coordinate communications"/></concept><concept><code value="ihe"/><display value="IHE"/><definition value="IBM&#xAE; Intelligent Health Engagement"/></concept><concept><code value="outreach"/><display value="Outreach"/><definition value="Automated outreach communications based on care gaps"/></concept><concept><code value="remind"/><display value="Remind"/><definition value="Automated appointment reminders"/></concept></CodeSystem>