<?xml version="1.0" encoding="UTF-8"?><CodeSystem xmlns="http://hl7.org/fhir"><id value="wh-payer-ssi-status"/><text><status value="generated"/><div xmlns="http://www.w3.org/1999/xhtml"><p>This code system http://ibm.com/fhir/cdm/CodeSystem/wh-payer-ssi-status defines the following codes:</p><table class="codes"><tr><td style="white-space:nowrap"><b>Code</b></td><td><b>Display</b></td></tr><tr><td style="white-space:nowrap">000<a name="wh-payer-ssi-status-000"> </a></td><td>Not Applicable</td></tr><tr><td style="white-space:nowrap">001<a name="wh-payer-ssi-status-001"> </a></td><td>Supplemental Security Income (SSI)</td></tr><tr><td style="white-space:nowrap">002<a name="wh-payer-ssi-status-002"> </a></td><td>Supplemental Security Income (SSI) Eligible Spouse</td></tr><tr><td style="white-space:nowrap">003<a name="wh-payer-ssi-status-003"> </a></td><td>Supplemental Security Income (SSI) Pending</td></tr><tr><td style="white-space:nowrap">999<a name="wh-payer-ssi-status-999"> </a></td><td>Unknown</td></tr></table></div></text><url value="http://ibm.com/fhir/cdm/CodeSystem/wh-payer-ssi-status"/><version value="7.0.0"/><name value="WhPayerSsiStatusCodeSystem"/><title value="Health Data Connect SSI Status Codes"/><status value="active"/><date value="2022-09-07T17:59:32+00:00"/><publisher value="Alvearie Team"/><description value="Supplemental Security Income (SSI) status codes for the person"/><jurisdiction><coding><system value="urn:iso:std:iso:3166"/><code value="US"/></coding></jurisdiction><caseSensitive value="true"/><content value="complete"/><count value="5"/><concept><code value="000"/><display value="Not Applicable"/></concept><concept><code value="001"/><display value="Supplemental Security Income (SSI)"/></concept><concept><code value="002"/><display value="Supplemental Security Income (SSI) Eligible Spouse"/></concept><concept><code value="003"/><display value="Supplemental Security Income (SSI) Pending"/></concept><concept><code value="999"/><display value="Unknown"/></concept></CodeSystem>