<?xml version="1.0" encoding="UTF-8"?><CodeSystem xmlns="http://hl7.org/fhir"><id value="ms-drg-of-payment"/><text><status value="generated"/><div xmlns="http://www.w3.org/1999/xhtml"><p>This code system http://ibm.com/fhir/cdm/CodeSystem/ms-drg-of-payment defines the following codes:</p><table class="codes"><tr><td style="white-space:nowrap"><b>Code</b></td></tr></table></div></text><url value="http://ibm.com/fhir/cdm/CodeSystem/ms-drg-of-payment"/><version value="7.0.0"/><name value="MsDrgOfPaymentCodeSystem"/><title value="MS-Drg Of Payment Codes"/><status value="active"/><date value="2022-09-06T17:14:02+00:00"/><publisher value="Alvearie Team"/><description value="The Diagnosis Related Group (MS-DRG) code under which the claim was paid, as reported on the facility Claim"/><jurisdiction><coding><system value="urn:iso:std:iso:3166"/><code value="US"/></coding></jurisdiction><caseSensitive value="true"/><content value="complete"/></CodeSystem>