<?xml version="1.0" encoding="UTF-8"?><CodeSystem xmlns="http://hl7.org/fhir"><id value="ada-tooth"/><text><status value="generated"/><div xmlns="http://www.w3.org/1999/xhtml"><p>This code system http://ibm.com/fhir/cdm/CodeSystem/ada-tooth defines the following codes:</p><table class="codes"><tr><td style="white-space:nowrap"><b>Code</b></td><td><b>Display</b></td></tr><tr><td style="white-space:nowrap">1<a name="ada-tooth-1"> </a></td><td>Upper Right Third Molar (Wisdom Tooth)</td></tr><tr><td style="white-space:nowrap">10<a name="ada-tooth-10"> </a></td><td>Upper Left Lateral Incisor</td></tr><tr><td style="white-space:nowrap">11<a name="ada-tooth-11"> </a></td><td>Upper Left Canine (Cuspid)</td></tr><tr><td style="white-space:nowrap">12<a name="ada-tooth-12"> </a></td><td>Upper Left First Premolar (First Bicuspid)</td></tr><tr><td style="white-space:nowrap">13<a name="ada-tooth-13"> </a></td><td>Upper Left Second Premolar (Second Bicuspid)</td></tr><tr><td style="white-space:nowrap">14<a name="ada-tooth-14"> </a></td><td>Upper Left First Molar</td></tr><tr><td style="white-space:nowrap">15<a name="ada-tooth-15"> </a></td><td>Upper Left Second Molar</td></tr><tr><td style="white-space:nowrap">16<a name="ada-tooth-16"> </a></td><td>Upper Left Third Molar (Wisdom Tooth)</td></tr><tr><td style="white-space:nowrap">17<a name="ada-tooth-17"> </a></td><td>Lower Left Third Molar (Wisdom Tooth)</td></tr><tr><td style="white-space:nowrap">18<a name="ada-tooth-18"> </a></td><td>Lower Left Second Molar</td></tr><tr><td style="white-space:nowrap">19<a name="ada-tooth-19"> </a></td><td>Lower Left First Molar</td></tr><tr><td style="white-space:nowrap">2<a name="ada-tooth-2"> </a></td><td>Upper Right Second Molar</td></tr><tr><td style="white-space:nowrap">20<a name="ada-tooth-20"> </a></td><td>Lower Left Second Premolar (Second Bicuspid)</td></tr><tr><td style="white-space:nowrap">21<a name="ada-tooth-21"> </a></td><td>Lower Left First Premolar (First Bicuspid)</td></tr><tr><td style="white-space:nowrap">22<a name="ada-tooth-22"> </a></td><td>Lower Left Canine (Cuspid)</td></tr><tr><td style="white-space:nowrap">23<a name="ada-tooth-23"> </a></td><td>Lower Left Lateral Incisor</td></tr><tr><td style="white-space:nowrap">24<a name="ada-tooth-24"> </a></td><td>Lower Left Central Incisor</td></tr><tr><td style="white-space:nowrap">25<a name="ada-tooth-25"> </a></td><td>Lower Right Central Incisor</td></tr><tr><td style="white-space:nowrap">26<a name="ada-tooth-26"> </a></td><td>Lower Right Lateral Incisor</td></tr><tr><td style="white-space:nowrap">27<a name="ada-tooth-27"> </a></td><td>Lower Right Canine (Cuspid)</td></tr><tr><td style="white-space:nowrap">28<a name="ada-tooth-28"> </a></td><td>Lower Right First Premolar (First Bicuspid)</td></tr><tr><td style="white-space:nowrap">29<a name="ada-tooth-29"> </a></td><td>Lower Right Second Premolar (Second Bicuspid)</td></tr><tr><td style="white-space:nowrap">3<a name="ada-tooth-3"> </a></td><td>Upper Right First Molar</td></tr><tr><td style="white-space:nowrap">30<a name="ada-tooth-30"> </a></td><td>Lower Right First Molar</td></tr><tr><td style="white-space:nowrap">31<a name="ada-tooth-31"> </a></td><td>Lower Right Second Molar</td></tr><tr><td style="white-space:nowrap">32<a name="ada-tooth-32"> </a></td><td>Lower Right Third Molar (Wisdom Tooth)</td></tr><tr><td style="white-space:nowrap">4<a name="ada-tooth-4"> </a></td><td>Upper Right Second Premolar (Second Bicuspid)</td></tr><tr><td style="white-space:nowrap">5<a name="ada-tooth-5"> </a></td><td>Upper Right First Premolar (First Bicuspid)</td></tr><tr><td style="white-space:nowrap">6<a name="ada-tooth-6"> </a></td><td>Upper Right Canine (Cuspid)</td></tr><tr><td style="white-space:nowrap">7<a name="ada-tooth-7"> </a></td><td>Upper Right Lateral Incisor</td></tr><tr><td style="white-space:nowrap">8<a name="ada-tooth-8"> </a></td><td>Upper Right Central Incisor</td></tr><tr><td style="white-space:nowrap">9<a name="ada-tooth-9"> </a></td><td>Upper Left Central Incisor</td></tr><tr><td style="white-space:nowrap">A<a name="ada-tooth-A"> </a></td><td>Upper Right Second Primary Molar</td></tr><tr><td style="white-space:nowrap">B<a name="ada-tooth-B"> </a></td><td>Upper Right First Primary Molar</td></tr><tr><td style="white-space:nowrap">C<a name="ada-tooth-C"> </a></td><td>Upper Right Primary Canine (Cuspid)</td></tr><tr><td style="white-space:nowrap">D<a name="ada-tooth-D"> </a></td><td>Upper Right Primary Lateral Incisor</td></tr><tr><td style="white-space:nowrap">E<a name="ada-tooth-E"> </a></td><td>Upper Right Primary Central Incisor</td></tr><tr><td style="white-space:nowrap">F<a name="ada-tooth-F"> </a></td><td>Upper Left Primary Central Incisor</td></tr><tr><td style="white-space:nowrap">G<a name="ada-tooth-G"> </a></td><td>Upper Left Primary Lateral Incisor</td></tr><tr><td style="white-space:nowrap">H<a name="ada-tooth-H"> </a></td><td>Upper Left Primary Canine (Cuspid)</td></tr><tr><td style="white-space:nowrap">I<a name="ada-tooth-I"> </a></td><td>Upper Left First Primary Molar</td></tr><tr><td style="white-space:nowrap">J<a name="ada-tooth-J"> </a></td><td>Upper Left Second Primary Molar</td></tr><tr><td style="white-space:nowrap">K<a name="ada-tooth-K"> </a></td><td>Lower Left Second Primary Molar</td></tr><tr><td style="white-space:nowrap">L<a name="ada-tooth-L"> </a></td><td>Lower Left First Primary Molar</td></tr><tr><td style="white-space:nowrap">M<a name="ada-tooth-M"> </a></td><td>Lower Left Primary Canine (Cuspid)</td></tr><tr><td style="white-space:nowrap">N<a name="ada-tooth-N"> </a></td><td>Lower Left Primary Lateral Incisor</td></tr><tr><td style="white-space:nowrap">O<a name="ada-tooth-O"> </a></td><td>Lower Left Primary Central Incisor</td></tr><tr><td style="white-space:nowrap">P<a name="ada-tooth-P"> </a></td><td>Lower Right Primary Central Incisor</td></tr><tr><td style="white-space:nowrap">Q<a name="ada-tooth-Q"> </a></td><td>Lower Right Primary Lateral Incisor</td></tr><tr><td style="white-space:nowrap">R<a name="ada-tooth-R"> </a></td><td>Lower Right Primary Canine (Cuspid)</td></tr><tr><td style="white-space:nowrap">S<a name="ada-tooth-S"> </a></td><td>Lower Right First Primary Molar</td></tr><tr><td style="white-space:nowrap">T<a name="ada-tooth-T"> </a></td><td>Lower Right Second Primary Molar</td></tr></table></div></text><url value="http://ibm.com/fhir/cdm/CodeSystem/ada-tooth"/><version value="7.0.0"/><name value="ADAToothCodeSystem"/><title value="American Dental Association Tooth Numbering Code System"/><status value="active"/><date value="2022-09-07T20:41:11+00:00"/><publisher value="Alvearie Team"/><description value="Code system that defines a tooth"/><jurisdiction><coding><system value="urn:iso:std:iso:3166"/><code value="US"/></coding></jurisdiction><caseSensitive value="true"/><content value="complete"/><count value="52"/><concept><code value="1"/><display value="Upper Right Third Molar (Wisdom Tooth)"/></concept><concept><code value="10"/><display value="Upper Left Lateral Incisor"/></concept><concept><code value="11"/><display value="Upper Left Canine (Cuspid)"/></concept><concept><code value="12"/><display value="Upper Left First Premolar (First Bicuspid)"/></concept><concept><code value="13"/><display value="Upper Left Second Premolar (Second Bicuspid)"/></concept><concept><code value="14"/><display value="Upper Left First Molar"/></concept><concept><code value="15"/><display value="Upper Left Second Molar"/></concept><concept><code value="16"/><display value="Upper Left Third Molar (Wisdom Tooth)"/></concept><concept><code value="17"/><display value="Lower Left Third Molar (Wisdom Tooth)"/></concept><concept><code value="18"/><display value="Lower Left Second Molar"/></concept><concept><code value="19"/><display value="Lower Left First Molar"/></concept><concept><code value="2"/><display value="Upper Right Second Molar"/></concept><concept><code value="20"/><display value="Lower Left Second Premolar (Second Bicuspid)"/></concept><concept><code value="21"/><display value="Lower Left First Premolar (First Bicuspid)"/></concept><concept><code value="22"/><display value="Lower Left Canine (Cuspid)"/></concept><concept><code value="23"/><display value="Lower Left Lateral Incisor"/></concept><concept><code value="24"/><display value="Lower Left Central Incisor"/></concept><concept><code value="25"/><display value="Lower Right Central Incisor"/></concept><concept><code value="26"/><display value="Lower Right Lateral Incisor"/></concept><concept><code value="27"/><display value="Lower Right Canine (Cuspid)"/></concept><concept><code value="28"/><display value="Lower Right First Premolar (First Bicuspid)"/></concept><concept><code value="29"/><display value="Lower Right Second Premolar (Second Bicuspid)"/></concept><concept><code value="3"/><display value="Upper Right First Molar"/></concept><concept><code value="30"/><display value="Lower Right First Molar"/></concept><concept><code value="31"/><display value="Lower Right Second Molar"/></concept><concept><code value="32"/><display value="Lower Right Third Molar (Wisdom Tooth)"/></concept><concept><code value="4"/><display value="Upper Right Second Premolar (Second Bicuspid)"/></concept><concept><code value="5"/><display value="Upper Right First Premolar (First Bicuspid)"/></concept><concept><code value="6"/><display value="Upper Right Canine (Cuspid)"/></concept><concept><code value="7"/><display value="Upper Right Lateral Incisor"/></concept><concept><code value="8"/><display value="Upper Right Central Incisor"/></concept><concept><code value="9"/><display value="Upper Left Central Incisor"/></concept><concept><code value="A"/><display value="Upper Right Second Primary Molar"/></concept><concept><code value="B"/><display value="Upper Right First Primary Molar"/></concept><concept><code value="C"/><display value="Upper Right Primary Canine (Cuspid)"/></concept><concept><code value="D"/><display value="Upper Right Primary Lateral Incisor"/></concept><concept><code value="E"/><display value="Upper Right Primary Central Incisor"/></concept><concept><code value="F"/><display value="Upper Left Primary Central Incisor"/></concept><concept><code value="G"/><display value="Upper Left Primary Lateral Incisor"/></concept><concept><code value="H"/><display value="Upper Left Primary Canine (Cuspid)"/></concept><concept><code value="I"/><display value="Upper Left First Primary Molar"/></concept><concept><code value="J"/><display value="Upper Left Second Primary Molar"/></concept><concept><code value="K"/><display value="Lower Left Second Primary Molar"/></concept><concept><code value="L"/><display value="Lower Left First Primary Molar"/></concept><concept><code value="M"/><display value="Lower Left Primary Canine (Cuspid)"/></concept><concept><code value="N"/><display value="Lower Left Primary Lateral Incisor"/></concept><concept><code value="O"/><display value="Lower Left Primary Central Incisor"/></concept><concept><code value="P"/><display value="Lower Right Primary Central Incisor"/></concept><concept><code value="Q"/><display value="Lower Right Primary Lateral Incisor"/></concept><concept><code value="R"/><display value="Lower Right Primary Canine (Cuspid)"/></concept><concept><code value="S"/><display value="Lower Right First Primary Molar"/></concept><concept><code value="T"/><display value="Lower Right Second Primary Molar"/></concept></CodeSystem>