<?xml version="1.0" encoding="UTF-8"?><CodeSystem xmlns="http://hl7.org/fhir"><id value="wh-condition-course"/><text><status value="generated"/><div xmlns="http://www.w3.org/1999/xhtml"><p>This code system http://ibm.com/fhir/cdm/CodeSystem/wh-condition-course defines the following codes:</p><table class="codes"><tr><td style="white-space:nowrap"><b>Code</b></td><td><b>Display</b></td><td><b>Definition</b></td></tr><tr><td style="white-space:nowrap">288524001<a name="wh-condition-course-288524001"> </a></td><td>Courses</td><td>Courses</td></tr><tr><td style="white-space:nowrap">7087005<a name="wh-condition-course-7087005"> </a></td><td>Intermittent</td><td>Intermittent</td></tr><tr><td style="white-space:nowrap">13550009<a name="wh-condition-course-13550009"> </a></td><td>Chronic miliary</td><td>Chronic miliary</td></tr><tr><td style="white-space:nowrap">14803004<a name="wh-condition-course-14803004"> </a></td><td>Transitory</td><td>Transitory</td></tr><tr><td style="white-space:nowrap">18131002<a name="wh-condition-course-18131002"> </a></td><td>Acute fulminating</td><td>Acute fulminating</td></tr><tr><td style="white-space:nowrap">19939008<a name="wh-condition-course-19939008"> </a></td><td>Subacute</td><td>Subacute</td></tr><tr><td style="white-space:nowrap">21864008<a name="wh-condition-course-21864008"> </a></td><td>Seasonal</td><td>Seasonal</td></tr><tr><td style="white-space:nowrap">25649003<a name="wh-condition-course-25649003"> </a></td><td>Chronic migratory</td><td>Chronic migratory</td></tr><tr><td style="white-space:nowrap">26593000<a name="wh-condition-course-26593000"> </a></td><td>Paroxysmal</td><td>Paroxysmal</td></tr><tr><td style="white-space:nowrap">39196007<a name="wh-condition-course-39196007"> </a></td><td>Chronic aggressive</td><td>Chronic aggressive</td></tr><tr><td style="white-space:nowrap">44180009<a name="wh-condition-course-44180009"> </a></td><td>Cyclic</td><td>Cyclic</td></tr><tr><td style="white-space:nowrap">47501007<a name="wh-condition-course-47501007"> </a></td><td>Chronic active</td><td>Chronic active</td></tr><tr><td style="white-space:nowrap">50188003<a name="wh-condition-course-50188003"> </a></td><td>Chronic granulomatous</td><td>Chronic granulomatous</td></tr><tr><td style="white-space:nowrap">61751001<a name="wh-condition-course-61751001"> </a></td><td>Gradual onset</td><td>Gradual onset</td></tr><tr><td style="white-space:nowrap">62459000<a name="wh-condition-course-62459000"> </a></td><td>Chronic persistent</td><td>Chronic persistent</td></tr><tr><td style="white-space:nowrap">90734009<a name="wh-condition-course-90734009"> </a></td><td>Chronic</td><td>Chronic</td></tr><tr><td style="white-space:nowrap">255212004<a name="wh-condition-course-255212004"> </a></td><td>Acute-on-chronic</td><td>Acute-on-chronic</td></tr><tr><td style="white-space:nowrap">255227004<a name="wh-condition-course-255227004"> </a></td><td>Recurrent</td><td>Recurrent</td></tr><tr><td style="white-space:nowrap">255228009<a name="wh-condition-course-255228009"> </a></td><td>Recurrent acute</td><td>Recurrent acute</td></tr><tr><td style="white-space:nowrap">255299009<a name="wh-condition-course-255299009"> </a></td><td>Brittle course</td><td>Brittle course</td></tr><tr><td style="white-space:nowrap">255314001<a name="wh-condition-course-255314001"> </a></td><td>Progressive</td><td>Progressive</td></tr><tr><td style="white-space:nowrap">255318003<a name="wh-condition-course-255318003"> </a></td><td>Relapsing course</td><td>Relapsing course</td></tr><tr><td style="white-space:nowrap">255319006<a name="wh-condition-course-255319006"> </a></td><td>Remitting</td><td>Remitting</td></tr><tr><td style="white-space:nowrap">255341006<a name="wh-condition-course-255341006"> </a></td><td>Fluctuating</td><td>Fluctuating</td></tr><tr><td style="white-space:nowrap">263730007<a name="wh-condition-course-263730007"> </a></td><td>Continual</td><td>Continual</td></tr><tr><td style="white-space:nowrap">264498007<a name="wh-condition-course-264498007"> </a></td><td>Cyclical relapsing</td><td>Cyclical relapsing</td></tr><tr><td style="white-space:nowrap">278499009<a name="wh-condition-course-278499009"> </a></td><td>Episodic</td><td>Episodic</td></tr><tr><td style="white-space:nowrap">373933003<a name="wh-condition-course-373933003"> </a></td><td>Acute onset</td><td>Acute onset (qualifier value)</td></tr><tr><td style="white-space:nowrap">373935005<a name="wh-condition-course-373935005"> </a></td><td>Subacute onset</td><td>Subacute onset (qualifier value)</td></tr><tr><td style="white-space:nowrap">385315009<a name="wh-condition-course-385315009"> </a></td><td>Sudden onset</td><td>Sudden onset</td></tr><tr><td style="white-space:nowrap">424124008<a name="wh-condition-course-424124008"> </a></td><td>Sudden onset AND/OR short duration</td><td>Sudden onset AND/OR short duration (qualifier value)</td></tr><tr><td style="white-space:nowrap">424572001<a name="wh-condition-course-424572001"> </a></td><td>Clinical course with short duration</td><td>Clinical course with short duration (qualifier value)</td></tr><tr><td style="white-space:nowrap">425323003<a name="wh-condition-course-425323003"> </a></td><td>Sudden onset AND short duration</td><td>Sudden onset AND short duration (qualifier value)</td></tr><tr><td style="white-space:nowrap">702322003<a name="wh-condition-course-702322003"> </a></td><td>Non-progressive</td><td>Non-progressive</td></tr><tr><td style="white-space:nowrap">78880000<a name="wh-condition-course-78880000"> </a></td><td>Delayed onset</td><td>Delayed onset (qualifier value)</td></tr></table></div></text><url value="http://ibm.com/fhir/cdm/CodeSystem/wh-condition-course"/><version value="7.0.0"/><name value="WhConditionCourseCodeSystem"/><title value="Health Data Connect Condition Course Codes"/><status value="active"/><date value="2022-09-01T21:41:49+00:00"/><publisher value="Alvearie Team"/><description value="Health Data Connect codes for clinical course of a disease (how the disease behaves over time). These are part of SNOMED course parent concept (288524001)."/><jurisdiction><coding><system value="urn:iso:std:iso:3166"/><code value="US"/></coding></jurisdiction><caseSensitive value="true"/><content value="complete"/><count value="35"/><concept><code value="288524001"/><display value="Courses"/><definition value="Courses"/></concept><concept><code value="7087005"/><display value="Intermittent"/><definition value="Intermittent"/></concept><concept><code value="13550009"/><display value="Chronic miliary"/><definition value="Chronic miliary"/></concept><concept><code value="14803004"/><display value="Transitory"/><definition value="Transitory"/></concept><concept><code value="18131002"/><display value="Acute fulminating"/><definition value="Acute fulminating"/></concept><concept><code value="19939008"/><display value="Subacute"/><definition value="Subacute"/></concept><concept><code value="21864008"/><display value="Seasonal"/><definition value="Seasonal"/></concept><concept><code value="25649003"/><display value="Chronic migratory"/><definition value="Chronic migratory"/></concept><concept><code value="26593000"/><display value="Paroxysmal"/><definition value="Paroxysmal"/></concept><concept><code value="39196007"/><display value="Chronic aggressive"/><definition value="Chronic aggressive"/></concept><concept><code value="44180009"/><display value="Cyclic"/><definition value="Cyclic"/></concept><concept><code value="47501007"/><display value="Chronic active"/><definition value="Chronic active"/></concept><concept><code value="50188003"/><display value="Chronic granulomatous"/><definition value="Chronic granulomatous"/></concept><concept><code value="61751001"/><display value="Gradual onset"/><definition value="Gradual onset"/></concept><concept><code value="62459000"/><display value="Chronic persistent"/><definition value="Chronic persistent"/></concept><concept><code value="90734009"/><display value="Chronic"/><definition value="Chronic"/></concept><concept><code value="255212004"/><display value="Acute-on-chronic"/><definition value="Acute-on-chronic"/></concept><concept><code value="255227004"/><display value="Recurrent"/><definition value="Recurrent"/></concept><concept><code value="255228009"/><display value="Recurrent acute"/><definition value="Recurrent acute"/></concept><concept><code value="255299009"/><display value="Brittle course"/><definition value="Brittle course"/></concept><concept><code value="255314001"/><display value="Progressive"/><definition value="Progressive"/></concept><concept><code value="255318003"/><display value="Relapsing course"/><definition value="Relapsing course"/></concept><concept><code value="255319006"/><display value="Remitting"/><definition value="Remitting"/></concept><concept><code value="255341006"/><display value="Fluctuating"/><definition value="Fluctuating"/></concept><concept><code value="263730007"/><display value="Continual"/><definition value="Continual"/></concept><concept><code value="264498007"/><display value="Cyclical relapsing"/><definition value="Cyclical relapsing"/></concept><concept><code value="278499009"/><display value="Episodic"/><definition value="Episodic"/></concept><concept><code value="373933003"/><display value="Acute onset"/><definition value="Acute onset (qualifier value)"/></concept><concept><code value="373935005"/><display value="Subacute onset"/><definition value="Subacute onset (qualifier value)"/></concept><concept><code value="385315009"/><display value="Sudden onset"/><definition value="Sudden onset"/></concept><concept><code value="424124008"/><display value="Sudden onset AND/OR short duration"/><definition value="Sudden onset AND/OR short duration (qualifier value)"/></concept><concept><code value="424572001"/><display value="Clinical course with short duration"/><definition value="Clinical course with short duration (qualifier value)"/></concept><concept><code value="425323003"/><display value="Sudden onset AND short duration"/><definition value="Sudden onset AND short duration (qualifier value)"/></concept><concept><code value="702322003"/><display value="Non-progressive"/><definition value="Non-progressive"/></concept><concept><code value="78880000"/><display value="Delayed onset"/><definition value="Delayed onset (qualifier value)"/></concept></CodeSystem>