<?xml version="1.0" encoding="UTF-8"?><CodeSystem xmlns="http://hl7.org/fhir"><id value="legal-document-system"/><text><status value="generated"/><div xmlns="http://www.w3.org/1999/xhtml"><p>This code system http://ibm.com/fhir/cdm/CodeSystem/legal-document-system defines the following codes:</p><table class="codes"><tr><td style="white-space:nowrap"><b>Code</b></td><td><b>Display</b></td></tr><tr><td style="white-space:nowrap">us-gov<a name="legal-document-system-us-gov"> </a></td><td>U.S. Federal Goverment</td></tr><tr><td style="white-space:nowrap">us-al-gov<a name="legal-document-system-us-al-gov"> </a></td><td>Alabama State Government</td></tr><tr><td style="white-space:nowrap">us-ak-gov<a name="legal-document-system-us-ak-gov"> </a></td><td>Alaska State Government</td></tr><tr><td style="white-space:nowrap">us-az-gov<a name="legal-document-system-us-az-gov"> </a></td><td>Arizona State Government</td></tr><tr><td style="white-space:nowrap">us-ar-gov<a name="legal-document-system-us-ar-gov"> </a></td><td>Arkansas State Government</td></tr><tr><td style="white-space:nowrap">us-ca-gov<a name="legal-document-system-us-ca-gov"> </a></td><td>California State Government</td></tr><tr><td style="white-space:nowrap">us-co-gov<a name="legal-document-system-us-co-gov"> </a></td><td>Colorado State Government</td></tr><tr><td style="white-space:nowrap">us-ct-gov<a name="legal-document-system-us-ct-gov"> </a></td><td>Connecticut State Government</td></tr><tr><td style="white-space:nowrap">us-de-gov<a name="legal-document-system-us-de-gov"> </a></td><td>Deleware State Government</td></tr><tr><td style="white-space:nowrap">us-dc-gov<a name="legal-document-system-us-dc-gov"> </a></td><td>Distict Of Columbia</td></tr><tr><td style="white-space:nowrap">us-fl-gov<a name="legal-document-system-us-fl-gov"> </a></td><td>Florida State Government</td></tr><tr><td style="white-space:nowrap">us-ga-gov<a name="legal-document-system-us-ga-gov"> </a></td><td>Georgia State Government</td></tr><tr><td style="white-space:nowrap">us-hi-gov<a name="legal-document-system-us-hi-gov"> </a></td><td>Hawaii State Government</td></tr><tr><td style="white-space:nowrap">us-id-gov<a name="legal-document-system-us-id-gov"> </a></td><td>Idaho State Government</td></tr><tr><td style="white-space:nowrap">us-il-gov<a name="legal-document-system-us-il-gov"> </a></td><td>Illinois State Government</td></tr><tr><td style="white-space:nowrap">us-in-gov<a name="legal-document-system-us-in-gov"> </a></td><td>Indiana State Government</td></tr><tr><td style="white-space:nowrap">us-ia-gov<a name="legal-document-system-us-ia-gov"> </a></td><td>Iowa State Government</td></tr><tr><td style="white-space:nowrap">us-ks-gov<a name="legal-document-system-us-ks-gov"> </a></td><td>Kansas State Government</td></tr><tr><td style="white-space:nowrap">us-ky-gov<a name="legal-document-system-us-ky-gov"> </a></td><td>Kentucky State Government</td></tr><tr><td style="white-space:nowrap">us-la-gov<a name="legal-document-system-us-la-gov"> </a></td><td>Louisianna State Government</td></tr><tr><td style="white-space:nowrap">us-me-gov<a name="legal-document-system-us-me-gov"> </a></td><td>Maine State Government</td></tr><tr><td style="white-space:nowrap">us-md-gov<a name="legal-document-system-us-md-gov"> </a></td><td>Maryland State Government</td></tr><tr><td style="white-space:nowrap">us-ma-gov<a name="legal-document-system-us-ma-gov"> </a></td><td>Massachusetts State Government</td></tr><tr><td style="white-space:nowrap">us-mi-gov<a name="legal-document-system-us-mi-gov"> </a></td><td>Michigan State Government</td></tr><tr><td style="white-space:nowrap">us-mn-gov<a name="legal-document-system-us-mn-gov"> </a></td><td>Minnesota State Government</td></tr><tr><td style="white-space:nowrap">us-ms-gov<a name="legal-document-system-us-ms-gov"> </a></td><td>Mississippi State Government</td></tr><tr><td style="white-space:nowrap">us-mo-gov<a name="legal-document-system-us-mo-gov"> </a></td><td>Missouri State Government</td></tr><tr><td style="white-space:nowrap">us-mt-gov<a name="legal-document-system-us-mt-gov"> </a></td><td>Montana State Government</td></tr><tr><td style="white-space:nowrap">us-ne-gov<a name="legal-document-system-us-ne-gov"> </a></td><td>Nebraska State Government</td></tr><tr><td style="white-space:nowrap">us-nv-gov<a name="legal-document-system-us-nv-gov"> </a></td><td>Nevada State Government</td></tr><tr><td style="white-space:nowrap">us-nh-gov<a name="legal-document-system-us-nh-gov"> </a></td><td>New Hampshire State Government</td></tr><tr><td style="white-space:nowrap">us-nj-gov<a name="legal-document-system-us-nj-gov"> </a></td><td>New Jersey State Government</td></tr><tr><td style="white-space:nowrap">us-nm-gov<a name="legal-document-system-us-nm-gov"> </a></td><td>New Mexico State Government</td></tr><tr><td style="white-space:nowrap">us-ny-gov<a name="legal-document-system-us-ny-gov"> </a></td><td>New York State Government</td></tr><tr><td style="white-space:nowrap">us-nc-gov<a name="legal-document-system-us-nc-gov"> </a></td><td>North Carolina State Government</td></tr><tr><td style="white-space:nowrap">us-nd-gov<a name="legal-document-system-us-nd-gov"> </a></td><td>North Dakota State Government</td></tr><tr><td style="white-space:nowrap">us-ok-gov<a name="legal-document-system-us-ok-gov"> </a></td><td>Oklahoma State Government</td></tr><tr><td style="white-space:nowrap">us-or-gov<a name="legal-document-system-us-or-gov"> </a></td><td>Oregon State Government</td></tr><tr><td style="white-space:nowrap">us-pa-gov<a name="legal-document-system-us-pa-gov"> </a></td><td>Pennsylvania State Government</td></tr><tr><td style="white-space:nowrap">us-ri-gov<a name="legal-document-system-us-ri-gov"> </a></td><td>Rhode Island State Government</td></tr><tr><td style="white-space:nowrap">us-sc-gov<a name="legal-document-system-us-sc-gov"> </a></td><td>South Carolina State Government</td></tr><tr><td style="white-space:nowrap">us-tn-gov<a name="legal-document-system-us-tn-gov"> </a></td><td>Tennessee State Government</td></tr><tr><td style="white-space:nowrap">us-tx-gov<a name="legal-document-system-us-tx-gov"> </a></td><td>Texas State Government</td></tr><tr><td style="white-space:nowrap">us-ut-gov<a name="legal-document-system-us-ut-gov"> </a></td><td>Utah State Government</td></tr><tr><td style="white-space:nowrap">us-vt-gov<a name="legal-document-system-us-vt-gov"> </a></td><td>Vermont State Government</td></tr><tr><td style="white-space:nowrap">us-va-gov<a name="legal-document-system-us-va-gov"> </a></td><td>Virginia State Government</td></tr><tr><td style="white-space:nowrap">us-wa-gov<a name="legal-document-system-us-wa-gov"> </a></td><td>Washington State Government</td></tr><tr><td style="white-space:nowrap">us-wv-gov<a name="legal-document-system-us-wv-gov"> </a></td><td>West Virginia State Government</td></tr><tr><td style="white-space:nowrap">us-wi-gov<a name="legal-document-system-us-wi-gov"> </a></td><td>Wisconsin State Government</td></tr><tr><td style="white-space:nowrap">us-wy-gov<a name="legal-document-system-us-wy-gov"> </a></td><td>Wyoming State Government</td></tr><tr><td style="white-space:nowrap">us-other<a name="legal-document-system-us-other"> </a></td><td>Other</td></tr></table></div></text><url value="http://ibm.com/fhir/cdm/CodeSystem/legal-document-system"/><version value="0.1.0"/><name value="LegalDocumentSystemCodeSystem"/><title value="Legal Document System Codes"/><status value="active"/><date value="2021-08-05T17:26:16+00:00"/><contact><name value="Kim Kenna"/><telecom><system value="email"/><value value="sloand@us.ibm.com"/></telecom></contact><contact><name value="Tom Eggebraaten"/><telecom><system value="email"/><value value="tegge@us.ibm.com"/></telecom></contact><description value="Codes indicating the system of legal document used for identification"/><content value="complete"/><count value="51"/><concept><code value="us-gov"/><display value="U.S. Federal Goverment"/></concept><concept><code value="us-al-gov"/><display value="Alabama State Government"/></concept><concept><code value="us-ak-gov"/><display value="Alaska State Government"/></concept><concept><code value="us-az-gov"/><display value="Arizona State Government"/></concept><concept><code value="us-ar-gov"/><display value="Arkansas State Government"/></concept><concept><code value="us-ca-gov"/><display value="California State Government"/></concept><concept><code value="us-co-gov"/><display value="Colorado State Government"/></concept><concept><code value="us-ct-gov"/><display value="Connecticut State Government"/></concept><concept><code value="us-de-gov"/><display value="Deleware State Government"/></concept><concept><code value="us-dc-gov"/><display value="Distict Of Columbia"/></concept><concept><code value="us-fl-gov"/><display value="Florida State Government"/></concept><concept><code value="us-ga-gov"/><display value="Georgia State Government"/></concept><concept><code value="us-hi-gov"/><display value="Hawaii State Government"/></concept><concept><code value="us-id-gov"/><display value="Idaho State Government"/></concept><concept><code value="us-il-gov"/><display value="Illinois State Government"/></concept><concept><code value="us-in-gov"/><display value="Indiana State Government"/></concept><concept><code value="us-ia-gov"/><display value="Iowa State Government"/></concept><concept><code value="us-ks-gov"/><display value="Kansas State Government"/></concept><concept><code value="us-ky-gov"/><display value="Kentucky State Government"/></concept><concept><code value="us-la-gov"/><display value="Louisianna State Government"/></concept><concept><code value="us-me-gov"/><display value="Maine State Government"/></concept><concept><code value="us-md-gov"/><display value="Maryland State Government"/></concept><concept><code value="us-ma-gov"/><display value="Massachusetts State Government"/></concept><concept><code value="us-mi-gov"/><display value="Michigan State Government"/></concept><concept><code value="us-mn-gov"/><display value="Minnesota State Government"/></concept><concept><code value="us-ms-gov"/><display value="Mississippi State Government"/></concept><concept><code value="us-mo-gov"/><display value="Missouri State Government"/></concept><concept><code value="us-mt-gov"/><display value="Montana State Government"/></concept><concept><code value="us-ne-gov"/><display value="Nebraska State Government"/></concept><concept><code value="us-nv-gov"/><display value="Nevada State Government"/></concept><concept><code value="us-nh-gov"/><display value="New Hampshire State Government"/></concept><concept><code value="us-nj-gov"/><display value="New Jersey State Government"/></concept><concept><code value="us-nm-gov"/><display value="New Mexico State Government"/></concept><concept><code value="us-ny-gov"/><display value="New York State Government"/></concept><concept><code value="us-nc-gov"/><display value="North Carolina State Government"/></concept><concept><code value="us-nd-gov"/><display value="North Dakota State Government"/></concept><concept><code value="us-ok-gov"/><display value="Oklahoma State Government"/></concept><concept><code value="us-or-gov"/><display value="Oregon State Government"/></concept><concept><code value="us-pa-gov"/><display value="Pennsylvania State Government"/></concept><concept><code value="us-ri-gov"/><display value="Rhode Island State Government"/></concept><concept><code value="us-sc-gov"/><display value="South Carolina State Government"/></concept><concept><code value="us-tn-gov"/><display value="Tennessee State Government"/></concept><concept><code value="us-tx-gov"/><display value="Texas State Government"/></concept><concept><code value="us-ut-gov"/><display value="Utah State Government"/></concept><concept><code value="us-vt-gov"/><display value="Vermont State Government"/></concept><concept><code value="us-va-gov"/><display value="Virginia State Government"/></concept><concept><code value="us-wa-gov"/><display value="Washington State Government"/></concept><concept><code value="us-wv-gov"/><display value="West Virginia State Government"/></concept><concept><code value="us-wi-gov"/><display value="Wisconsin State Government"/></concept><concept><code value="us-wy-gov"/><display value="Wyoming State Government"/></concept><concept><code value="us-other"/><display value="Other"/></concept></CodeSystem>