<?xml version="1.0" encoding="UTF-8"?><ValueSet xmlns="http://hl7.org/fhir"><id value="wh-payer-indicators"/><text><status value="generated"/><div xmlns="http://www.w3.org/1999/xhtml"><ul><li>Include all codes defined in <a href="CodeSystem-wh-payer-indicators.html"><code>http://ibm.com/fhir/cdm/CodeSystem/wh-payer-indicators</code></a></li></ul></div></text><url value="http://ibm.com/fhir/cdm/ValueSet/wh-payer-indicators"/><version value="7.0.0"/><name value="WhPayerIndicatorsValueSet"/><title value="Health Data Connect Indicator Value Set"/><status value="active"/><date value="2022-09-01T20:48:10+00:00"/><publisher value="Alvearie Team"/><description value="Health Data Connect indicator type value set"/><jurisdiction><coding><system value="urn:iso:std:iso:3166"/><code value="US"/></coding></jurisdiction><compose><include><system value="http://ibm.com/fhir/cdm/CodeSystem/wh-payer-indicators"/></include></compose></ValueSet>