<?xml version="1.0" encoding="UTF-8"?><ValueSet xmlns="http://hl7.org/fhir"><id value="wh-practitioner-role-type"/><text><status value="generated"/><div xmlns="http://www.w3.org/1999/xhtml"><p>This value set includes codes based on the following rules:</p><ul><li>Include all codes defined in <a href="CodeSystem-wh-payer-provider-type.html"><code>http://ibm.com/fhir/cdm/CodeSystem/wh-payer-provider-type</code></a></li><li>Include all codes defined in <a href="http://terminology.hl7.org/3.1.0/CodeSystem-practitioner-role.html"><code>http://terminology.hl7.org/CodeSystem/practitioner-role</code></a></li></ul></div></text><url value="http://ibm.com/fhir/cdm/ValueSet/wh-practitioner-role-type"/><version value="7.0.0"/><name value="WhPractitionerRoleTypeValueSet"/><title value="WH Practitioner Role Type Value Set"/><status value="active"/><date value="2022-09-01T21:41:49+00:00"/><publisher value="Alvearie Team"/><description value="Health Data Connect standard values for practitioner role type"/><jurisdiction><coding><system value="urn:iso:std:iso:3166"/><code value="US"/></coding></jurisdiction><compose><include><system value="http://ibm.com/fhir/cdm/CodeSystem/wh-payer-provider-type"/></include><include><system value="http://terminology.hl7.org/CodeSystem/practitioner-role"/></include></compose></ValueSet>