<?xml version="1.0" encoding="UTF-8"?><ValueSet xmlns="http://hl7.org/fhir"><id value="ub04-admit-bill-type"/><text><status value="generated"/><div xmlns="http://www.w3.org/1999/xhtml"><ul><li>Include all codes defined in <a href="CodeSystem-ub04-admit-bill-type.html"><code>http://ibm.com/fhir/cdm/CodeSystem/ub04-admit-bill-type</code></a></li></ul></div></text><url value="http://ibm.com/fhir/cdm/ValueSet/ub04-admit-bill-type"/><version value="7.0.0"/><name value="Ub04AdmitBillTypeValueSet"/><title value="UB04 Admit Bill Type Value Set"/><status value="active"/><date value="2022-09-01T21:20:10+00:00"/><publisher value="Alvearie Team"/><description value="Value set for the UB04 admission billing type"/><jurisdiction><coding><system value="urn:iso:std:iso:3166"/><code value="US"/></coding></jurisdiction><compose><include><system value="http://ibm.com/fhir/cdm/CodeSystem/ub04-admit-bill-type"/></include></compose></ValueSet>