<?xml version="1.0" encoding="UTF-8"?><ValueSet xmlns="http://hl7.org/fhir"><id value="eng-product"/><text><status value="generated"/><div xmlns="http://www.w3.org/1999/xhtml"><ul><li>Include all codes defined in <a href="CodeSystem-eng-product.html"><code>http://ibm.com/fhir/cdm/CodeSystem/eng-product</code></a></li></ul></div></text><url value="http://ibm.com/fhir/cdm/ValueSet/eng-product"/><version value="7.0.0"/><name value="EngagementProductValueSet"/><title value="Engagement Product Value Set"/><status value="active"/><date value="2022-09-07T18:17:14+00:00"/><publisher value="Alvearie Team"/><description value="Health Data Connect engagement products"/><jurisdiction><coding><system value="urn:iso:std:iso:3166"/><code value="US"/></coding></jurisdiction><compose><include><system value="http://ibm.com/fhir/cdm/CodeSystem/eng-product"/></include></compose></ValueSet>