<?xml version="1.0" encoding="UTF-8"?><ValueSet xmlns="http://hl7.org/fhir"><id value="encounter-class"/><text><status value="generated"/><div xmlns="http://www.w3.org/1999/xhtml"><p>This value set includes codes based on the following rules:</p><ul><li>Include all codes defined in <a href="http://terminology.hl7.org/3.1.0/CodeSystem-v3-ActCode.html"><code>http://terminology.hl7.org/CodeSystem/v3-ActCode</code></a></li><li>Include all codes defined in <a href="CodeSystem-encounter-class.html"><code>http://ibm.com/fhir/cdm/CodeSystem/encounter-class</code></a></li></ul></div></text><url value="http://ibm.com/fhir/cdm/ValueSet/encounter-class"/><version value="6.1.1"/><name value="EncounterClassValueSet"/><title value="Encounter Class Value Set"/><status value="active"/><date value="2022-06-06T15:56:40+00:00"/><publisher value="Alvearie Team"/><description value="Extended class codes for encounters"/><jurisdiction><coding><system value="urn:iso:std:iso:3166"/><code value="US"/></coding></jurisdiction><compose><include><system value="http://terminology.hl7.org/CodeSystem/v3-ActCode"/></include><include><system value="http://ibm.com/fhir/cdm/CodeSystem/encounter-class"/></include></compose></ValueSet>