<?xml version="1.0" encoding="UTF-8"?><ValueSet xmlns="http://hl7.org/fhir"><id value="wh-payer-employee-status-code"/><text><status value="generated"/><div xmlns="http://www.w3.org/1999/xhtml"><ul><li>Include all codes defined in <a href="CodeSystem-wh-payer-employee-status-code.html"><code>http://ibm.com/fhir/cdm/CodeSystem/wh-payer-employee-status-code</code></a></li></ul></div></text><url value="http://ibm.com/fhir/cdm/ValueSet/wh-payer-employee-status-code"/><version value="0.1.1"/><name value="WHPayerEmployeeStatusValueSet"/><title value="Health Data Connect Employee Status Value Set"/><status value="active"/><date value="2021-07-27T16:04:15+00:00"/><contact><name value="Kim Kenna"/><telecom><system value="email"/><value value="sloand@us.ibm.com"/></telecom></contact><contact><name value="Tom Eggebraaten"/><telecom><system value="email"/><value value="tegge@us.ibm.com"/></telecom></contact><description value="IBM&#xAE; Health Data Connect standard employee status value set for claims"/><compose><include><system value="http://ibm.com/fhir/cdm/CodeSystem/wh-payer-employee-status-code"/></include></compose></ValueSet>