<?xml version="1.0" encoding="UTF-8"?><ValueSet xmlns="http://hl7.org/fhir"><id value="ndc-no-hyphens"/><text><status value="generated"/><div xmlns="http://www.w3.org/1999/xhtml"><ul><li>Include all codes defined in <a href="CodeSystem-ndc-no-hyphens.html"><code>http://ibm.com/fhir/cdm/CodeSystem/ndc-no-hyphens</code></a></li></ul></div></text><url value="http://ibm.com/fhir/cdm/ValueSet/ndc-no-hyphens"/><version value="7.0.0"/><name value="NdcNoHyphensValueSet"/><title value="NDC No Hyphens Value Set"/><status value="active"/><date value="2022-09-07T17:21:01+00:00"/><publisher value="Alvearie Team"/><description value="A common set of non-hyphenated National Drug Codes listed by the FDA (Food and Drug Administration). Non-hpyhenated codes are recieved for prescription drug claims.  Hyphenated NDC codes should also be included as an additional coding, when available."/><jurisdiction><coding><system value="urn:iso:std:iso:3166"/><code value="US"/></coding></jurisdiction><compose><include><system value="http://ibm.com/fhir/cdm/CodeSystem/ndc-no-hyphens"/></include></compose></ValueSet>