<?xml version="1.0" encoding="UTF-8"?><ValueSet xmlns="http://hl7.org/fhir"><id value="wh-payer-gender"/><text><status value="generated"/><div xmlns="http://www.w3.org/1999/xhtml"><ul><li>Include all codes defined in <a href="CodeSystem-wh-payer-gender.html"><code>http://ibm.com/fhir/cdm/CodeSystem/wh-payer-gender</code></a></li></ul></div></text><url value="http://ibm.com/fhir/cdm/ValueSet/wh-payer-gender"/><version value="7.0.0"/><name value="WhPayerGenderValueSet"/><title value="Health Data Connect Gender Value Set"/><status value="active"/><date value="2022-09-07T20:41:11+00:00"/><publisher value="Alvearie Team"/><description value="Health Data Connect gender value set"/><jurisdiction><coding><system value="urn:iso:std:iso:3166"/><code value="US"/></coding></jurisdiction><compose><include><system value="http://ibm.com/fhir/cdm/CodeSystem/wh-payer-gender"/></include></compose></ValueSet>