<?xml version="1.0" encoding="UTF-8"?><ValueSet xmlns="http://hl7.org/fhir"><id value="adjudication-category"/><text><status value="generated"/><div xmlns="http://www.w3.org/1999/xhtml"><ul><li>Include all codes defined in <a href="CodeSystem-adjudication-category.html"><code>http://ibm.com/fhir/cdm/CodeSystem/adjudication-category</code></a></li></ul></div></text><url value="http://ibm.com/fhir/cdm/ValueSet/adjudication-category"/><version value="7.0.0"/><name value="AdjudicationCategoryValueSet"/><title value="Adjudication Category Value Set"/><status value="active"/><date value="2022-09-07T20:17:32+00:00"/><publisher value="Alvearie Team"/><description value="Adjudication category value set for claims"/><jurisdiction><coding><system value="urn:iso:std:iso:3166"/><code value="US"/></coding></jurisdiction><compose><include><system value="http://ibm.com/fhir/cdm/CodeSystem/adjudication-category"/></include></compose></ValueSet>