<?xml version="1.0" encoding="UTF-8"?><ValueSet xmlns="http://hl7.org/fhir"><id value="wh-payer-tanf-benefit"/><text><status value="generated"/><div xmlns="http://www.w3.org/1999/xhtml"><ul><li>Include all codes defined in <a href="CodeSystem-wh-payer-tanf-benefit.html"><code>http://ibm.com/fhir/cdm/CodeSystem/wh-payer-tanf-benefit</code></a></li></ul></div></text><url value="http://ibm.com/fhir/cdm/ValueSet/wh-payer-tanf-benefit"/><version value="7.0.0"/><name value="WhPayerTanfBenefitValueSet"/><title value="Health Data Connect TANF Benefit Value Set"/><status value="active"/><date value="2022-09-07T20:41:11+00:00"/><publisher value="Alvearie Team"/><description value="Temporary Assistance for Needy Families (TANF) benefit value set for the person"/><jurisdiction><coding><system value="urn:iso:std:iso:3166"/><code value="US"/></coding></jurisdiction><compose><include><system value="http://ibm.com/fhir/cdm/CodeSystem/wh-payer-tanf-benefit"/></include></compose></ValueSet>