<?xml version="1.0" encoding="UTF-8"?><ValueSet xmlns="http://hl7.org/fhir"><id value="match-method"/><text><status value="generated"/><div xmlns="http://www.w3.org/1999/xhtml"><ul><li>Include all codes defined in <a href="CodeSystem-match-method.html"><code>http://ibm.com/fhir/cdm/CodeSystem/match-method</code></a></li></ul></div></text><url value="http://ibm.com/fhir/cdm/ValueSet/match-method"/><version value="6.1.0"/><name value="MatchMethodValueSet"/><title value="Match Method Value Set"/><status value="active"/><date value="2022-05-31T20:10:14+00:00"/><publisher value="Alvearie Team"/><description value="Codes indicating methods used to identify matched entities"/><jurisdiction><coding><system value="urn:iso:std:iso:3166"/><code value="US"/></coding></jurisdiction><compose><include><system value="http://ibm.com/fhir/cdm/CodeSystem/match-method"/></include></compose></ValueSet>