<?xml version="1.0" encoding="UTF-8"?><ValueSet xmlns="http://hl7.org/fhir"><id value="hipaa-employee-status"/><text><status value="generated"/><div xmlns="http://www.w3.org/1999/xhtml"><ul><li>Include all codes defined in <a href="CodeSystem-hipaa-employee-status.html"><code>http://linuxforhealth.org/fhir/cdm/CodeSystem/hipaa-employee-status</code></a></li></ul></div></text><url value="http://linuxforhealth.org/fhir/cdm/ValueSet/hipaa-employee-status"/><version value="8.0.0"/><name value="HipaaEmployeeStatusValueSet"/><title value="HIPAA Employee Status Value Set"/><status value="active"/><date value="2022-11-10T16:00:46+00:00"/><publisher value="LinuxForHealth Team"/><description value="HIPAA standard value set for the employee status"/><jurisdiction><coding><system value="urn:iso:std:iso:3166"/><code value="US"/></coding></jurisdiction><compose><include><system value="http://linuxforhealth.org/fhir/cdm/CodeSystem/hipaa-employee-status"/></include></compose></ValueSet>