<?xml version="1.0" encoding="UTF-8"?><ValueSet xmlns="http://hl7.org/fhir"><id value="hipaa-relationship"/><text><status value="generated"/><div xmlns="http://www.w3.org/1999/xhtml"><ul><li>Include all codes defined in <a href="CodeSystem-hipaa-relationship.html"><code>http://ibm.com/fhir/cdm/CodeSystem/hipaa-relationship</code></a></li></ul></div></text><url value="http://ibm.com/fhir/cdm/ValueSet/hipaa-relationship"/><version value="6.0.0"/><name value="HipaaRelationshipValueSet"/><title value="HIPAA Relationship Value Set"/><status value="active"/><date value="2022-01-21T20:46:54+00:00"/><publisher value="Alvearie Team"/><description value="HIPAA standard value set for the relationship of the member to the contract holder"/><jurisdiction><coding><system value="urn:iso:std:iso:3166"/><code value="US"/></coding></jurisdiction><compose><include><system value="http://ibm.com/fhir/cdm/CodeSystem/hipaa-relationship"/></include></compose></ValueSet>