<?xml version="1.0" encoding="UTF-8"?><ValueSet xmlns="http://hl7.org/fhir"><id value="source-classification-values"/><text><status value="generated"/><div xmlns="http://www.w3.org/1999/xhtml"><ul><li>Include all codes defined in <a href="CodeSystem-process-meta-source-classification.html"><code>http://ibm.com/fhir/cdm/CodeSystem/process-meta-source-classification</code></a></li></ul></div></text><url value="http://ibm.com/fhir/cdm/ValueSet/source-classification-values"/><version value="7.0.0"/><name value="SourceClassificationValueSet"/><title value="Source Classification Value Set"/><status value="active"/><date value="2022-09-01T22:10:22+00:00"/><publisher value="Alvearie Team"/><description value="Value set for classifying data origin"/><jurisdiction><coding><system value="urn:iso:std:iso:3166"/><code value="US"/></coding></jurisdiction><compose><include><system value="http://ibm.com/fhir/cdm/CodeSystem/process-meta-source-classification"/></include></compose></ValueSet>