<?xml version="1.0" encoding="UTF-8"?><ValueSet xmlns="http://hl7.org/fhir"><id value="quality-measure-population-type"/><text><status value="extensions"/><div xmlns="http://www.w3.org/1999/xhtml"><p>This value set includes codes based on the following rules:</p><ul><li>Include all codes defined in <a href="http://terminology.hl7.org/3.1.0/CodeSystem-measure-population.html"><code>http://terminology.hl7.org/CodeSystem/measure-population</code></a></li><li>Include all codes defined in <a href="CodeSystem-measure-population-type.html"><code>http://ibm.com/fhir/cdm/CodeSystem/measure-population-type</code></a></li></ul><p>This value set excludes codes based on the following rules:</p><ul><li>Exclude these codes as defined in <a href="http://terminology.hl7.org/3.1.0/CodeSystem-measure-population.html"><code>http://terminology.hl7.org/CodeSystem/measure-population</code></a><table class="none"><tr><td style="white-space:nowrap"><b>Code</b></td><td><b>Display</b></td><td><b>Definition</b></td></tr><tr><td><a href="http://terminology.hl7.org/3.1.0/CodeSystem-measure-population.html#measure-population-measure-population">measure-population</a></td><td>Measure Population</td><td>Measure population criteria define the patients, subjects, or events for which the individual observation for the measure should be taken. Measure populations are used for continuous variable measures rather than numerator and denominator criteria.</td></tr><tr><td><a href="http://terminology.hl7.org/3.1.0/CodeSystem-measure-population.html#measure-population-measure-population-exclusion">measure-population-exclusion</a></td><td>Measure Population Exclusion</td><td>Measure population exclusion criteria define the patients or events that should be excluded from the measure population before determining the outcome of one or more continuous variables defined for the measure observation. Measure population exclusion criteria are used within continuous variable measures to help narrow the measure population.</td></tr><tr><td><a href="http://terminology.hl7.org/3.1.0/CodeSystem-measure-population.html#measure-population-measure-observation">measure-observation</a></td><td>Measure Observation</td><td>Measure observation criteria are used to define an individual observation to be performed for each patient, subject, or event in the measure population. Measure observations for each case in the population are aggregated to determine the overall measure score for the population.</td></tr></table></li></ul></div></text><url value="http://ibm.com/fhir/cdm/ValueSet/quality-measure-population-type"/><version value="7.0.0"/><name value="QualityMeasurePopulationTypeValueSet"/><title value="Quality Measure Population Type Value Set"/><status value="active"/><date value="2022-09-07T15:39:45+00:00"/><publisher value="Alvearie Team"/><description value="Health Data Connect measure population types for qualiity measures"/><jurisdiction><coding><system value="urn:iso:std:iso:3166"/><code value="US"/></coding></jurisdiction><compose><include><system value="http://terminology.hl7.org/CodeSystem/measure-population"/></include><include><system value="http://ibm.com/fhir/cdm/CodeSystem/measure-population-type"/></include><exclude><system value="http://terminology.hl7.org/CodeSystem/measure-population"/><concept><code value="measure-population"/></concept><concept><code value="measure-population-exclusion"/></concept><concept><code value="measure-observation"/></concept></exclude></compose></ValueSet>