<?xml version="1.0" encoding="UTF-8"?><ValueSet xmlns="http://hl7.org/fhir"><id value="attribution-source"/><text><status value="generated"/><div xmlns="http://www.w3.org/1999/xhtml"><ul><li>Include all codes defined in <a href="CodeSystem-attribution-source.html"><code>http://ibm.com/fhir/cdm/CodeSystem/attribution-source</code></a></li></ul></div></text><url value="http://ibm.com/fhir/cdm/ValueSet/attribution-source"/><version value="7.0.0"/><name value="AttributionSourceValueSet"/><title value="Attribution Source Value Set"/><status value="active"/><date value="2022-09-07T20:41:11+00:00"/><publisher value="Alvearie Team"/><description value="Sources of attribution used to associate a patient to a practitioner"/><jurisdiction><coding><system value="urn:iso:std:iso:3166"/><code value="US"/></coding></jurisdiction><compose><include><system value="http://ibm.com/fhir/cdm/CodeSystem/attribution-source"/></include></compose></ValueSet>