<?xml version="1.0" encoding="UTF-8"?><ValueSet xmlns="http://hl7.org/fhir"><id value="eng-communication-mode"/><text><status value="generated"/><div xmlns="http://www.w3.org/1999/xhtml"><ul><li>Include all codes defined in <a href="CodeSystem-eng-communication-mode.html"><code>http://ibm.com/fhir/cdm/CodeSystem/eng-communication-mode</code></a></li></ul></div></text><url value="http://ibm.com/fhir/cdm/ValueSet/eng-communication-mode"/><version value="0.1.0"/><name value="EngagementCommunicationModeValueSet"/><title value="Engagement Communication Mode Value Set"/><status value="active"/><date value="2021-08-05T17:26:16+00:00"/><contact><name value="Kim Kenna"/><telecom><system value="email"/><value value="sloand@us.ibm.com"/></telecom></contact><contact><name value="Tom Eggebraaten"/><telecom><system value="email"/><value value="tegge@us.ibm.com"/></telecom></contact><description value="Communication modes supported for Engagement communication"/><compose><include><system value="http://ibm.com/fhir/cdm/CodeSystem/eng-communication-mode"/></include></compose></ValueSet>