<?xml version="1.0" encoding="UTF-8"?><ValueSet xmlns="http://hl7.org/fhir"><id value="insurance-plan-benefit-type"/><text><status value="generated"/><div xmlns="http://www.w3.org/1999/xhtml"><ul><li>Include all codes defined in <a href="CodeSystem-insurance-plan-benefit-type.html"><code>http://ibm.com/fhir/cdm/CodeSystem/insurance-plan-benefit-type</code></a></li></ul></div></text><url value="http://ibm.com/fhir/cdm/ValueSet/insurance-plan-benefit-type"/><version value="7.0.0"/><name value="InsurancePlanBenefitTypeValueSet"/><title value="Insurance Plan Benefit Type Value Set"/><status value="active"/><date value="2022-09-07T17:59:32+00:00"/><publisher value="Alvearie Team"/><description value="The value set that indicates the specific types of costs (admin fees, premiums, etc.) that may be tied to a member based on their Insurance plan cost category"/><jurisdiction><coding><system value="urn:iso:std:iso:3166"/><code value="US"/></coding></jurisdiction><compose><include><system value="http://ibm.com/fhir/cdm/CodeSystem/insurance-plan-benefit-type"/></include></compose></ValueSet>