<?xml version="1.0" encoding="UTF-8"?><ValueSet xmlns="http://hl7.org/fhir"><id value="medication-knowledge-cost-type"/><text><status value="generated"/><div xmlns="http://www.w3.org/1999/xhtml"><ul><li>Include all codes defined in <a href="CodeSystem-medication-knowledge-cost-type.html"><code>http://ibm.com/fhir/cdm/CodeSystem/medication-knowledge-cost-type</code></a></li></ul></div></text><url value="http://ibm.com/fhir/cdm/ValueSet/medication-knowledge-cost-type"/><version value="6.1.1"/><name value="WhPayerMedicationKnowledgeCostTypValueSet"/><title value="Health Data Connect Medication Knowledge Cost Type Value Set"/><status value="active"/><date value="2022-06-06T15:56:40+00:00"/><publisher value="Alvearie Team"/><description value="Health Data Connect medication knowledge cost type value set"/><jurisdiction><coding><system value="urn:iso:std:iso:3166"/><code value="US"/></coding></jurisdiction><compose><include><system value="http://ibm.com/fhir/cdm/CodeSystem/medication-knowledge-cost-type"/></include></compose></ValueSet>