<?xml version="1.0" encoding="UTF-8"?><ValueSet xmlns="http://hl7.org/fhir"><id value="age-group"/><text><status value="generated"/><div xmlns="http://www.w3.org/1999/xhtml"><ul><li>Include all codes defined in <a href="CodeSystem-age-group.html"><code>http://ibm.com/fhir/cdm/CodeSystem/age-group</code></a></li></ul></div></text><url value="http://ibm.com/fhir/cdm/ValueSet/age-group"/><version value="7.0.0"/><name value="AgeGroupValueSet"/><title value="Age Group Value Set"/><status value="active"/><date value="2022-09-01T22:10:22+00:00"/><publisher value="Alvearie Team"/><description value="Age group value set for claims."/><jurisdiction><coding><system value="urn:iso:std:iso:3166"/><code value="US"/></coding></jurisdiction><compose><include><system value="http://ibm.com/fhir/cdm/CodeSystem/age-group"/></include></compose></ValueSet>