<?xml version="1.0" encoding="UTF-8"?><ValueSet xmlns="http://hl7.org/fhir"><id value="wh-payer-claim-adjustment-type"/><text><status value="generated"/><div xmlns="http://www.w3.org/1999/xhtml"><ul><li>Include all codes defined in <a href="CodeSystem-wh-payer-claim-adjustment-type.html"><code>http://ibm.com/fhir/cdm/CodeSystem/wh-payer-claim-adjustment-type</code></a></li></ul></div></text><url value="http://ibm.com/fhir/cdm/ValueSet/wh-payer-claim-adjustment-type"/><version value="0.1.0"/><name value="WhPayerClaimAdjustmentTypeValueSet"/><title value="Health Data Connect Claim Adjustment Type Value Set"/><status value="active"/><date value="2021-08-05T17:26:16+00:00"/><contact><name value="Kim Kenna"/><telecom><system value="email"/><value value="sloand@us.ibm.com"/></telecom></contact><contact><name value="Tom Eggebraaten"/><telecom><system value="email"/><value value="tegge@us.ibm.com"/></telecom></contact><description value="IBM&#xAE; Health Data Connect standard value set for the type of adjustment for the claim"/><compose><include><system value="http://ibm.com/fhir/cdm/CodeSystem/wh-payer-claim-adjustment-type"/></include></compose></ValueSet>