<?xml version="1.0" encoding="UTF-8"?><ValueSet xmlns="http://hl7.org/fhir"><id value="ada-tooth-quadrant"/><text><status value="generated"/><div xmlns="http://www.w3.org/1999/xhtml"><ul><li>Include all codes defined in <a href="CodeSystem-ada-tooth-quadrant.html"><code>http://ibm.com/fhir/cdm/CodeSystem/ada-tooth-quadrant</code></a></li></ul></div></text><url value="http://ibm.com/fhir/cdm/ValueSet/ada-tooth-quadrant"/><version value="7.0.0"/><name value="ADAToothQuadrantValueSet"/><title value="American Dental Association Tooth Quadrant Value Set"/><status value="active"/><date value="2022-09-01T20:48:10+00:00"/><publisher value="Alvearie Team"/><description value="Value set that defines a tooth quadrant"/><jurisdiction><coding><system value="urn:iso:std:iso:3166"/><code value="US"/></coding></jurisdiction><compose><include><system value="http://ibm.com/fhir/cdm/CodeSystem/ada-tooth-quadrant"/></include></compose></ValueSet>