<?xml version="1.0" encoding="UTF-8"?><ValueSet xmlns="http://hl7.org/fhir"><id value="eng-opt-out-reason"/><text><status value="generated"/><div xmlns="http://www.w3.org/1999/xhtml"><ul><li>Include all codes defined in <a href="CodeSystem-eng-opt-out-reason.html"><code>http://ibm.com/fhir/cdm/CodeSystem/eng-opt-out-reason</code></a></li></ul></div></text><url value="http://ibm.com/fhir/cdm/ValueSet/eng-opt-out-reason"/><version value="7.0.0"/><name value="EngagementOptOutReasonValueSet"/><title value="Engagement Opt-Out Reason Value Set"/><status value="active"/><date value="2022-09-07T18:58:38+00:00"/><publisher value="Alvearie Team"/><description value="Codes indicating reasons patients may specify for opting-out of Engagement communications"/><jurisdiction><coding><system value="urn:iso:std:iso:3166"/><code value="US"/></coding></jurisdiction><compose><include><system value="http://ibm.com/fhir/cdm/CodeSystem/eng-opt-out-reason"/></include></compose></ValueSet>