<?xml version="1.0" encoding="UTF-8"?><ValueSet xmlns="http://hl7.org/fhir"><id value="insured-category"/><text><status value="generated"/><div xmlns="http://www.w3.org/1999/xhtml"><ul><li>Include all codes defined in <a href="CodeSystem-insured-category.html"><code>http://linuxforhealth.org/fhir/cdm/CodeSystem/insured-category</code></a></li></ul></div></text><url value="http://linuxforhealth.org/fhir/cdm/ValueSet/insured-category"/><version value="8.0.0"/><name value="InsuredCategoryValueSet"/><title value="Insured Category Value Set"/><status value="active"/><date value="2022-11-10T16:00:46+00:00"/><publisher value="LinuxForHealth Team"/><description value="Value set that defines a category of insurance"/><jurisdiction><coding><system value="urn:iso:std:iso:3166"/><code value="US"/></coding></jurisdiction><compose><include><system value="http://linuxforhealth.org/fhir/cdm/CodeSystem/insured-category"/></include></compose></ValueSet>