<?xml version="1.0" encoding="UTF-8"?><ValueSet xmlns="http://hl7.org/fhir"><id value="citizenship"/><text><status value="generated"/><div xmlns="http://www.w3.org/1999/xhtml"><p>This value set includes codes based on the following rules:</p><ul><li>Import all the codes that are contained in <a href="http://hl7.org/fhir/R4/valueset-iso3166-1-2.html">http://hl7.org/fhir/ValueSet/iso3166-1-2</a></li><li>Import all the codes that are contained in <a href="http://hl7.org/fhir/R4/valueset-iso3166-1-3.html">http://hl7.org/fhir/ValueSet/iso3166-1-3</a></li><li>Import all the codes that are contained in <a href="null">http://hl7.org/fhir/ValueSet/iso3166-1-N</a></li></ul></div></text><url value="http://ibm.com/fhir/cdm/ValueSet/citizenship"/><version value="6.1.0"/><name value="CitizenshipValueSet"/><title value="Citizenship Value Set"/><status value="active"/><date value="2022-05-31T20:10:14+00:00"/><publisher value="Alvearie Team"/><description value="Citizenship status codes"/><jurisdiction><coding><system value="urn:iso:std:iso:3166"/><code value="US"/></coding></jurisdiction><compose><include><valueSet value="http://hl7.org/fhir/ValueSet/iso3166-1-2"/></include><include><valueSet value="http://hl7.org/fhir/ValueSet/iso3166-1-3"/></include><include><valueSet value="http://hl7.org/fhir/ValueSet/iso3166-1-N"/></include></compose></ValueSet>