<?xml version="1.0" encoding="UTF-8"?>

<ValueSet xmlns="http://hl7.org/fhir">
  <id value="insurance-plan-type"/>
  <text>
    <status value="generated"/><div xmlns="http://www.w3.org/1999/xhtml"><p>This value set includes codes based on the following rules:</p><ul><li>Include all codes defined in <a href="https://terminology.hl7.org/1.0.0//CodeSystem-insurance-plan-type.html"><code>http://terminology.hl7.org/CodeSystem/insurance-plan-type</code></a></li><li>Include all codes defined in <a href="CodeSystem-insurance-plan-type.html"><code>http://ibm.com/fhir/cdm/CodeSystem/insurance-plan-type</code></a></li></ul></div>
  </text>
  <url value="http://ibm.com/fhir/cdm/ValueSet/insurance-plan-type"/>
  <version value="0.1.0"/>
  <name value="InsurancePlanTypeValueSet"/>
  <title value="Insurance Plan Type Value Set"/>
  <status value="active"/>
  <date value="2021-06-15T15:17:59-05:00"/>
  <contact>
    <name value="Kim Kenna"/>
    <telecom>
      <system value="email"/>
      <value value="sloand@us.ibm.com"/>
    </telecom>
  </contact>
  <contact>
    <name value="Tom Eggebraaten"/>
    <telecom>
      <system value="email"/>
      <value value="tegge@us.ibm.com"/>
    </telecom>
  </contact>
  <description value="The value set that indicates the specific benefit categories a member may have (medical, dental, vision, etc) based on benefit election."/>
  <compose>
    <include>
      <system value="http://terminology.hl7.org/CodeSystem/insurance-plan-type"/>
    </include>
    <include>
      <system value="http://ibm.com/fhir/cdm/CodeSystem/insurance-plan-type"/>
    </include>
  </compose>
</ValueSet>