"Path","Slice Name","Alias(s)","Label","Min","Max","Must Support?","Is Modifier?","Is Summary?","Type(s)","Short","Definition","Comments","Requirements","Default Value","Meaning When Missing","Fixed Value","Pattern","Example","Minimum Value","Maximum Value","Maximum Length","Binding Strength","Binding Description","Binding Value Set","Code","Slicing Discriminator","Slicing Description","Slicing Ordered","Slicing Rules","Base Path","Base Min","Base Max","Condition(s)","Constraint(s)","Mapping: HL7 v2 Mapping","Mapping: RIM Mapping","Mapping: ServD"
"ContactPoint","","","",0,*,"","","","","Details of a Technology mediated contact point (phone, fax, email, etc.)","Details for all kinds of technology mediated contact points for a person or organization, including telephone, email, etc.","","","","","","","","","",,,,,"",,,,"ContactPoint",0,*,"ele-1
","cpt-2:A system is required if a value is provided. {value.empty() or system.exists()}
ele-1:All FHIR elements must have a @value or children {hasValue() or (children().count() > id.count())}","XTN","n/a","TEL","ContactPoint"
"ContactPoint.id","","","",0,1,"","","","string {[]} {[]}
","Unique id for inter-element referencing","Unique id for the element within a resource (for internal references). This may be any string value that does not contain spaces.","","","","","","","","","",,,,,"",,,,"Element.id",0,1,"","","n/a"
"ContactPoint.extension","","extensions
user content","",0,*,"","","","Extension {[]} {[]}
","Additional content defined by implementations","May be used to represent additional information that is not part of the basic definition of the element. To make the use of extensions safe and manageable, there is a strict set of governance  applied to the definition and use of extensions. Though any implementer can define an extension, there is a set of requirements that SHALL be met as part of the definition of the extension.","There can be no stigma associated with the use of extensions by any application, project, or standard - regardless of the institution or jurisdiction that uses or defines the extensions.  The use of extensions is what allows the FHIR specification to retain a core level of simplicity for everyone.","","","","","","","","",,,,,"","value:url}
","Extensions are always sliced by (at least) url",,"open","Element.extension",0,*,"","ele-1:All FHIR elements must have a @value or children {hasValue() or (children().count() > id.count())}
ext-1:Must have either extensions or value[x], not both {extension.exists() != value.exists()}","n/a"
"ContactPoint.extension","contactPointCountry","","",0,1,"","","","Extension {[CanonicalType[http://hl7.org/fhir/StructureDefinition/contactpoint-country]]} {[]}
","The country code as defined by the ITU. This extension is used when a system wishes to designate specific parts of a phone number.","The country code as defined by the ITU. This extension is used when a system wishes to designate specific parts of a phone number.","The ContactPoint.value element SHOULD still be populated even if the extension is present.","","","","","","","","",,,,,"",,,,"Element.extension",0,*,"","ele-1:All FHIR elements must have a @value or children {hasValue() or (children().count() > id.count())}
ext-1:Must have either extensions or value[x], not both {extension.exists() != value.exists()}","N/A","n/a"
"ContactPoint.extension","contactPointExt","","",0,1,"","","","Extension {[CanonicalType[http://hl7.org/fhir/StructureDefinition/contactpoint-extension]]} {[]}
","The number that may be dialed within a private phone network or after successfully connecting to a private phone network","The number that may be dialed within a private phone network or after successfully connecting to a private phone network","The ContactPoint.value element SHOULD still be populated even if the extension is present.","","","","","","","","",,,,,"",,,,"Element.extension",0,*,"","ele-1:All FHIR elements must have a @value or children {hasValue() or (children().count() > id.count())}
ext-1:Must have either extensions or value[x], not both {extension.exists() != value.exists()}"
"ContactPoint.extension","telAddress","","",0,1,"","","","Extension {[CanonicalType[http://hl7.org/fhir/StructureDefinition/iso21090-TEL-address]]} {[]}
","A V3 compliant, RFC 3966 conformant URI version of the telephone or fax number","A V3 compliant, RFC 3966 conformant URI version of the telephone or fax number","Note that this form is supposed  to be used in CDA, but many CDA documents are not actually conformant.","","","","","","","","",,,,,"",,,,"Element.extension",0,*,"","ele-1:All FHIR elements must have a @value or children {hasValue() or (children().count() > id.count())}
ext-1:Must have either extensions or value[x], not both {extension.exists() != value.exists()}","TEL.address"
"ContactPoint.system","","","",0,1,"","","Y","code {[]} {[]}
","phone | fax | email | pager | url | sms | other","Telecommunications form for contact point - what communications system is required to make use of the contact.","","","","","","","","","",,"required","Telecommunications form for contact point.","http://hl7.org/fhir/ValueSet/contact-point-system|4.0.1","",,,,"ContactPoint.system",0,1,"cpt-2
","ele-1:All FHIR elements must have a @value or children {hasValue() or (children().count() > id.count())}
","XTN.3","./scheme","./ContactPointType"
"ContactPoint.value","","","",0,1,"","","Y","string {[]} {[]}
","The actual contact point details","The actual contact point details, in a form that is meaningful to the designated communication system (i.e. phone number or email address).","Additional text data such as phone extension numbers, or notes about use of the contact are sometimes included in the value.","Need to support legacy numbers that are not in a tightly controlled format.","","","","","","","",,,,,"",,,,"ContactPoint.value",0,1,"","ele-1:All FHIR elements must have a @value or children {hasValue() or (children().count() > id.count())}
","XTN.1 (or XTN.12)","./url","./Value"
"ContactPoint.use","","","",0,1,"","Y","Y","code {[]} {[]}
","home | work | temp | old | mobile - purpose of this contact point","Identifies the purpose for the contact point.","Applications can assume that a contact is current unless it explicitly says that it is temporary or old.","Need to track the way a person uses this contact, so a user can choose which is appropriate for their purpose.","","","","","","","",,"required","Use of contact point.","http://hl7.org/fhir/ValueSet/contact-point-use|4.0.1","",,,,"ContactPoint.use",0,1,"","ele-1:All FHIR elements must have a @value or children {hasValue() or (children().count() > id.count())}
","XTN.2 - but often indicated by field","unique(./use)","./ContactPointPurpose"
"ContactPoint.rank","","","",0,1,"","","Y","positiveInt {[]} {[]}
","Specify preferred order of use (1 = highest)","Specifies a preferred order in which to use a set of contacts. ContactPoints with lower rank values are more preferred than those with higher rank values.","Note that rank does not necessarily follow the order in which the contacts are represented in the instance.","","","","","","","","",,,,,"",,,,"ContactPoint.rank",0,1,"","ele-1:All FHIR elements must have a @value or children {hasValue() or (children().count() > id.count())}
","n/a","n/a"
"ContactPoint.period","","","",0,1,"","","Y","Period {[]} {[]}
","Time period when the contact point was/is in use","Time period when the contact point was/is in use.","","","","","","","","","",,,,,"",,,,"ContactPoint.period",0,1,"","ele-1:All FHIR elements must have a @value or children {hasValue() or (children().count() > id.count())}
","N/A","./usablePeriod[type=""IVL<TS>""]","./StartDate and ./EndDate"
