<?xml version="1.0" encoding="UTF-8"?>

<CodeSystem xmlns="http://hl7.org/fhir">
  <id value="wh-diagnosis-type"/>
  <text>
    <status value="generated"/><div xmlns="http://www.w3.org/1999/xhtml"><p>This code system http://ibm.com/fhir/cdm/CodeSystem/wh-diagnosis-type defines the following codes:</p><table class="codes"><tr><td style="white-space:nowrap"><b>Code</b></td><td><b>Display</b></td><td><b>Definition</b></td></tr><tr><td style="white-space:nowrap">external-cause<a name="wh-diagnosis-type-external-cause"> </a></td><td>External Cause</td><td>ICD diagnosis external cause code on the facility claim record</td></tr></table></div>
  </text>
  <url value="http://ibm.com/fhir/cdm/CodeSystem/wh-diagnosis-type"/>
  <version value="7.0.0"/>
  <name value="WhDiagnosisTypeCodeSystem"/>
  <title value="Health Data Connect Diagnosis Type Codes"/>
  <status value="active"/>
  <date value="2022-09-07T20:41:11+00:00"/>
  <publisher value="Alvearie Team"/>
  <description value="Health Data Connect standard codes for the diagnosis codes on a claim"/>
  <jurisdiction>
    <coding>
      <system value="urn:iso:std:iso:3166"/>
      <code value="US"/>
    </coding>
  </jurisdiction>
  <caseSensitive value="true"/>
  <content value="complete"/>
  <count value="1"/>
  <concept>
    <code value="external-cause"/>
    <display value="External Cause"/>
    <definition value="ICD diagnosis external cause code on the facility claim record"/>
  </concept>
</CodeSystem>