{
  "resourceType": "CodeSystem",
  "id": "wh-basic-resource-type",
  "text": {
    "status": "generated",
    "div": "<div xmlns=\"http://www.w3.org/1999/xhtml\"><p>This code system http://ibm.com/fhir/cdm/CodeSystem/wh-basic-resource-type defines the following codes:</p><table class=\"codes\"><tr><td style=\"white-space:nowrap\"><b>Code</b></td><td><b>Display</b></td><td><b>Definition</b></td></tr><tr><td style=\"white-space:nowrap\">patient-tokens<a name=\"wh-basic-resource-type-patient-tokens\"> </a></td><td>Patient Tokens</td><td>A set of anonymous patient identifiers created by hashing Personally identifiable information (PII)</td></tr></table></div>"
  },
  "url": "http://ibm.com/fhir/cdm/CodeSystem/wh-basic-resource-type",
  "version": "7.0.0",
  "name": "WhBasicResourceTypeCodeSystem",
  "title": "Health Data Connect Basic Resource Type Codes",
  "status": "active",
  "date": "2022-09-07T18:17:14+00:00",
  "publisher": "Alvearie Team",
  "description": "Health Data Connect standard codes for the basic resource type",
  "jurisdiction": [
    {
      "coding": [
        {
          "system": "urn:iso:std:iso:3166",
          "code": "US"
        }
      ]
    }
  ],
  "caseSensitive": true,
  "content": "complete",
  "count": 1,
  "concept": [
    {
      "code": "patient-tokens",
      "display": "Patient Tokens",
      "definition": "A set of anonymous patient identifiers created by hashing Personally identifiable information (PII)"
    }
  ]
}