{
  "resourceType": "CodeSystem",
  "id": "split-method",
  "text": {
    "status": "generated",
    "div": "<div xmlns=\"http://www.w3.org/1999/xhtml\"><p>This code system http://ibm.com/fhir/cdm/CodeSystem/split-method defines the following codes:</p><table class=\"codes\"><tr><td style=\"white-space:nowrap\"><b>Code</b></td><td><b>Display</b></td></tr><tr><td style=\"white-space:nowrap\">automated<a name=\"split-method-automated\"> </a></td><td>Automoted matching algorithm or model identified an invalid match</td></tr><tr><td style=\"white-space:nowrap\">manual<a name=\"split-method-manual\"> </a></td><td>Manual split performed by a human</td></tr><tr><td style=\"white-space:nowrap\">none<a name=\"split-method-none\"> </a></td><td>No split performed or identifed</td></tr></table></div>"
  },
  "url": "http://ibm.com/fhir/cdm/CodeSystem/split-method",
  "version": "6.0.0",
  "name": "SplitMethodCodeSystem",
  "title": "Split Method Codes",
  "status": "active",
  "date": "2022-01-21T20:46:54+00:00",
  "publisher": "Alvearie Team",
  "description": "Codes indicating methods used to identify matched entities to split",
  "jurisdiction": [
    {
      "coding": [
        {
          "system": "urn:iso:std:iso:3166",
          "code": "US"
        }
      ]
    }
  ],
  "caseSensitive": true,
  "content": "complete",
  "count": 3,
  "concept": [
    {
      "code": "automated",
      "display": "Automoted matching algorithm or model identified an invalid match"
    },
    {
      "code": "manual",
      "display": "Manual split performed by a human"
    },
    {
      "code": "none",
      "display": "No split performed or identifed"
    }
  ]
}