{
  "resourceType": "ValueSet",
  "id": "hipaa-relationship",
  "text": {
    "status": "generated",
    "div": "<div xmlns=\"http://www.w3.org/1999/xhtml\"><ul><li>Include all codes defined in <a href=\"CodeSystem-hipaa-relationship.html\"><code>http://ibm.com/fhir/cdm/CodeSystem/hipaa-relationship</code></a></li></ul></div>"
  },
  "url": "http://ibm.com/fhir/cdm/ValueSet/hipaa-relationship",
  "version": "7.0.0",
  "name": "HipaaRelationshipValueSet",
  "title": "HIPAA Relationship Value Set",
  "status": "active",
  "date": "2022-09-06T15:46:40+00:00",
  "publisher": "Alvearie Team",
  "description": "HIPAA standard value set for the relationship of the member to the contract holder",
  "jurisdiction": [
    {
      "coding": [
        {
          "system": "urn:iso:std:iso:3166",
          "code": "US"
        }
      ]
    }
  ],
  "compose": {
    "include": [
      {
        "system": "http://ibm.com/fhir/cdm/CodeSystem/hipaa-relationship"
      }
    ]
  }
}