<?xml version="1.0" encoding="UTF-8"?>

<ValueSet xmlns="http://hl7.org/fhir">
  <id value="legal-document-system"/>
  <text>
    <status value="generated"/><div xmlns="http://www.w3.org/1999/xhtml"><ul><li>Include all codes defined in <a href="CodeSystem-legal-document-system.html"><code>http://ibm.com/fhir/cdm/CodeSystem/legal-document-system</code></a></li></ul></div>
  </text>
  <url value="http://ibm.com/fhir/cdm/ValueSet/legal-document-system"/>
  <version value="7.0.0"/>
  <name value="LegalDocumentSystemValueSet"/>
  <title value="Legal Document System Value Set"/>
  <status value="active"/>
  <date value="2022-09-06T21:25:20+00:00"/>
  <publisher value="Alvearie Team"/>
  <description value="Codes indicating the system of legal document used for identification"/>
  <jurisdiction>
    <coding>
      <system value="urn:iso:std:iso:3166"/>
      <code value="US"/>
    </coding>
  </jurisdiction>
  <compose>
    <include>
      <system value="http://ibm.com/fhir/cdm/CodeSystem/legal-document-system"/>
    </include>
  </compose>
</ValueSet>