{
  "resourceType": "ValueSet",
  "id": "claim-supporting-info-type",
  "text": {
    "status": "generated",
    "div": "<div xmlns=\"http://www.w3.org/1999/xhtml\"><ul><li>Include all codes defined in <a href=\"CodeSystem-claim-supporting-info-type.html\"><code>http://ibm.com/fhir/cdm/CodeSystem/claim-supporting-info-type</code></a></li></ul></div>"
  },
  "url": "http://ibm.com/fhir/cdm/ValueSet/claim-supporting-info-type",
  "version": "6.1.1",
  "name": "ClaimSupportingInfoTypeValueSet",
  "title": "Claim Supporting Info Type Value Set",
  "status": "active",
  "date": "2022-06-06T15:56:40+00:00",
  "publisher": "Alvearie Team",
  "description": "Supporting information type codes for claims",
  "jurisdiction": [
    {
      "coding": [
        {
          "system": "urn:iso:std:iso:3166",
          "code": "US"
        }
      ]
    }
  ],
  "compose": {
    "include": [
      {
        "system": "http://ibm.com/fhir/cdm/CodeSystem/claim-supporting-info-type"
      }
    ]
  }
}