<?xml version="1.0" encoding="UTF-8"?>

<ValueSet xmlns="http://hl7.org/fhir">
  <id value="medication-knowledge-cost-type"/>
  <text>
    <status value="generated"/><div xmlns="http://www.w3.org/1999/xhtml"><ul><li>Include all codes defined in <a href="CodeSystem-medication-knowledge-cost-type.html"><code>http://linuxforhealth.org/fhir/cdm/CodeSystem/medication-knowledge-cost-type</code></a></li></ul></div>
  </text>
  <url value="http://linuxforhealth.org/fhir/cdm/ValueSet/medication-knowledge-cost-type"/>
  <version value="8.0.0"/>
  <name value="MedicationKnowledgeCostTypValueSet"/>
  <title value="Medication Knowledge Cost Type Value Set"/>
  <status value="active"/>
  <date value="2022-11-10T16:00:46+00:00"/>
  <publisher value="LinuxForHealth Team"/>
  <description value="Medication knowledge cost type value set"/>
  <jurisdiction>
    <coding>
      <system value="urn:iso:std:iso:3166"/>
      <code value="US"/>
    </coding>
  </jurisdiction>
  <compose>
    <include>
      <system value="http://linuxforhealth.org/fhir/cdm/CodeSystem/medication-knowledge-cost-type"/>
    </include>
  </compose>
</ValueSet>