<?xml version="1.0" encoding="UTF-8"?>

<ValueSet xmlns="http://hl7.org/fhir">
  <id value="wh-payer-ssi-status"/>
  <text>
    <status value="generated"/><div xmlns="http://www.w3.org/1999/xhtml"><ul><li>Include all codes defined in <a href="CodeSystem-wh-payer-ssi-status.html"><code>http://ibm.com/fhir/cdm/CodeSystem/wh-payer-ssi-status</code></a></li></ul></div>
  </text>
  <url value="http://ibm.com/fhir/cdm/ValueSet/wh-payer-ssi-status"/>
  <version value="7.0.0"/>
  <name value="WhPayerSsiStatusValueSet"/>
  <title value="Health Data Connect SSI Status Value Set"/>
  <status value="active"/>
  <date value="2022-09-07T20:17:32+00:00"/>
  <publisher value="Alvearie Team"/>
  <description value="Supplemental Security Income (SSI) status value set for the person"/>
  <jurisdiction>
    <coding>
      <system value="urn:iso:std:iso:3166"/>
      <code value="US"/>
    </coding>
  </jurisdiction>
  <compose>
    <include>
      <system value="http://ibm.com/fhir/cdm/CodeSystem/wh-payer-ssi-status"/>
    </include>
  </compose>
</ValueSet>