<?xml version="1.0" encoding="UTF-8"?>

<ValueSet xmlns="http://hl7.org/fhir">
  <id value="sexual-orientation"/>
  <text>
    <status value="generated"/><div xmlns="http://www.w3.org/1999/xhtml"><ul><li>Include all codes defined in <a href="CodeSystem-sexual-orientation.html"><code>http://ibm.com/fhir/cdm/CodeSystem/sexual-orientation</code></a></li></ul></div>
  </text>
  <url value="http://ibm.com/fhir/cdm/ValueSet/sexual-orientation"/>
  <version value="7.0.0"/>
  <name value="SexualOrientationValueSet"/>
  <title value="Sexual Orientation Value Set"/>
  <status value="active"/>
  <date value="2022-09-06T21:02:26+00:00"/>
  <publisher value="Alvearie Team"/>
  <description value="Codes indicating a person's physical, romantic, and/or emotional attraction towards other people"/>
  <jurisdiction>
    <coding>
      <system value="urn:iso:std:iso:3166"/>
      <code value="US"/>
    </coding>
  </jurisdiction>
  <compose>
    <include>
      <system value="http://ibm.com/fhir/cdm/CodeSystem/sexual-orientation"/>
    </include>
  </compose>
</ValueSet>