{"resourceType":"CodeSystem","id":"wh-payer-ssi-status","text":{"status":"generated","div":"<div xmlns=\"http://www.w3.org/1999/xhtml\"><p>This code system http://ibm.com/fhir/cdm/CodeSystem/wh-payer-ssi-status defines the following codes:</p><table class=\"codes\"><tr><td style=\"white-space:nowrap\"><b>Code</b></td><td><b>Display</b></td></tr><tr><td style=\"white-space:nowrap\">000<a name=\"wh-payer-ssi-status-000\"> </a></td><td>Not Applicable</td></tr><tr><td style=\"white-space:nowrap\">001<a name=\"wh-payer-ssi-status-001\"> </a></td><td>Supplemental Security Income (SSI)</td></tr><tr><td style=\"white-space:nowrap\">002<a name=\"wh-payer-ssi-status-002\"> </a></td><td>Supplemental Security Income (SSI) Eligible Spouse</td></tr><tr><td style=\"white-space:nowrap\">003<a name=\"wh-payer-ssi-status-003\"> </a></td><td>Supplemental Security Income (SSI) Pending</td></tr><tr><td style=\"white-space:nowrap\">999<a name=\"wh-payer-ssi-status-999\"> </a></td><td>Unknown</td></tr></table></div>"},"url":"http://ibm.com/fhir/cdm/CodeSystem/wh-payer-ssi-status","version":"5.0.0","name":"WhPayerSsiStatusCodeSystem","title":"Health Data Connect SSI Status Codes","status":"active","date":"2021-12-16T17:36:56+00:00","contact":[{"name":"Kim Kenna","telecom":[{"system":"email","value":"sloand@us.ibm.com"}]},{"name":"Tom Eggebraaten","telecom":[{"system":"email","value":"tegge@us.ibm.com"}]}],"description":"Supplemental Security Income (SSI) status codes for the person","content":"complete","count":5,"concept":[{"code":"000","display":"Not Applicable"},{"code":"001","display":"Supplemental Security Income (SSI)"},{"code":"002","display":"Supplemental Security Income (SSI) Eligible Spouse"},{"code":"003","display":"Supplemental Security Income (SSI) Pending"},{"code":"999","display":"Unknown"}]}