{"resourceType":"CodeSystem","id":"claim-supporting-info-category","text":{"status":"generated","div":"<div xmlns=\"http://www.w3.org/1999/xhtml\"><p>This code system <code>http://linuxforhealth.org/fhir/cdm/CodeSystem/claim-supporting-info-category</code> defines the following codes:</p><table class=\"codes\"><tr><td style=\"white-space:nowrap\"><b>Code</b></td><td><b>Display</b></td><td><b>Definition</b></td></tr><tr><td style=\"white-space:nowrap\">dayssupply<a name=\"claim-supporting-info-category-dayssupply\"> </a></td><td>Day Supply</td><td>The number of days of drug therapy covered by this prescription</td></tr></table></div>"},"url":"http://linuxforhealth.org/fhir/cdm/CodeSystem/claim-supporting-info-category","version":"8.0.0","name":"ClaimSupportingInfoCategoryCodeSystem","title":"Claim Supporting Info Category Codes","status":"active","date":"2022-11-10T16:00:46+00:00","publisher":"LinuxForHealth Team","description":"Claim supporting info category codes for LinuxForHealth claims","jurisdiction":[{"coding":[{"system":"urn:iso:std:iso:3166","code":"US"}]}],"caseSensitive":true,"content":"complete","count":1,"concept":[{"code":"dayssupply","display":"Day Supply","definition":"The number of days of drug therapy covered by this prescription"}]}