{"resourceType":"CodeSystem","id":"claim-item-detail-classification","text":{"status":"generated","div":"<div xmlns=\"http://www.w3.org/1999/xhtml\"><p>This code system http://ibm.com/fhir/cdm/CodeSystem/claim-item-detail-classification defines the following codes:</p><table class=\"codes\"><tr><td style=\"white-space:nowrap\"><b>Code</b></td><td><b>Display</b></td><td><b>Definition</b></td></tr><tr><td style=\"white-space:nowrap\">dispensing-fee<a name=\"claim-item-detail-classification-dispensing-fee\"> </a></td><td>Dispensing Fee</td><td>An administrative fee charged by the pharmacy for dispensing the prescription</td></tr><tr><td style=\"white-space:nowrap\">ingredient-cost<a name=\"claim-item-detail-classification-ingredient-cost\"> </a></td><td>Ingredient Cost</td><td>The charge or cost associated with the pharmaceutical product</td></tr><tr><td style=\"white-space:nowrap\">sales-tax<a name=\"claim-item-detail-classification-sales-tax\"> </a></td><td>Sales Tax</td><td>The amount of sales tax applied to the cost of the prescription</td></tr></table></div>"},"url":"http://ibm.com/fhir/cdm/CodeSystem/claim-item-detail-classification","version":"7.0.0","name":"ClaimItemDetailClassificationCodeSystem","title":"Claim Item Detail Classification Codes","status":"active","date":"2022-09-07T15:39:45+00:00","publisher":"Alvearie Team","description":"Item detail classification for claims","jurisdiction":[{"coding":[{"system":"urn:iso:std:iso:3166","code":"US"}]}],"caseSensitive":true,"content":"complete","count":3,"concept":[{"code":"dispensing-fee","display":"Dispensing Fee","definition":"An administrative fee charged by the pharmacy for dispensing the prescription"},{"code":"ingredient-cost","display":"Ingredient Cost","definition":"The charge or cost associated with the pharmaceutical product"},{"code":"sales-tax","display":"Sales Tax","definition":"The amount of sales tax applied to the cost of the prescription"}]}