{"resourceType":"CodeSystem","id":"claim-supporting-info-category","text":{"status":"generated","div":"<div xmlns=\"http://www.w3.org/1999/xhtml\"><p>This code system http://ibm.com/fhir/cdm/CodeSystem/claim-supporting-info-category defines the following codes:</p><table class=\"codes\"><tr><td style=\"white-space:nowrap\"><b>Code</b></td><td><b>Display</b></td><td><b>Definition</b></td></tr><tr><td style=\"white-space:nowrap\">dayssupply<a name=\"claim-supporting-info-category-dayssupply\"> </a></td><td>Day Supply</td><td>The number of days of drug therapy covered by this prescription</td></tr></table></div>"},"url":"http://ibm.com/fhir/cdm/CodeSystem/claim-supporting-info-category","version":"7.0.0","name":"ClaimSupportingInfoCategoryCodeSystem","title":"Claim Supporting Info Category Codes","status":"active","date":"2022-09-07T17:21:01+00:00","publisher":"Alvearie Team","description":"Claim supporting info category codes for Health Data Connect claims","jurisdiction":[{"coding":[{"system":"urn:iso:std:iso:3166","code":"US"}]}],"caseSensitive":true,"content":"complete","count":1,"concept":[{"code":"dayssupply","display":"Day Supply","definition":"The number of days of drug therapy covered by this prescription"}]}