{"resourceType":"CodeSystem","id":"wh-payer-tanf-benefit","text":{"status":"generated","div":"<div xmlns=\"http://www.w3.org/1999/xhtml\"><p>This code system http://ibm.com/fhir/cdm/CodeSystem/wh-payer-tanf-benefit defines the following codes:</p><table class=\"codes\"><tr><td style=\"white-space:nowrap\"><b>Code</b></td><td><b>Display</b></td></tr><tr><td style=\"white-space:nowrap\">0<a name=\"wh-payer-tanf-benefit-0\"> </a></td><td>Not eligible for Medicaid</td></tr><tr><td style=\"white-space:nowrap\">1<a name=\"wh-payer-tanf-benefit-1\"> </a></td><td>Did not receive TANF benefits</td></tr><tr><td style=\"white-space:nowrap\">2<a name=\"wh-payer-tanf-benefit-2\"> </a></td><td>Did receive TANF benefits</td></tr><tr><td style=\"white-space:nowrap\">9<a name=\"wh-payer-tanf-benefit-9\"> </a></td><td>TANF status is unknown</td></tr></table></div>"},"url":"http://ibm.com/fhir/cdm/CodeSystem/wh-payer-tanf-benefit","version":"7.0.0","name":"WhPayerTanfBenefitCodeSystem","title":"Health Data Connect TANF Benefit codes","status":"active","date":"2022-09-06T21:02:26+00:00","publisher":"Alvearie Team","description":"Standard code of the Temporary Assistance for Needy Families (TANF) benefits for the person","jurisdiction":[{"coding":[{"system":"urn:iso:std:iso:3166","code":"US"}]}],"caseSensitive":true,"content":"complete","count":4,"concept":[{"code":"0","display":"Not eligible for Medicaid"},{"code":"1","display":"Did not receive TANF benefits"},{"code":"2","display":"Did receive TANF benefits"},{"code":"9","display":"TANF status is unknown"}]}