{"resourceType":"CodeSystem","id":"attribution-source","text":{"status":"generated","div":"<div xmlns=\"http://www.w3.org/1999/xhtml\"><p>This code system http://ibm.com/fhir/cdm/CodeSystem/attribution-source defines the following codes:</p><table class=\"codes\"><tr><td style=\"white-space:nowrap\"><b>Code</b></td><td><b>Display</b></td><td><b>Definition</b></td></tr><tr><td style=\"white-space:nowrap\">client-emr<a name=\"attribution-source-client-emr\"> </a></td><td>Client EMR</td><td>Practitioner attribution recorded in a client's PMS or EMR system</td></tr><tr><td style=\"white-space:nowrap\">enrollment<a name=\"attribution-source-enrollment\"> </a></td><td>Enrollment</td><td>Practitioner provided on the eligibility record</td></tr><tr><td style=\"white-space:nowrap\">imputed<a name=\"attribution-source-imputed\"> </a></td><td>Imputed</td><td>Practitioner attribution derived from attribution models</td></tr></table></div>"},"url":"http://ibm.com/fhir/cdm/CodeSystem/attribution-source","version":"0.1.0","name":"AttributionSourceCodeSystem","title":"Attribution Source Codes","status":"active","date":"2021-01-08T18:08:05+00:00","contact":[{"name":"Kim Kenna","telecom":[{"system":"email","value":"sloand@us.ibm.com"}]},{"name":"Jill Doty","telecom":[{"system":"email","value":"jdoty@us.ibm.com"}]}],"description":"Sources of attribution used to associate a patient to a practitioner","content":"complete","count":3,"concept":[{"code":"client-emr","display":"Client EMR","definition":"Practitioner attribution recorded in a client's PMS or EMR system"},{"code":"enrollment","display":"Enrollment","definition":"Practitioner provided on the eligibility record"},{"code":"imputed","display":"Imputed","definition":"Practitioner attribution derived from attribution models"}]}