{"resourceType":"CodeSystem","id":"ada-tooth","text":{"status":"generated","div":"<div xmlns=\"http://www.w3.org/1999/xhtml\"><p>This code system http://ibm.com/fhir/cdm/CodeSystem/ada-tooth defines the following codes:</p><table class=\"codes\"><tr><td style=\"white-space:nowrap\"><b>Code</b></td><td><b>Display</b></td></tr><tr><td style=\"white-space:nowrap\">1<a name=\"ada-tooth-1\"> </a></td><td>Upper Right Third Molar (Wisdom Tooth)</td></tr><tr><td style=\"white-space:nowrap\">10<a name=\"ada-tooth-10\"> </a></td><td>Upper Left Lateral Incisor</td></tr><tr><td style=\"white-space:nowrap\">11<a name=\"ada-tooth-11\"> </a></td><td>Upper Left Canine (Cuspid)</td></tr><tr><td style=\"white-space:nowrap\">12<a name=\"ada-tooth-12\"> </a></td><td>Upper Left First Premolar (First Bicuspid)</td></tr><tr><td style=\"white-space:nowrap\">13<a name=\"ada-tooth-13\"> </a></td><td>Upper Left Second Premolar (Second Bicuspid)</td></tr><tr><td style=\"white-space:nowrap\">14<a name=\"ada-tooth-14\"> </a></td><td>Upper Left First Molar</td></tr><tr><td style=\"white-space:nowrap\">15<a name=\"ada-tooth-15\"> </a></td><td>Upper Left Second Molar</td></tr><tr><td style=\"white-space:nowrap\">16<a name=\"ada-tooth-16\"> </a></td><td>Upper Left Third Molar (Wisdom Tooth)</td></tr><tr><td style=\"white-space:nowrap\">17<a name=\"ada-tooth-17\"> </a></td><td>Lower Left Third Molar (Wisdom Tooth)</td></tr><tr><td style=\"white-space:nowrap\">18<a name=\"ada-tooth-18\"> </a></td><td>Lower Left Second Molar</td></tr><tr><td style=\"white-space:nowrap\">19<a name=\"ada-tooth-19\"> </a></td><td>Lower Left First Molar</td></tr><tr><td style=\"white-space:nowrap\">2<a name=\"ada-tooth-2\"> </a></td><td>Upper Right Second Molar</td></tr><tr><td style=\"white-space:nowrap\">20<a name=\"ada-tooth-20\"> </a></td><td>Lower Left Second Premolar (Second Bicuspid)</td></tr><tr><td style=\"white-space:nowrap\">21<a name=\"ada-tooth-21\"> </a></td><td>Lower Left First Premolar (First Bicuspid)</td></tr><tr><td style=\"white-space:nowrap\">22<a name=\"ada-tooth-22\"> </a></td><td>Lower Left Canine (Cuspid)</td></tr><tr><td style=\"white-space:nowrap\">23<a name=\"ada-tooth-23\"> </a></td><td>Lower Left Lateral Incisor</td></tr><tr><td style=\"white-space:nowrap\">24<a name=\"ada-tooth-24\"> </a></td><td>Lower Left Central Incisor</td></tr><tr><td style=\"white-space:nowrap\">25<a name=\"ada-tooth-25\"> </a></td><td>Lower Right Central Incisor</td></tr><tr><td style=\"white-space:nowrap\">26<a name=\"ada-tooth-26\"> </a></td><td>Lower Right Lateral Incisor</td></tr><tr><td style=\"white-space:nowrap\">27<a name=\"ada-tooth-27\"> </a></td><td>Lower Right Canine (Cuspid)</td></tr><tr><td style=\"white-space:nowrap\">28<a name=\"ada-tooth-28\"> </a></td><td>Lower Right First Premolar (First Bicuspid)</td></tr><tr><td style=\"white-space:nowrap\">29<a name=\"ada-tooth-29\"> </a></td><td>Lower Right Second Premolar (Second Bicuspid)</td></tr><tr><td style=\"white-space:nowrap\">3<a name=\"ada-tooth-3\"> </a></td><td>Upper Right First Molar</td></tr><tr><td style=\"white-space:nowrap\">30<a name=\"ada-tooth-30\"> </a></td><td>Lower Right First Molar</td></tr><tr><td style=\"white-space:nowrap\">31<a name=\"ada-tooth-31\"> </a></td><td>Lower Right Second Molar</td></tr><tr><td style=\"white-space:nowrap\">32<a name=\"ada-tooth-32\"> </a></td><td>Lower Right Third Molar (Wisdom Tooth)</td></tr><tr><td style=\"white-space:nowrap\">4<a name=\"ada-tooth-4\"> </a></td><td>Upper Right Second Premolar (Second Bicuspid)</td></tr><tr><td style=\"white-space:nowrap\">5<a name=\"ada-tooth-5\"> </a></td><td>Upper Right First Premolar (First Bicuspid)</td></tr><tr><td style=\"white-space:nowrap\">6<a name=\"ada-tooth-6\"> </a></td><td>Upper Right Canine (Cuspid)</td></tr><tr><td style=\"white-space:nowrap\">7<a name=\"ada-tooth-7\"> </a></td><td>Upper Right Lateral Incisor</td></tr><tr><td style=\"white-space:nowrap\">8<a name=\"ada-tooth-8\"> </a></td><td>Upper Right Central Incisor</td></tr><tr><td style=\"white-space:nowrap\">9<a name=\"ada-tooth-9\"> </a></td><td>Upper Left Central Incisor</td></tr><tr><td style=\"white-space:nowrap\">A<a name=\"ada-tooth-A\"> </a></td><td>Upper Right Second Primary Molar</td></tr><tr><td style=\"white-space:nowrap\">B<a name=\"ada-tooth-B\"> </a></td><td>Upper Right First Primary Molar</td></tr><tr><td style=\"white-space:nowrap\">C<a name=\"ada-tooth-C\"> </a></td><td>Upper Right Primary Canine (Cuspid)</td></tr><tr><td style=\"white-space:nowrap\">D<a name=\"ada-tooth-D\"> </a></td><td>Upper Right Primary Lateral Incisor</td></tr><tr><td style=\"white-space:nowrap\">E<a name=\"ada-tooth-E\"> </a></td><td>Upper Right Primary Central Incisor</td></tr><tr><td style=\"white-space:nowrap\">F<a name=\"ada-tooth-F\"> </a></td><td>Upper Left Primary Central Incisor</td></tr><tr><td style=\"white-space:nowrap\">G<a name=\"ada-tooth-G\"> </a></td><td>Upper Left Primary Lateral Incisor</td></tr><tr><td style=\"white-space:nowrap\">H<a name=\"ada-tooth-H\"> </a></td><td>Upper Left Primary Canine (Cuspid)</td></tr><tr><td style=\"white-space:nowrap\">I<a name=\"ada-tooth-I\"> </a></td><td>Upper Left First Primary Molar</td></tr><tr><td style=\"white-space:nowrap\">J<a name=\"ada-tooth-J\"> </a></td><td>Upper Left Second Primary Molar</td></tr><tr><td style=\"white-space:nowrap\">K<a name=\"ada-tooth-K\"> </a></td><td>Lower Left Second Primary Molar</td></tr><tr><td style=\"white-space:nowrap\">L<a name=\"ada-tooth-L\"> </a></td><td>Lower Left First Primary Molar</td></tr><tr><td style=\"white-space:nowrap\">M<a name=\"ada-tooth-M\"> </a></td><td>Lower Left Primary Canine (Cuspid)</td></tr><tr><td style=\"white-space:nowrap\">N<a name=\"ada-tooth-N\"> </a></td><td>Lower Left Primary Lateral Incisor</td></tr><tr><td style=\"white-space:nowrap\">O<a name=\"ada-tooth-O\"> </a></td><td>Lower Left Primary Central Incisor</td></tr><tr><td style=\"white-space:nowrap\">P<a name=\"ada-tooth-P\"> </a></td><td>Lower Right Primary Central Incisor</td></tr><tr><td style=\"white-space:nowrap\">Q<a name=\"ada-tooth-Q\"> </a></td><td>Lower Right Primary Lateral Incisor</td></tr><tr><td style=\"white-space:nowrap\">R<a name=\"ada-tooth-R\"> </a></td><td>Lower Right Primary Canine (Cuspid)</td></tr><tr><td style=\"white-space:nowrap\">S<a name=\"ada-tooth-S\"> </a></td><td>Lower Right First Primary Molar</td></tr><tr><td style=\"white-space:nowrap\">T<a name=\"ada-tooth-T\"> </a></td><td>Lower Right Second Primary Molar</td></tr></table></div>"},"url":"http://ibm.com/fhir/cdm/CodeSystem/ada-tooth","version":"2.0.0","name":"ADAToothCodeSystem","title":"American Dental Association Tooth Numbering Code System","status":"active","date":"2021-09-28T19:40:31+00:00","contact":[{"name":"Kim Kenna","telecom":[{"system":"email","value":"sloand@us.ibm.com"}]},{"name":"Tom Eggebraaten","telecom":[{"system":"email","value":"tegge@us.ibm.com"}]}],"description":"Code system that defines a tooth","content":"complete","count":52,"concept":[{"code":"1","display":"Upper Right Third Molar (Wisdom Tooth)"},{"code":"10","display":"Upper Left Lateral Incisor"},{"code":"11","display":"Upper Left Canine (Cuspid)"},{"code":"12","display":"Upper Left First Premolar (First Bicuspid)"},{"code":"13","display":"Upper Left Second Premolar (Second Bicuspid)"},{"code":"14","display":"Upper Left First Molar"},{"code":"15","display":"Upper Left Second Molar"},{"code":"16","display":"Upper Left Third Molar (Wisdom Tooth)"},{"code":"17","display":"Lower Left Third Molar (Wisdom Tooth)"},{"code":"18","display":"Lower Left Second Molar"},{"code":"19","display":"Lower Left First Molar"},{"code":"2","display":"Upper Right Second Molar"},{"code":"20","display":"Lower Left Second Premolar (Second Bicuspid)"},{"code":"21","display":"Lower Left First Premolar (First Bicuspid)"},{"code":"22","display":"Lower Left Canine (Cuspid)"},{"code":"23","display":"Lower Left Lateral Incisor"},{"code":"24","display":"Lower Left Central Incisor"},{"code":"25","display":"Lower Right Central Incisor"},{"code":"26","display":"Lower Right Lateral Incisor"},{"code":"27","display":"Lower Right Canine (Cuspid)"},{"code":"28","display":"Lower Right First Premolar (First Bicuspid)"},{"code":"29","display":"Lower Right Second Premolar (Second Bicuspid)"},{"code":"3","display":"Upper Right First Molar"},{"code":"30","display":"Lower Right First Molar"},{"code":"31","display":"Lower Right Second Molar"},{"code":"32","display":"Lower Right Third Molar (Wisdom Tooth)"},{"code":"4","display":"Upper Right Second Premolar (Second Bicuspid)"},{"code":"5","display":"Upper Right First Premolar (First Bicuspid)"},{"code":"6","display":"Upper Right Canine (Cuspid)"},{"code":"7","display":"Upper Right Lateral Incisor"},{"code":"8","display":"Upper Right Central Incisor"},{"code":"9","display":"Upper Left Central Incisor"},{"code":"A","display":"Upper Right Second Primary Molar"},{"code":"B","display":"Upper Right First Primary Molar"},{"code":"C","display":"Upper Right Primary Canine (Cuspid)"},{"code":"D","display":"Upper Right Primary Lateral Incisor"},{"code":"E","display":"Upper Right Primary Central Incisor"},{"code":"F","display":"Upper Left Primary Central Incisor"},{"code":"G","display":"Upper Left Primary Lateral Incisor"},{"code":"H","display":"Upper Left Primary Canine (Cuspid)"},{"code":"I","display":"Upper Left First Primary Molar"},{"code":"J","display":"Upper Left Second Primary Molar"},{"code":"K","display":"Lower Left Second Primary Molar"},{"code":"L","display":"Lower Left First Primary Molar"},{"code":"M","display":"Lower Left Primary Canine (Cuspid)"},{"code":"N","display":"Lower Left Primary Lateral Incisor"},{"code":"O","display":"Lower Left Primary Central Incisor"},{"code":"P","display":"Lower Right Primary Central Incisor"},{"code":"Q","display":"Lower Right Primary Lateral Incisor"},{"code":"R","display":"Lower Right Primary Canine (Cuspid)"},{"code":"S","display":"Lower Right First Primary Molar"},{"code":"T","display":"Lower Right Second Primary Molar"}]}