{"resourceType":"CodeSystem","id":"ms-drg-of-payment","text":{"status":"generated","div":"<div xmlns=\"http://www.w3.org/1999/xhtml\"><p>This code system http://ibm.com/fhir/cdm/CodeSystem/ms-drg-of-payment defines the following codes:</p><table class=\"codes\"><tr><td style=\"white-space:nowrap\"><b>Code</b></td></tr></table></div>"},"url":"http://ibm.com/fhir/cdm/CodeSystem/ms-drg-of-payment","version":"7.0.0","name":"MsDrgOfPaymentCodeSystem","title":"MS-Drg Of Payment Codes","status":"active","date":"2022-09-07T20:17:32+00:00","publisher":"Alvearie Team","description":"The Diagnosis Related Group (MS-DRG) code under which the claim was paid, as reported on the facility Claim","jurisdiction":[{"coding":[{"system":"urn:iso:std:iso:3166","code":"US"}]}],"caseSensitive":true,"content":"complete"}