{"resourceType":"CodeSystem","id":"appointment-cancellation-reason","text":{"status":"generated","div":"<div xmlns=\"http://www.w3.org/1999/xhtml\"><p>This code system http://ibm.com/fhir/cdm/CodeSystem/appointment-cancellation-reason defines the following codes:</p><table class=\"codes\"><tr><td style=\"white-space:nowrap\"><b>Code</b></td><td><b>Display</b></td><td><b>Definition</b></td></tr><tr><td style=\"white-space:nowrap\">deleted<a name=\"appointment-cancellation-reason-deleted\"> </a></td><td>Deleted</td><td>Appointment was either logically deleted or physically deleted</td></tr><tr><td style=\"white-space:nowrap\">rescheduled<a name=\"appointment-cancellation-reason-rescheduled\"> </a></td><td>Rescheduled</td><td>Appointment was rescheduled</td></tr></table></div>"},"url":"http://ibm.com/fhir/cdm/CodeSystem/appointment-cancellation-reason","version":"7.0.0","name":"AppointmentCancellationReasonCodeSystem","title":"Appointment Cancellation Reason Codes","status":"active","date":"2022-09-07T17:21:01+00:00","publisher":"Alvearie Team","description":"Extended reasons for the cancellation of an appointment","jurisdiction":[{"coding":[{"system":"urn:iso:std:iso:3166","code":"US"}]}],"caseSensitive":true,"content":"complete","count":2,"concept":[{"code":"deleted","display":"Deleted","definition":"Appointment was either logically deleted or physically deleted"},{"code":"rescheduled","display":"Rescheduled","definition":"Appointment was rescheduled"}]}