{"resourceType":"CodeSystem","id":"wh-claim-subtype","text":{"status":"generated","div":"<div xmlns=\"http://www.w3.org/1999/xhtml\"><p>This code system http://ibm.com/fhir/cdm/CodeSystem/wh-claim-subtype defines the following codes:</p><table class=\"codes\"><tr><td style=\"white-space:nowrap\"><b>Code</b></td><td><b>Display</b></td><td><b>Definition</b></td></tr><tr><td style=\"white-space:nowrap\">emergency<a name=\"wh-claim-subtype-emergency\"> </a></td><td>Emergency</td><td>An indicator that this claim was an emergency</td></tr><tr><td style=\"white-space:nowrap\">inpatient<a name=\"wh-claim-subtype-inpatient\"> </a></td><td>Inpatient</td><td>Claims for inpatient institutional admissions</td></tr><tr><td style=\"white-space:nowrap\">outpatient<a name=\"wh-claim-subtype-outpatient\"> </a></td><td>Outpatient</td><td>Claims for outpatient institutional admissions</td></tr></table></div>"},"url":"http://ibm.com/fhir/cdm/CodeSystem/wh-claim-subtype","version":"6.1.1","name":"WhClaimSubtypeCodeSystem","title":"Health Data Connect Claim Subtype Codes","status":"active","date":"2022-06-06T15:56:40+00:00","publisher":"Alvearie Team","description":"Health Data Connect standard codes for the claim subtypes used to further define the claim type","jurisdiction":[{"coding":[{"system":"urn:iso:std:iso:3166","code":"US"}]}],"caseSensitive":true,"content":"complete","count":3,"concept":[{"code":"emergency","display":"Emergency","definition":"An indicator that this claim was an emergency"},{"code":"inpatient","display":"Inpatient","definition":"Claims for inpatient institutional admissions"},{"code":"outpatient","display":"Outpatient","definition":"Claims for outpatient institutional admissions"}]}