{"resourceType":"CodeSystem","id":"insight-category-code-system","text":{"status":"generated","div":"<div xmlns=\"http://www.w3.org/1999/xhtml\"><p>This code system http://ibm.com/fhir/cdm/CodeSystem/insight-category-code-system defines the following codes:</p><table class=\"codes\"><tr><td style=\"white-space:nowrap\"><b>Code</b></td><td><b>Display</b></td><td><b>Definition</b></td></tr><tr><td style=\"white-space:nowrap\">natural-language-processing<a name=\"insight-category-code-system-natural-language-processing\"> </a></td><td>NLP</td><td>Insight derived from Natural Language Processing.</td></tr><tr><td style=\"white-space:nowrap\">data-quality<a name=\"insight-category-code-system-data-quality\"> </a></td><td>Data Quality</td><td>Insight derived by a data quality check.</td></tr></table></div>"},"url":"http://ibm.com/fhir/cdm/CodeSystem/insight-category-code-system","version":"2.0.0","name":"InsightCategoryCodeSystem","title":"Insight Category Code System","status":"active","date":"2021-09-28T19:40:31+00:00","contact":[{"name":"Kim Kenna","telecom":[{"system":"email","value":"sloand@us.ibm.com"}]},{"name":"Tom Eggebraaten","telecom":[{"system":"email","value":"tegge@us.ibm.com"}]}],"description":"Top level categorization of an insight produced relating to specific FHIR element(s) in the resource instance.","content":"complete","count":2,"concept":[{"code":"natural-language-processing","display":"NLP","definition":"Insight derived from Natural Language Processing."},{"code":"data-quality","display":"Data Quality","definition":"Insight derived by a data quality check."}]}