{"resourceType":"CodeSystem","id":"match-confidence-level","text":{"status":"generated","div":"<div xmlns=\"http://www.w3.org/1999/xhtml\"><p>This code system http://ibm.com/fhir/cdm/CodeSystem/match-confidence-level defines the following codes:</p><table class=\"codes\"><tr><td style=\"white-space:nowrap\"><b>Code</b></td><td><b>Display</b></td></tr><tr><td style=\"white-space:nowrap\">no-match<a name=\"match-confidence-level-no-match\"> </a></td><td>This record is not likely to be a match.  This record should ONLY be matched when another match is used to identify the match or if a human has intervened to specify a match.</td></tr></table></div>"},"url":"http://ibm.com/fhir/cdm/CodeSystem/match-confidence-level","version":"0.1.0","name":"MatchConfidenceLevelCodeSystem","title":"Match Confidence Level Codes","status":"active","date":"2021-07-13T16:59:08+00:00","contact":[{"name":"Kim Kenna","telecom":[{"system":"email","value":"sloand@us.ibm.com"}]},{"name":"Tom Eggebraaten","telecom":[{"system":"email","value":"tegge@us.ibm.com"}]}],"description":"Codes indicating confidence level of matched entities","content":"complete","count":1,"concept":[{"code":"no-match","display":"This record is not likely to be a match.  This record should ONLY be matched when another match is used to identify the match or if a human has intervened to specify a match."}]}