{"resourceType":"CodeSystem","id":"wh-payer-coverage-class","text":{"status":"generated","div":"<div xmlns=\"http://www.w3.org/1999/xhtml\"><p>This code system http://ibm.com/fhir/cdm/CodeSystem/wh-payer-coverage-class defines the following codes:</p><table class=\"codes\"><tr><td style=\"white-space:nowrap\"><b>Code</b></td><td><b>Display</b></td><td><b>Definition</b></td></tr><tr><td style=\"white-space:nowrap\">election-tier<a name=\"wh-payer-coverage-class-election-tier\"> </a></td><td>Election Tier</td><td>Elected tier for coverage</td></tr><tr><td style=\"white-space:nowrap\">group-type<a name=\"wh-payer-coverage-class-group-type\"> </a></td><td>Group Type</td><td>Type of group for coverage</td></tr></table></div>"},"url":"http://ibm.com/fhir/cdm/CodeSystem/wh-payer-coverage-class","version":"6.1.1","name":"WhPayerCoverageClassCodeSystem","title":"Health Data Connect Coverage Class Codes","status":"active","date":"2022-06-06T15:56:40+00:00","publisher":"Alvearie Team","description":"Health Data Connect standard code for the coverage class","jurisdiction":[{"coding":[{"system":"urn:iso:std:iso:3166","code":"US"}]}],"caseSensitive":true,"content":"complete","count":2,"concept":[{"code":"election-tier","display":"Election Tier","definition":"Elected tier for coverage"},{"code":"group-type","display":"Group Type","definition":"Type of group for coverage"}]}