{"resourceType":"CodeSystem","id":"rx-mail-or-retail","text":{"status":"generated","div":"<div xmlns=\"http://www.w3.org/1999/xhtml\"><p>This code system <code>http://ibm.com/fhir/cdm/CodeSystem/rx-mail-or-retail</code> defines the following codes:</p><table class=\"codes\"><tr><td style=\"white-space:nowrap\"><b>Code</b></td><td><b>Display</b></td><td><b>Definition</b></td></tr><tr><td style=\"white-space:nowrap\">m<a name=\"rx-mail-or-retail-m\"> </a></td><td>Mail Order</td><td>Mail Order</td></tr><tr><td style=\"white-space:nowrap\">r<a name=\"rx-mail-or-retail-r\"> </a></td><td>Retail</td><td>Retail</td></tr></table></div>"},"url":"http://ibm.com/fhir/cdm/CodeSystem/rx-mail-or-retail","version":"7.0.0","name":"RxMailOrRetailCodeSystem","title":"Rx Mail Or Retail Codes","status":"active","date":"2022-09-08T16:11:15+00:00","publisher":"Alvearie Team","description":"Health Data Connect standard codes indicating the purchase place of the prescription.","jurisdiction":[{"coding":[{"system":"urn:iso:std:iso:3166","code":"US"}]}],"caseSensitive":true,"content":"complete","count":2,"concept":[{"code":"m","display":"Mail Order","definition":"Mail Order"},{"code":"r","display":"Retail","definition":"Retail"}]}