{"resourceType":"ValueSet","id":"rx-mail-or-retail","text":{"status":"generated","div":"<div xmlns=\"http://www.w3.org/1999/xhtml\"><ul><li>Include all codes defined in <a href=\"CodeSystem-rx-mail-or-retail.html\"><code>http://ibm.com/fhir/cdm/CodeSystem/rx-mail-or-retail</code></a></li></ul></div>"},"url":"http://ibm.com/fhir/cdm/ValueSet/rx-mail-or-retail","version":"7.0.0","name":"RxMailOrRetailValueSet","title":"Rx Mail Or Retail Value Set","status":"active","date":"2022-09-07T20:41:11+00:00","publisher":"Alvearie Team","description":"Health Data Connect standard value set indicating the purchase place of the prescription.","jurisdiction":[{"coding":[{"system":"urn:iso:std:iso:3166","code":"US"}]}],"compose":{"include":[{"system":"http://ibm.com/fhir/cdm/CodeSystem/rx-mail-or-retail"}]}}