{"resourceType":"ValueSet","id":"wh-payer-medicare-coverage","text":{"status":"generated","div":"<div xmlns=\"http://www.w3.org/1999/xhtml\"><ul><li>Include all codes defined in <a href=\"CodeSystem-wh-payer-medicare-coverage.html\"><code>http://ibm.com/fhir/cdm/CodeSystem/wh-payer-medicare-coverage</code></a></li></ul></div>"},"url":"http://ibm.com/fhir/cdm/ValueSet/wh-payer-medicare-coverage","version":"6.0.0","name":"WhPayerMedicareCoverageValueSet","title":"Health Data Connect Medicare Coverage Value Set","status":"active","date":"2022-01-21T20:46:54+00:00","publisher":"Alvearie Team","description":"IBM® Health Data Connect standard value set for the type of Medicare coverage, if any, for the person","jurisdiction":[{"coding":[{"system":"urn:iso:std:iso:3166","code":"US"}]}],"compose":{"include":[{"system":"http://ibm.com/fhir/cdm/CodeSystem/wh-payer-medicare-coverage"}]}}