{"resourceType":"ValueSet","id":"service-delivery-location-type","text":{"status":"generated","div":"<div xmlns=\"http://www.w3.org/1999/xhtml\"><p>This value set includes codes based on the following rules:</p><ul><li>Include all codes defined in <a href=\"http://terminology.hl7.org/4.0.0/CodeSystem-v3-RoleCode.html\"><code>http://terminology.hl7.org/CodeSystem/v3-RoleCode</code></a></li><li>Include all codes defined in <a href=\"http://terminology.hl7.org/4.0.0/CodeSystem-CMSPlaceofServiceCodes.html\"><code>https://www.cms.gov/Medicare/Coding/place-of-service-codes/Place_of_Service_Code_Set</code></a></li></ul></div>"},"url":"http://linuxforhealth.org/fhir/cdm/ValueSet/service-delivery-location-type","version":"8.0.0","name":"ServiceDeliveryLocationTypeValueSet","title":"Service Delivery Location Type ValueSet","status":"active","date":"2022-11-10T16:00:46+00:00","publisher":"LinuxForHealth Team","description":"Codes describing a role of a place that further classifies the setting (e.g., accident site, road side, work site, community location) in which services are delivered.  This extended valueset includes the standard HL7 FHIR codes plus CMS Place of Service Codes.","jurisdiction":[{"coding":[{"system":"urn:iso:std:iso:3166","code":"US"}]}],"compose":{"include":[{"system":"http://terminology.hl7.org/CodeSystem/v3-RoleCode"},{"system":"https://www.cms.gov/Medicare/Coding/place-of-service-codes/Place_of_Service_Code_Set"}]}}