{"resourceType":"ValueSet","id":"medication-knowledge-cost-type","text":{"status":"generated","div":"<div xmlns=\"http://www.w3.org/1999/xhtml\"><ul><li>Include all codes defined in <a href=\"CodeSystem-medication-knowledge-cost-type.html\"><code>http://ibm.com/fhir/cdm/CodeSystem/medication-knowledge-cost-type</code></a></li></ul></div>"},"url":"http://ibm.com/fhir/cdm/ValueSet/medication-knowledge-cost-type","version":"7.0.0","name":"WhPayerMedicationKnowledgeCostTypValueSet","title":"Health Data Connect Medication Knowledge Cost Type Value Set","status":"active","date":"2022-09-01T22:10:22+00:00","publisher":"Alvearie Team","description":"Health Data Connect medication knowledge cost type value set","jurisdiction":[{"coding":[{"system":"urn:iso:std:iso:3166","code":"US"}]}],"compose":{"include":[{"system":"http://ibm.com/fhir/cdm/CodeSystem/medication-knowledge-cost-type"}]}}