{"resourceType":"ValueSet","id":"wh-organization-type","text":{"status":"generated","div":"<div xmlns=\"http://www.w3.org/1999/xhtml\"><p>This value set includes codes based on the following rules:</p><ul><li>Include all codes defined in <a href=\"CodeSystem-wh-payer-provider-type.html\"><code>http://ibm.com/fhir/cdm/CodeSystem/wh-payer-provider-type</code></a></li><li>Include all codes defined in <a href=\"http://terminology.hl7.org/3.1.0/CodeSystem-organization-type.html\"><code>http://terminology.hl7.org/CodeSystem/organization-type</code></a></li></ul></div>"},"url":"http://ibm.com/fhir/cdm/ValueSet/wh-organization-type","version":"7.0.0","name":"WhOrganizationTypeValueSet","title":"WH Organization Value Set","status":"active","date":"2022-09-07T20:41:11+00:00","publisher":"Alvearie Team","description":"Health Data Connect standard values for organization type","jurisdiction":[{"coding":[{"system":"urn:iso:std:iso:3166","code":"US"}]}],"compose":{"include":[{"system":"http://ibm.com/fhir/cdm/CodeSystem/wh-payer-provider-type"},{"system":"http://terminology.hl7.org/CodeSystem/organization-type"}]}}