{"resourceType":"ValueSet","id":"source-classification-values","text":{"status":"generated","div":"<div xmlns=\"http://www.w3.org/1999/xhtml\"><ul><li>Include all codes defined in <a href=\"CodeSystem-process-meta-source-classification.html\"><code>http://ibm.com/fhir/cdm/CodeSystem/process-meta-source-classification</code></a></li></ul></div>"},"url":"http://ibm.com/fhir/cdm/ValueSet/source-classification-values","version":"7.0.0","name":"SourceClassificationValueSet","title":"Source Classification Value Set","status":"active","date":"2022-09-01T22:10:22+00:00","publisher":"Alvearie Team","description":"Value set for classifying data origin","jurisdiction":[{"coding":[{"system":"urn:iso:std:iso:3166","code":"US"}]}],"compose":{"include":[{"system":"http://ibm.com/fhir/cdm/CodeSystem/process-meta-source-classification"}]}}