{"resourceType":"ValueSet","id":"wh-payer-claim-status","text":{"status":"generated","div":"<div xmlns=\"http://www.w3.org/1999/xhtml\"><ul><li>Include all codes defined in <a href=\"CodeSystem-wh-payer-claim-status.html\"><code>http://ibm.com/fhir/cdm/CodeSystem/wh-payer-claim-status</code></a></li></ul></div>"},"url":"http://ibm.com/fhir/cdm/ValueSet/wh-payer-claim-status","version":"7.0.0","name":"WHPayerClaimStatusValueSet","title":"Health Data Connect Claim Status Codes Value Set","status":"active","date":"2022-09-07T18:17:14+00:00","publisher":"Alvearie Team","description":"Health Data Connect  standard value set for the payment status of the claim.","jurisdiction":[{"coding":[{"system":"urn:iso:std:iso:3166","code":"US"}]}],"compose":{"include":[{"system":"http://ibm.com/fhir/cdm/CodeSystem/wh-payer-claim-status"}]}}