{"resourceType":"ValueSet","id":"eng-opt-out-reason","text":{"status":"generated","div":"<div xmlns=\"http://www.w3.org/1999/xhtml\"><ul><li>Include all codes defined in <a href=\"CodeSystem-eng-opt-out-reason.html\"><code>http://ibm.com/fhir/cdm/CodeSystem/eng-opt-out-reason</code></a></li></ul></div>"},"url":"http://ibm.com/fhir/cdm/ValueSet/eng-opt-out-reason","version":"7.0.0","name":"EngagementOptOutReasonValueSet","title":"Engagement Opt-Out Reason Value Set","status":"active","date":"2022-09-07T15:39:45+00:00","publisher":"Alvearie Team","description":"Codes indicating reasons patients may specify for opting-out of Engagement communications","jurisdiction":[{"coding":[{"system":"urn:iso:std:iso:3166","code":"US"}]}],"compose":{"include":[{"system":"http://ibm.com/fhir/cdm/CodeSystem/eng-opt-out-reason"}]}}