{"resourceType":"ValueSet","id":"diagnosis-present-on-admission","text":{"status":"generated","div":"<div xmlns=\"http://www.w3.org/1999/xhtml\"><ul><li>Include all codes defined in <a href=\"CodeSystem-diagnosis-present-on-admission.html\"><code>http://ibm.com/fhir/cdm/CodeSystem/diagnosis-present-on-admission</code></a></li></ul></div>"},"url":"http://ibm.com/fhir/cdm/ValueSet/diagnosis-present-on-admission","version":"7.0.0","name":"DiagnosisPresentOnAdmissionValueSet","title":"Diagnosis Present On Admission Value Set","status":"active","date":"2022-09-08T16:11:15+00:00","publisher":"Alvearie Team","description":"The Present On Admission (POA) value set for diagnosis codes on an inpatient acute care facility Claim","jurisdiction":[{"coding":[{"system":"urn:iso:std:iso:3166","code":"US"}]}],"compose":{"include":[{"system":"http://ibm.com/fhir/cdm/CodeSystem/diagnosis-present-on-admission"}]}}