{"resourceType":"ValueSet","id":"payer-ssi-status","text":{"status":"generated","div":"<div xmlns=\"http://www.w3.org/1999/xhtml\"><ul><li>Include all codes defined in <a href=\"CodeSystem-payer-ssi-status.html\"><code>http://linuxforhealth.org/fhir/cdm/CodeSystem/payer-ssi-status</code></a></li></ul></div>"},"url":"http://linuxforhealth.org/fhir/cdm/ValueSet/payer-ssi-status","version":"8.0.0","name":"PayerSsiStatusValueSet","title":"Payer SSI Status Value Set","status":"active","date":"2022-11-10T16:00:46+00:00","publisher":"LinuxForHealth Team","description":"Payer Supplemental Security Income (SSI) status value set for the person","jurisdiction":[{"coding":[{"system":"urn:iso:std:iso:3166","code":"US"}]}],"compose":{"include":[{"system":"http://linuxforhealth.org/fhir/cdm/CodeSystem/payer-ssi-status"}]}}