{"resourceType":"ValueSet","id":"patient-importance","text":{"status":"generated","div":"<div xmlns=\"http://www.w3.org/1999/xhtml\"><p>This value set includes codes based on the following rules:</p><ul><li>Import all the codes that are contained in <a href=\"http://terminology.hl7.org/3.1.0/ValueSet-v3-PatientImportance.html\">http://terminology.hl7.org/ValueSet/v3-PatientImportance</a></li><li>Include all codes defined in <a href=\"CodeSystem-patient-importance.html\"><code>http://ibm.com/fhir/cdm/CodeSystem/patient-importance</code></a></li></ul></div>"},"url":"http://ibm.com/fhir/cdm/ValueSet/patient-importance","version":"7.0.0","name":"PatientImportanceValueSet","title":"Patient Importance Value Set","status":"active","date":"2022-09-06T21:02:26+00:00","publisher":"Alvearie Team","description":"Patient importance status codes derived from customer-specific code mappings, used to trigger or limit Health Data Connect patient operations.","jurisdiction":[{"coding":[{"system":"urn:iso:std:iso:3166","code":"US"}]}],"compose":{"include":[{"valueSet":["http://terminology.hl7.org/ValueSet/v3-PatientImportance"]},{"system":"http://ibm.com/fhir/cdm/CodeSystem/patient-importance"}]}}