{"resourceType":"ValueSet","id":"claim-care-team-role","text":{"status":"generated","div":"<div xmlns=\"http://www.w3.org/1999/xhtml\"><ul><li>Include all codes defined in <a href=\"CodeSystem-claim-care-team-role.html\"><code>http://ibm.com/fhir/cdm/CodeSystem/claim-care-team-role</code></a></li></ul></div>"},"url":"http://ibm.com/fhir/cdm/ValueSet/claim-care-team-role","version":"7.0.0","name":"ClaimCareTeamRoleValueSet","title":"Claim Care Team Role Value Set","status":"active","date":"2022-09-07T18:58:38+00:00","publisher":"Alvearie Team","description":"Value set that defines the function of a team member within a care team","jurisdiction":[{"coding":[{"system":"urn:iso:std:iso:3166","code":"US"}]}],"compose":{"include":[{"system":"http://ibm.com/fhir/cdm/CodeSystem/claim-care-team-role"}]}}