{"resourceType":"ValueSet","id":"insured-category","text":{"status":"generated","div":"<div xmlns=\"http://www.w3.org/1999/xhtml\"><ul><li>Include all codes defined in <a href=\"CodeSystem-insured-category.html\"><code>http://ibm.com/fhir/cdm/CodeSystem/insured-category</code></a></li></ul></div>"},"url":"http://ibm.com/fhir/cdm/ValueSet/insured-category","version":"7.0.0","name":"InsuredCategoryValueSet","title":"Insured Category Value Set","status":"active","date":"2022-09-07T20:17:32+00:00","publisher":"Alvearie Team","description":"Value set that defines a category of insurance","jurisdiction":[{"coding":[{"system":"urn:iso:std:iso:3166","code":"US"}]}],"compose":{"include":[{"system":"http://ibm.com/fhir/cdm/CodeSystem/insured-category"}]}}