{"resourceType":"ValueSet","id":"procedure-modifier","text":{"status":"generated","div":"<div xmlns=\"http://www.w3.org/1999/xhtml\"><p>This value set includes codes based on the following rules:</p><ul><li>Include all codes defined in <a href=\"CodeSystem-procedure-modifier.html\"><code>http://ibm.com/fhir/cdm/CodeSystem/procedure-modifier</code></a></li><li>Include all codes defined in <code>https://oidref.com/2.16.840.1.113883.6.285</code></li></ul></div>"},"url":"http://ibm.com/fhir/cdm/ValueSet/procedure-modifier","version":"6.1.1","name":"ProcedureModifierValueSet","title":"Procedure Modifier Value Set","status":"active","date":"2022-06-06T15:56:40+00:00","publisher":"Alvearie Team","description":"The value set indicating the procedure modifiers","jurisdiction":[{"coding":[{"system":"urn:iso:std:iso:3166","code":"US"}]}],"compose":{"include":[{"system":"http://ibm.com/fhir/cdm/CodeSystem/procedure-modifier"},{"system":"https://oidref.com/2.16.840.1.113883.6.285"}]}}