{"resourceType":"ValueSet","id":"attribution-code-vs","text":{"status":"generated","div":"<div xmlns=\"http://www.w3.org/1999/xhtml\"><p>This value set includes codes based on the following rules:</p><ul><li>Include all codes defined in <a href=\"CodeSystem-attribution-code-system.html\"><code>http://ibm.com/fhir/cdm/CodeSystem/attribution-code-system</code></a></li><li>Include all codes defined in <a href=\"CodeSystem-attribution-source.html\"><code>http://ibm.com/fhir/cdm/CodeSystem/attribution-source</code></a></li><li>Include all codes defined in <a href=\"CodeSystem-attribution-product.html\"><code>http://ibm.com/fhir/cdm/CodeSystem/attribution-product</code></a></li></ul></div>"},"url":"http://ibm.com/fhir/cdm/ValueSet/attribution-code-vs","version":"7.0.0","name":"AttributionCodeValueSet","title":"Attribution Codes","status":"active","date":"2022-09-06T15:46:40+00:00","publisher":"Alvearie Team","description":"Types of attribution used to associate a patient to a provider","jurisdiction":[{"coding":[{"system":"urn:iso:std:iso:3166","code":"US"}]}],"compose":{"include":[{"system":"http://ibm.com/fhir/cdm/CodeSystem/attribution-code-system"},{"system":"http://ibm.com/fhir/cdm/CodeSystem/attribution-source"},{"system":"http://ibm.com/fhir/cdm/CodeSystem/attribution-product"}]}}