{"resourceType":"ValueSet","id":"eng-communication-mode","text":{"status":"generated","div":"<div xmlns=\"http://www.w3.org/1999/xhtml\"><ul><li>Include all codes defined in <a href=\"CodeSystem-eng-communication-mode.html\"><code>http://ibm.com/fhir/cdm/CodeSystem/eng-communication-mode</code></a></li></ul></div>"},"url":"http://ibm.com/fhir/cdm/ValueSet/eng-communication-mode","version":"7.0.0","name":"EngagementCommunicationModeValueSet","title":"Engagement Communication Mode Value Set","status":"active","date":"2022-09-01T21:41:49+00:00","publisher":"Alvearie Team","description":"Communication modes supported for Engagement communication","jurisdiction":[{"coding":[{"system":"urn:iso:std:iso:3166","code":"US"}]}],"compose":{"include":[{"system":"http://ibm.com/fhir/cdm/CodeSystem/eng-communication-mode"}]}}