{"resourceType":"ValueSet","id":"quality-measure-scoring","text":{"status":"extensions","div":"<div xmlns=\"http://www.w3.org/1999/xhtml\"><p>This value set includes codes based on the following rules:</p><ul><li>Include all codes defined in <a href=\"http://terminology.hl7.org/3.1.0/CodeSystem-measure-scoring.html\"><code>http://terminology.hl7.org/CodeSystem/measure-scoring</code></a></li></ul><p>This value set excludes codes based on the following rules:</p><ul><li>Exclude these codes as defined in <a href=\"http://terminology.hl7.org/3.1.0/CodeSystem-measure-scoring.html\"><code>http://terminology.hl7.org/CodeSystem/measure-scoring</code></a><table class=\"none\"><tr><td style=\"white-space:nowrap\"><b>Code</b></td><td><b>Display</b></td><td><b>Definition</b></td></tr><tr><td><a href=\"http://terminology.hl7.org/3.1.0/CodeSystem-measure-scoring.html#measure-scoring-continuous-variable\">continuous-variable</a></td><td>Continuous Variable</td><td>The score is defined by a calculation of some quantity.</td></tr><tr><td><a href=\"http://terminology.hl7.org/3.1.0/CodeSystem-measure-scoring.html#measure-scoring-cohort\">cohort</a></td><td>Cohort</td><td>The measure is a cohort definition.</td></tr></table></li></ul></div>"},"url":"http://ibm.com/fhir/cdm/ValueSet/quality-measure-scoring","version":"7.0.0","name":"QualityMeasureScoringValueSet","title":"Quality Measure Scoring Value Set","status":"active","date":"2022-09-06T21:02:26+00:00","publisher":"Alvearie Team","description":"Health Data Connect measure scoring methods for qualiity measures","jurisdiction":[{"coding":[{"system":"urn:iso:std:iso:3166","code":"US"}]}],"compose":{"include":[{"system":"http://terminology.hl7.org/CodeSystem/measure-scoring"}],"exclude":[{"system":"http://terminology.hl7.org/CodeSystem/measure-scoring","concept":[{"code":"continuous-variable"},{"code":"cohort"}]}]}}