{"resourceType":"ValueSet","id":"wh-payer-tanf-benefit","text":{"status":"generated","div":"<div xmlns=\"http://www.w3.org/1999/xhtml\"><ul><li>Include all codes defined in <a href=\"CodeSystem-wh-payer-tanf-benefit.html\"><code>http://ibm.com/fhir/cdm/CodeSystem/wh-payer-tanf-benefit</code></a></li></ul></div>"},"url":"http://ibm.com/fhir/cdm/ValueSet/wh-payer-tanf-benefit","version":"7.0.0","name":"WhPayerTanfBenefitValueSet","title":"Health Data Connect TANF Benefit Value Set","status":"active","date":"2022-09-01T21:20:10+00:00","publisher":"Alvearie Team","description":"Temporary Assistance for Needy Families (TANF) benefit value set for the person","jurisdiction":[{"coding":[{"system":"urn:iso:std:iso:3166","code":"US"}]}],"compose":{"include":[{"system":"http://ibm.com/fhir/cdm/CodeSystem/wh-payer-tanf-benefit"}]}}