{"resourceType":"ValueSet","id":"age-group","text":{"status":"generated","div":"<div xmlns=\"http://www.w3.org/1999/xhtml\"><ul><li>Include all codes defined in <a href=\"CodeSystem-age-group.html\"><code>http://ibm.com/fhir/cdm/CodeSystem/age-group</code></a></li></ul></div>"},"url":"http://ibm.com/fhir/cdm/ValueSet/age-group","version":"7.0.0","name":"AgeGroupValueSet","title":"Age Group Value Set","status":"active","date":"2022-09-01T20:48:10+00:00","publisher":"Alvearie Team","description":"Age group value set for claims.","jurisdiction":[{"coding":[{"system":"urn:iso:std:iso:3166","code":"US"}]}],"compose":{"include":[{"system":"http://ibm.com/fhir/cdm/CodeSystem/age-group"}]}}