{"resourceType":"ValueSet","id":"wh-diagnosis-type","text":{"status":"generated","div":"<div xmlns=\"http://www.w3.org/1999/xhtml\"><p>This value set includes codes based on the following rules:</p><ul><li>Include all codes defined in <a href=\"CodeSystem-wh-diagnosis-type.html\"><code>http://ibm.com/fhir/cdm/CodeSystem/wh-diagnosis-type</code></a></li><li>Include all codes defined in <a href=\"http://terminology.hl7.org/3.1.0/CodeSystem-ex-diagnosistype.html\"><code>http://terminology.hl7.org/CodeSystem/ex-diagnosistype</code></a></li></ul></div>"},"url":"http://ibm.com/fhir/cdm/ValueSet/wh-diagnosis-type","version":"7.0.0","name":"WhDiagnosisTypeValueSet","title":"Health Data Connect Diagnosis Type Value Set","status":"active","date":"2022-09-07T17:59:32+00:00","publisher":"Alvearie Team","description":"Health Data Connect value set for the diagnosis codes on a claim","jurisdiction":[{"coding":[{"system":"urn:iso:std:iso:3166","code":"US"}]}],"compose":{"include":[{"system":"http://ibm.com/fhir/cdm/CodeSystem/wh-diagnosis-type"},{"system":"http://terminology.hl7.org/CodeSystem/ex-diagnosistype"}]}}