{"resourceType":"ValueSet","id":"attribution-source","text":{"status":"generated","div":"<div xmlns=\"http://www.w3.org/1999/xhtml\"><ul><li>Include all codes defined in <a href=\"CodeSystem-attribution-source.html\"><code>http://ibm.com/fhir/cdm/CodeSystem/attribution-source</code></a></li></ul></div>"},"url":"http://ibm.com/fhir/cdm/ValueSet/attribution-source","version":"7.0.0","name":"AttributionSourceValueSet","title":"Attribution Source Value Set","status":"active","date":"2022-09-01T21:20:10+00:00","publisher":"Alvearie Team","description":"Sources of attribution used to associate a patient to a practitioner","jurisdiction":[{"coding":[{"system":"urn:iso:std:iso:3166","code":"US"}]}],"compose":{"include":[{"system":"http://ibm.com/fhir/cdm/CodeSystem/attribution-source"}]}}