{"resourceType":"ValueSet","id":"wh-payer-job-title-code","text":{"status":"generated","div":"<div xmlns=\"http://www.w3.org/1999/xhtml\"><p>This value set includes codes based on the following rules:</p><ul><li>Include all codes defined in <a href=\"http://terminology.hl7.org/3.1.0/CodeSystem-soc.html\"><code>http://terminology.hl7.org/CodeSystem/soc</code></a></li><li>Include all codes defined in <a href=\"CodeSystem-wh-payer-subscriber-relationship.html\"><code>http://ibm.com/fhir/cdm/CodeSystem/wh-payer-subscriber-relationship</code></a></li></ul></div>"},"url":"http://ibm.com/fhir/cdm/ValueSet/wh-payer-job-title-code","version":"7.0.0","name":"WhPayerJobTitleValueSet","title":"Health Data Connect Job Title Value Set","status":"active","date":"2022-09-01T22:10:22+00:00","publisher":"Alvearie Team","description":"Health Data Connect value set for the job title, based on Bureau of Labor Statistics, Standard Occupational Classification (SOC) system.","jurisdiction":[{"coding":[{"system":"urn:iso:std:iso:3166","code":"US"}]}],"compose":{"include":[{"system":"http://terminology.hl7.org/CodeSystem/soc"},{"system":"http://ibm.com/fhir/cdm/CodeSystem/wh-payer-subscriber-relationship"}]}}