{"resourceType":"ValueSet","id":"procedure-type","text":{"status":"generated","div":"<div xmlns=\"http://www.w3.org/1999/xhtml\"><ul><li>Include all codes defined in <a href=\"CodeSystem-procedure-type.html\"><code>http://ibm.com/fhir/cdm/CodeSystem/procedure-type</code></a></li></ul></div>"},"url":"http://ibm.com/fhir/cdm/ValueSet/procedure-type","version":"7.0.0","name":"ProcedureTypeValueSet","title":"Procedure Type Value Set","status":"active","date":"2022-09-07T20:17:32+00:00","publisher":"Alvearie Team","description":"The value set indicating the procedure type","jurisdiction":[{"coding":[{"system":"urn:iso:std:iso:3166","code":"US"}]}],"compose":{"include":[{"system":"http://ibm.com/fhir/cdm/CodeSystem/procedure-type"}]}}