{"resourceType":"ValueSet","id":"claim-supporting-info-category","text":{"status":"generated","div":"<div xmlns=\"http://www.w3.org/1999/xhtml\"><p>This value set includes codes based on the following rules:</p><ul><li>Include all codes defined in <a href=\"http://terminology.hl7.org/3.1.0/CodeSystem-claiminformationcategory.html\"><code>http://terminology.hl7.org/CodeSystem/claiminformationcategory</code></a></li><li>Include all codes defined in <a href=\"CodeSystem-claim-supporting-info-category.html\"><code>http://ibm.com/fhir/cdm/CodeSystem/claim-supporting-info-category</code></a></li></ul></div>"},"url":"http://ibm.com/fhir/cdm/ValueSet/claim-supporting-info-category","version":"7.0.0","name":"ClaimSupportingInfoCategoryValueSet","title":"Claim Supporting Info Category Value Set","status":"active","date":"2022-09-07T18:17:14+00:00","publisher":"Alvearie Team","description":"Category that groups related types of supporting info supplied on the claim","jurisdiction":[{"coding":[{"system":"urn:iso:std:iso:3166","code":"US"}]}],"compose":{"include":[{"system":"http://terminology.hl7.org/CodeSystem/claiminformationcategory"},{"system":"http://ibm.com/fhir/cdm/CodeSystem/claim-supporting-info-category"}]}}