{"resourceType":"ValueSet","id":"measure-population-type","text":{"status":"generated","div":"<div xmlns=\"http://www.w3.org/1999/xhtml\"><p>This value set includes codes based on the following rules:</p><ul><li>Include all codes defined in <a href=\"http://terminology.hl7.org/4.0.0/CodeSystem-measure-population.html\"><code>http://terminology.hl7.org/CodeSystem/measure-population</code></a></li><li>Include all codes defined in <a href=\"CodeSystem-measure-population-type.html\"><code>http://linuxforhealth.org/fhir/cdm/CodeSystem/measure-population-type</code></a></li></ul></div>"},"url":"http://linuxforhealth.org/fhir/cdm/ValueSet/measure-population-type","version":"8.0.0","name":"MeasurePopulationTypeValueSet","title":"Measure Population Type Value Set","status":"active","date":"2022-11-10T16:00:46+00:00","publisher":"LinuxForHealth Team","description":"LinuxForHealth measure population types","jurisdiction":[{"coding":[{"system":"urn:iso:std:iso:3166","code":"US"}]}],"compose":{"include":[{"system":"http://terminology.hl7.org/CodeSystem/measure-population"},{"system":"http://linuxforhealth.org/fhir/cdm/CodeSystem/measure-population-type"}]}}