{"resourceType":"ValueSet","id":"legal-document-system","text":{"status":"generated","div":"<div xmlns=\"http://www.w3.org/1999/xhtml\"><ul><li>Include all codes defined in <a href=\"CodeSystem-legal-document-system.html\"><code>http://ibm.com/fhir/cdm/CodeSystem/legal-document-system</code></a></li></ul></div>"},"url":"http://ibm.com/fhir/cdm/ValueSet/legal-document-system","version":"7.0.0","name":"LegalDocumentSystemValueSet","title":"Legal Document System Value Set","status":"active","date":"2022-09-07T18:58:38+00:00","publisher":"Alvearie Team","description":"Codes indicating the system of legal document used for identification","jurisdiction":[{"coding":[{"system":"urn:iso:std:iso:3166","code":"US"}]}],"compose":{"include":[{"system":"http://ibm.com/fhir/cdm/CodeSystem/legal-document-system"}]}}