{"resourceType":"ValueSet","id":"wh-claim-subtype","text":{"status":"generated","div":"<div xmlns=\"http://www.w3.org/1999/xhtml\"><ul><li>Include all codes defined in <a href=\"CodeSystem-wh-claim-subtype.html\"><code>http://ibm.com/fhir/cdm/CodeSystem/wh-claim-subtype</code></a></li></ul></div>"},"url":"http://ibm.com/fhir/cdm/ValueSet/wh-claim-subtype","version":"7.0.0","name":"WhClaimSubtypeValueSet","title":"Health Data Connect Claim Subtype Value Set","status":"active","date":"2022-09-07T18:17:14+00:00","publisher":"Alvearie Team","description":"Health Data Connect value set for the claim subtypes used to further define the claim type","jurisdiction":[{"coding":[{"system":"urn:iso:std:iso:3166","code":"US"}]}],"compose":{"include":[{"system":"http://ibm.com/fhir/cdm/CodeSystem/wh-claim-subtype"}]}}