{"resourceType":"ValueSet","id":"eng-communication-status","text":{"status":"generated","div":"<div xmlns=\"http://www.w3.org/1999/xhtml\"><ul><li>Include all codes defined in <a href=\"CodeSystem-eng-communication-status-reason.html\"><code>http://ibm.com/fhir/cdm/CodeSystem/eng-communication-status-reason</code></a></li></ul></div>"},"url":"http://ibm.com/fhir/cdm/ValueSet/eng-communication-status","version":"6.1.0","name":"EngagementCommunicationStatusReasonValueSet","title":"Engagement Communication Status Reason Value Set","status":"active","date":"2022-05-31T20:10:14+00:00","publisher":"Alvearie Team","description":"Status codes detailing the reason and status history for an Engagement communication.","jurisdiction":[{"coding":[{"system":"urn:iso:std:iso:3166","code":"US"}]}],"compose":{"include":[{"system":"http://ibm.com/fhir/cdm/CodeSystem/eng-communication-status-reason"}]}}