{"resourceType":"ValueSet","id":"insurance-plan-cost-category","text":{"status":"generated","div":"<div xmlns=\"http://www.w3.org/1999/xhtml\"><ul><li>Include all codes defined in <a href=\"CodeSystem-insurance-plan-cost-category.html\"><code>http://ibm.com/fhir/cdm/CodeSystem/insurance-plan-cost-category</code></a></li></ul></div>"},"url":"http://ibm.com/fhir/cdm/ValueSet/insurance-plan-cost-category","version":"7.0.0","name":"InsurancePlanCostCategoryValueSet","title":"Insurance Plan Cost Category Value Set","status":"active","date":"2022-09-07T17:21:01+00:00","publisher":"Alvearie Team","description":"The value set that indicates the specific benefit categories a member may have (medical, dental, vision, etc) based on benefit election.","jurisdiction":[{"coding":[{"system":"urn:iso:std:iso:3166","code":"US"}]}],"compose":{"include":[{"system":"http://ibm.com/fhir/cdm/CodeSystem/insurance-plan-cost-category"}]}}