{"resourceType":"ValueSet","id":"adjudication-category","text":{"status":"generated","div":"<div xmlns=\"http://www.w3.org/1999/xhtml\"><ul><li>Include all codes defined in <a href=\"CodeSystem-adjudication-category.html\"><code>http://ibm.com/fhir/cdm/CodeSystem/adjudication-category</code></a></li></ul></div>"},"url":"http://ibm.com/fhir/cdm/ValueSet/adjudication-category","version":"7.0.0","name":"AdjudicationCategoryValueSet","title":"Adjudication Category Value Set","status":"active","date":"2022-09-01T21:41:49+00:00","publisher":"Alvearie Team","description":"Adjudication category value set for claims","jurisdiction":[{"coding":[{"system":"urn:iso:std:iso:3166","code":"US"}]}],"compose":{"include":[{"system":"http://ibm.com/fhir/cdm/CodeSystem/adjudication-category"}]}}