{
  "resourceType": "Appointment",
  "id": "AppointmentExample",
  "meta": {
    "extension": [
      {
        "url": "http://ibm.com/fhir/cdm/StructureDefinition/tenant-id",
        "valueString": "99999"
      },
      {
        "url": "http://ibm.com/fhir/cdm/StructureDefinition/ingestion-batch-id",
        "valueString": "b069a545-9506-40c6-8498-23de2e189143"
      }
    ],
    "source": "http://acme-health.com/epic",
    "profile": [
      "http://ibm.com/fhir/cdm/StructureDefinition/cdm-appointment"
    ]
  },
  "text": {
    "status": "generated",
    "div": "<div xmlns=\"http://www.w3.org/1999/xhtml\"><p><b>Generated Narrative</b></p><p><b>identifier</b>: Source System Row Identifier: 7e5ce175-e626-43ec-b8d2-9c1c1207e9ba (OFFICIAL)</p><p><b>status</b>: booked</p><p><b>serviceCategory</b>: <span title=\"Codes: {http://terminology.hl7.org/CodeSystem/service-category 17}\">General Practice</span></p><p><b>serviceType</b>: <span title=\"Codes: {http://terminology.hl7.org/CodeSystem/service-type 367}\">Hypertension</span></p><p><b>specialty</b>: <span title=\"Codes: {http://snomed.info/sct 394802001}\">General medicine</span></p><p><b>appointmentType</b>: <span title=\"Codes: {http://terminology.hl7.org/CodeSystem/v2-0276 CHECKUP}\">A routine check-up, such as an annual physical</span></p><p><b>reasonCode</b>: <span title=\"Codes: {http://snomed.info/sct 1201005}\">Benign essential hypertension</span></p><p><b>start</b>: Apr 15, 2020, 9:00:00 AM</p><p><b>end</b>: Apr 15, 2020, 9:15:00 AM</p><p><b>minutesDuration</b>: 15</p><p><b>created</b>: Apr 1, 2020, 11:45:00 AM</p><p><b>comment</b>: Patient medications working as expected. DM under control. Refill Bytolic and Valartan.</p><p><b>patientInstruction</b>: Take your meds every day.  Excercise more, eat less!</p><blockquote><p><b>participant</b></p><p><b>actor</b>: <a href=\"Patient-CDMPatientInstance.html\">Generated Summary: Source System Row Identifier: unencryp-id1234 (OFFICIAL), Source System Row Identifier: encryp-id1234 (SECONDARY), Medical record number: 1011110101 (OFFICIAL), Medical record number: 1011110101 (USUAL), Social Beneficiary Identifier: 0001223333 (OFFICIAL), Social Beneficiary Identifier: 1CA0CA0CC00 (OFFICIAL), Social Beneficiary Identifier: 987654321000 (OFFICIAL); active; Firstname McLastname ; , Phone: 216-345-2662, Phone: 216-555-2222, fmclastname@fakemail.com; gender: male; birthDate: 1990-01-04; deceased: Sep 28, 2020, 12:00:00 AM</a></p><p><b>required</b>: required</p><p><b>status</b>: accepted</p></blockquote><blockquote><p><b>participant</b></p><p><b>type</b>: <span title=\"Codes: {http://terminology.hl7.org/CodeSystem/v3-ParticipationType PPRF}\">primary performer</span></p><p><b>actor</b>: <a href=\"Practitioner-DrKelly.html\">Generated Summary: Source System Row Identifier: 0d82c96d-98c5-46cf-911d-a41991601320 (OFFICIAL), PRN: 1122334499 (OFFICIAL), Tax ID number: 123456789 (SECONDARY); Dr Debra R Kelly, MD; Phone: 214-555-2100, Fax: 214-555-2101, drkelly@kellyclinic.com</a></p><p><b>required</b>: required</p><p><b>status</b>: accepted</p><p><b>period</b>: Apr 15, 2020, 9:00:00 AM --&gt; Apr 15, 2020, 9:15:00 AM</p></blockquote><blockquote><p><b>participant</b></p><p><b>actor</b>: <a href=\"Location-KellyClinic.html\">Generated Summary: Source System Row Identifier: 7d5007d6-edd0-48b5-b34f-5c5f948b6d13 (OFFICIAL), Tax ID number: 223338765 (SECONDARY); status: active; name: Kelly Clinic; mode: instance; <span title=\"Codes: {http://terminology.hl7.org/CodeSystem/v3-RoleCode FMC}\">Family medicine clinic</span>; Phone: 214-555-2100, Fax: 214-555-2101; <span title=\"Codes: {http://terminology.hl7.org/CodeSystem/location-physical-type bu}\">Building</span></a></p><p><b>required</b>: required</p><p><b>status</b>: accepted</p><p><b>period</b>: Apr 15, 2020, 9:00:00 AM --&gt; Apr 15, 2020, 9:15:00 AM</p></blockquote></div>"
  },
  "identifier": [
    {
      "use": "official",
      "type": {
        "coding": [
          {
            "system": "http://ibm.com/fhir/cdm/CodeSystem/identifier-type",
            "code": "SSRI"
          }
        ]
      },
      "system": "http://acme-health.com/epic/appointment",
      "value": "7e5ce175-e626-43ec-b8d2-9c1c1207e9ba",
      "assigner": {
        "display": "Acme Health - Epic"
      }
    }
  ],
  "status": "booked",
  "serviceCategory": [
    {
      "coding": [
        {
          "system": "http://terminology.hl7.org/CodeSystem/service-category",
          "code": "17",
          "display": "General Practice"
        }
      ]
    }
  ],
  "serviceType": [
    {
      "coding": [
        {
          "system": "http://terminology.hl7.org/CodeSystem/service-type",
          "code": "367",
          "display": "Hypertension"
        }
      ]
    }
  ],
  "specialty": [
    {
      "coding": [
        {
          "system": "http://snomed.info/sct",
          "code": "394802001",
          "display": "General medicine"
        }
      ]
    }
  ],
  "appointmentType": {
    "coding": [
      {
        "system": "http://terminology.hl7.org/CodeSystem/v2-0276",
        "code": "CHECKUP"
      }
    ]
  },
  "reasonCode": [
    {
      "coding": [
        {
          "system": "http://snomed.info/sct",
          "code": "1201005",
          "display": "Benign essential hypertension"
        }
      ]
    }
  ],
  "start": "2020-04-15T09:00:00Z",
  "end": "2020-04-15T09:15:00Z",
  "minutesDuration": 15,
  "created": "2020-04-01T11:45:00Z",
  "comment": "Patient medications working as expected. DM under control. Refill Bytolic and Valartan.",
  "patientInstruction": "Take your meds every day.  Excercise more, eat less!",
  "participant": [
    {
      "actor": {
        "reference": "Patient/CDMPatientInstance"
      },
      "required": "required",
      "status": "accepted"
    },
    {
      "type": [
        {
          "coding": [
            {
              "system": "http://terminology.hl7.org/CodeSystem/v3-ParticipationType",
              "code": "PPRF",
              "display": "primary performer"
            }
          ]
        }
      ],
      "actor": {
        "reference": "Practitioner/DrKelly"
      },
      "required": "required",
      "status": "accepted",
      "period": {
        "start": "2020-04-15T09:00:00Z",
        "end": "2020-04-15T09:15:00Z"
      }
    },
    {
      "actor": {
        "reference": "Location/KellyClinic"
      },
      "required": "required",
      "status": "accepted",
      "period": {
        "start": "2020-04-15T09:00:00Z",
        "end": "2020-04-15T09:15:00Z"
      }
    }
  ]
}