{
  "resourceType": "CodeSystem",
  "id": "attribution-code-system",
  "text": {
    "status": "generated",
    "div": "<div xmlns=\"http://www.w3.org/1999/xhtml\"><p>This code system <code>http://linuxforhealth.org/fhir/cdm/CodeSystem/attribution-code-system</code> defines the following codes:</p><table class=\"codes\"><tr><td style=\"white-space:nowrap\"><b>Code</b></td><td><b>Display</b></td><td><b>Definition</b></td></tr><tr><td style=\"white-space:nowrap\">adv-imputed-pcp<a name=\"attribution-code-system-adv-imputed-pcp\"> </a></td><td>Advantage Imputed PCP</td><td>Primary care physician imputed by the Advantage pipeline</td></tr><tr><td style=\"white-space:nowrap\">client-emr-pcp<a name=\"attribution-code-system-client-emr-pcp\"> </a></td><td>Client EMR PCP</td><td>Primary care physician recorded in a client's PMS or EMR system</td></tr><tr><td style=\"white-space:nowrap\">eng-attr-pcp<a name=\"attribution-code-system-eng-attr-pcp\"> </a></td><td>Engagement Attributed PCP</td><td>Primary care physician attributed by the patient engagement pipeline</td></tr><tr><td style=\"white-space:nowrap\">eng-attr-specialist<a name=\"attribution-code-system-eng-attr-specialist\"> </a></td><td>Engagement Attributed Specialist</td><td>Specialist physician attributed by the patient engagement pipeline</td></tr><tr><td style=\"white-space:nowrap\">enrollment<a name=\"attribution-code-system-enrollment\"> </a></td><td>Enrollment</td><td>Practitioner provided on the eligibility record</td></tr></table></div>"
  },
  "url": "http://linuxforhealth.org/fhir/cdm/CodeSystem/attribution-code-system",
  "version": "8.0.0",
  "name": "AttributionCodeSystem",
  "title": "Attribution Codes",
  "status": "active",
  "date": "2022-11-10T16:00:46+00:00",
  "publisher": "LinuxForHealth Team",
  "description": "Types of attribution used to associate a patient to a provider",
  "jurisdiction": [
    {
      "coding": [
        {
          "system": "urn:iso:std:iso:3166",
          "code": "US"
        }
      ]
    }
  ],
  "caseSensitive": true,
  "content": "complete",
  "count": 5,
  "concept": [
    {
      "code": "adv-imputed-pcp",
      "display": "Advantage Imputed PCP",
      "definition": "Primary care physician imputed by the Advantage pipeline"
    },
    {
      "code": "client-emr-pcp",
      "display": "Client EMR PCP",
      "definition": "Primary care physician recorded in a client's PMS or EMR system"
    },
    {
      "code": "eng-attr-pcp",
      "display": "Engagement Attributed PCP",
      "definition": "Primary care physician attributed by the patient engagement pipeline"
    },
    {
      "code": "eng-attr-specialist",
      "display": "Engagement Attributed Specialist",
      "definition": "Specialist physician attributed by the patient engagement pipeline"
    },
    {
      "code": "enrollment",
      "display": "Enrollment",
      "definition": "Practitioner provided on the eligibility record"
    }
  ]
}