{
  "resourceType": "CodeSystem",
  "id": "medication-knowledge-cost-type",
  "text": {
    "status": "generated",
    "div": "<div xmlns=\"http://www.w3.org/1999/xhtml\"><p>This code system http://ibm.com/fhir/cdm/CodeSystem/medication-knowledge-cost-type defines the following codes:</p><table class=\"codes\"><tr><td style=\"white-space:nowrap\"><b>Code</b></td><td><b>Display</b></td></tr><tr><td style=\"white-space:nowrap\">federal-upper-limit<a name=\"medication-knowledge-cost-type-federal-upper-limit\"> </a></td><td>The federal upper limit price for the NDC of a drug claim</td></tr></table></div>"
  },
  "url": "http://ibm.com/fhir/cdm/CodeSystem/medication-knowledge-cost-type",
  "version": "7.0.0",
  "name": "WhPayerMedicationKnowledgeCostTypeCodeSystem",
  "title": "Health Data Connect Medication Knowledge Cost Type Codes",
  "status": "active",
  "date": "2022-09-06T21:25:20+00:00",
  "publisher": "Alvearie Team",
  "description": "Health Data Connect medication knowledge cost type code",
  "jurisdiction": [
    {
      "coding": [
        {
          "system": "urn:iso:std:iso:3166",
          "code": "US"
        }
      ]
    }
  ],
  "caseSensitive": true,
  "content": "complete",
  "count": 1,
  "concept": [
    {
      "code": "federal-upper-limit",
      "display": "The federal upper limit price for the NDC of a drug claim"
    }
  ]
}