{
  "resourceType": "CodeSystem",
  "id": "hipaa-benefit-status",
  "text": {
    "status": "generated",
    "div": "<div xmlns=\"http://www.w3.org/1999/xhtml\"><p>This code system http://ibm.com/fhir/cdm/CodeSystem/hipaa-benefit-status defines the following codes:</p><table class=\"codes\"><tr><td style=\"white-space:nowrap\"><b>Code</b></td><td><b>Display</b></td><td><b>Definition</b></td></tr><tr><td style=\"white-space:nowrap\">A<a name=\"hipaa-benefit-status-A\"> </a></td><td>Active</td><td>Active benefit</td></tr><tr><td style=\"white-space:nowrap\">C<a name=\"hipaa-benefit-status-C\"> </a></td><td>COBRA</td><td>Consolidated Omnibus Budget Reconciliation Act (COBRA) benefit</td></tr><tr><td style=\"white-space:nowrap\">S<a name=\"hipaa-benefit-status-S\"> </a></td><td>Surviving Insured</td><td>Surviving insured benefit</td></tr><tr><td style=\"white-space:nowrap\">T<a name=\"hipaa-benefit-status-T\"> </a></td><td>TEFRA</td><td>Tax Equity and Fiscal Responsibility Act (TEFRA) benefit</td></tr></table></div>"
  },
  "url": "http://ibm.com/fhir/cdm/CodeSystem/hipaa-benefit-status",
  "version": "7.0.0",
  "name": "HipaaBenefitStatusCodeSystem",
  "title": "HIPAA Benefit Status Codes",
  "status": "active",
  "date": "2022-09-07T20:17:32+00:00",
  "publisher": "Alvearie Team",
  "description": "HIPAA standard codes for the benefit status",
  "jurisdiction": [
    {
      "coding": [
        {
          "system": "urn:iso:std:iso:3166",
          "code": "US"
        }
      ]
    }
  ],
  "caseSensitive": true,
  "content": "complete",
  "count": 4,
  "concept": [
    {
      "code": "A",
      "display": "Active",
      "definition": "Active benefit"
    },
    {
      "code": "C",
      "display": "COBRA",
      "definition": "Consolidated Omnibus Budget Reconciliation Act (COBRA) benefit"
    },
    {
      "code": "S",
      "display": "Surviving Insured",
      "definition": "Surviving insured benefit"
    },
    {
      "code": "T",
      "display": "TEFRA",
      "definition": "Tax Equity and Fiscal Responsibility Act (TEFRA) benefit"
    }
  ]
}