{
  "resourceType": "CodeSystem",
  "id": "wh-diagnosis-type",
  "text": {
    "status": "generated",
    "div": "<div xmlns=\"http://www.w3.org/1999/xhtml\"><p>This code system <code>http://ibm.com/fhir/cdm/CodeSystem/wh-diagnosis-type</code> defines the following codes:</p><table class=\"codes\"><tr><td style=\"white-space:nowrap\"><b>Code</b></td><td><b>Display</b></td><td><b>Definition</b></td></tr><tr><td style=\"white-space:nowrap\">external-cause<a name=\"wh-diagnosis-type-external-cause\"> </a></td><td>External Cause</td><td>ICD diagnosis external cause code on the facility claim record</td></tr></table></div>"
  },
  "url": "http://ibm.com/fhir/cdm/CodeSystem/wh-diagnosis-type",
  "version": "7.0.0",
  "name": "WhDiagnosisTypeCodeSystem",
  "title": "Health Data Connect Diagnosis Type Codes",
  "status": "active",
  "date": "2022-09-08T16:11:15+00:00",
  "publisher": "Alvearie Team",
  "description": "Health Data Connect standard codes for the diagnosis codes on a claim",
  "jurisdiction": [
    {
      "coding": [
        {
          "system": "urn:iso:std:iso:3166",
          "code": "US"
        }
      ]
    }
  ],
  "caseSensitive": true,
  "content": "complete",
  "count": 1,
  "concept": [
    {
      "code": "external-cause",
      "display": "External Cause",
      "definition": "ICD diagnosis external cause code on the facility claim record"
    }
  ]
}