{
  "resourceType": "CodeSystem",
  "id": "procedure-type",
  "text": {
    "status": "generated",
    "div": "<div xmlns=\"http://www.w3.org/1999/xhtml\"><p>This code system http://ibm.com/fhir/cdm/CodeSystem/procedure-type defines the following codes:</p><table class=\"codes\"><tr><td style=\"white-space:nowrap\"><b>Code</b></td><td><b>Display</b></td></tr><tr><td style=\"white-space:nowrap\">surgical<a name=\"procedure-type-surgical\"> </a></td><td>surgical</td></tr></table></div>"
  },
  "url": "http://ibm.com/fhir/cdm/CodeSystem/procedure-type",
  "version": "7.0.0",
  "name": "ProcedureTypeCodeSystem",
  "title": "Procedure Type Codes",
  "status": "active",
  "date": "2022-09-06T21:02:26+00:00",
  "publisher": "Alvearie Team",
  "description": "Codes indicating the procedure type",
  "jurisdiction": [
    {
      "coding": [
        {
          "system": "urn:iso:std:iso:3166",
          "code": "US"
        }
      ]
    }
  ],
  "caseSensitive": true,
  "content": "complete",
  "count": 1,
  "concept": [
    {
      "code": "surgical",
      "display": "surgical"
    }
  ]
}