{
  "resourceType": "CodeSystem",
  "id": "wh-payer-major-diagnostic-category",
  "text": {
    "status": "generated",
    "div": "<div xmlns=\"http://www.w3.org/1999/xhtml\"><p>This code system http://ibm.com/fhir/cdm/CodeSystem/wh-payer-major-diagnostic-category defines the following codes:</p><table class=\"codes\"><tr><td style=\"white-space:nowrap\"><b>Code</b></td><td><b>Display</b></td><td><b>Definition</b></td></tr><tr><td style=\"white-space:nowrap\">0<a name=\"wh-payer-major-diagnostic-category-0\"> </a></td><td>Missing/Invalid Diagnosis</td><td>Missing/Invalid Diagnosis</td></tr><tr><td style=\"white-space:nowrap\">1<a name=\"wh-payer-major-diagnostic-category-1\"> </a></td><td>Nervous</td><td>Nervous</td></tr><tr><td style=\"white-space:nowrap\">2<a name=\"wh-payer-major-diagnostic-category-2\"> </a></td><td>Eye</td><td>Eye</td></tr><tr><td style=\"white-space:nowrap\">3<a name=\"wh-payer-major-diagnostic-category-3\"> </a></td><td>Ear, Nose, Mouth &amp; Throat</td><td>Ear, Nose, Mouth &amp; Throat</td></tr><tr><td style=\"white-space:nowrap\">4<a name=\"wh-payer-major-diagnostic-category-4\"> </a></td><td>Respiratory</td><td>Respiratory</td></tr><tr><td style=\"white-space:nowrap\">5<a name=\"wh-payer-major-diagnostic-category-5\"> </a></td><td>Circulatory</td><td>Circulatory</td></tr><tr><td style=\"white-space:nowrap\">6<a name=\"wh-payer-major-diagnostic-category-6\"> </a></td><td>Digestive</td><td>Digestive</td></tr><tr><td style=\"white-space:nowrap\">7<a name=\"wh-payer-major-diagnostic-category-7\"> </a></td><td>Liver, Pancreas</td><td>Liver, Pancreas</td></tr><tr><td style=\"white-space:nowrap\">8<a name=\"wh-payer-major-diagnostic-category-8\"> </a></td><td>Musculoskeletal</td><td>Musculoskeletal</td></tr><tr><td style=\"white-space:nowrap\">9<a name=\"wh-payer-major-diagnostic-category-9\"> </a></td><td>Skin, Breast</td><td>Skin, Breast</td></tr><tr><td style=\"white-space:nowrap\">10<a name=\"wh-payer-major-diagnostic-category-10\"> </a></td><td>Metabolic</td><td>Metabolic</td></tr><tr><td style=\"white-space:nowrap\">11<a name=\"wh-payer-major-diagnostic-category-11\"> </a></td><td>Kidney</td><td>Kidney</td></tr><tr><td style=\"white-space:nowrap\">12<a name=\"wh-payer-major-diagnostic-category-12\"> </a></td><td>Male Reproductive</td><td>Male Reproductive</td></tr><tr><td style=\"white-space:nowrap\">13<a name=\"wh-payer-major-diagnostic-category-13\"> </a></td><td>Female Reproductive</td><td>Female Reproductive</td></tr><tr><td style=\"white-space:nowrap\">14<a name=\"wh-payer-major-diagnostic-category-14\"> </a></td><td>Pregnancy, Childbirth</td><td>Pregnancy, Childbirth</td></tr><tr><td style=\"white-space:nowrap\">15<a name=\"wh-payer-major-diagnostic-category-15\"> </a></td><td>Newborns</td><td>Newborns</td></tr><tr><td style=\"white-space:nowrap\">16<a name=\"wh-payer-major-diagnostic-category-16\"> </a></td><td>Blood</td><td>Blood</td></tr><tr><td style=\"white-space:nowrap\">17<a name=\"wh-payer-major-diagnostic-category-17\"> </a></td><td>Myeloproliferative Diseases</td><td>Myeloproliferative Diseases</td></tr><tr><td style=\"white-space:nowrap\">18<a name=\"wh-payer-major-diagnostic-category-18\"> </a></td><td>Infections</td><td>Infections</td></tr><tr><td style=\"white-space:nowrap\">19<a name=\"wh-payer-major-diagnostic-category-19\"> </a></td><td>Mental</td><td>Mental</td></tr><tr><td style=\"white-space:nowrap\">20<a name=\"wh-payer-major-diagnostic-category-20\"> </a></td><td>Alcohol/Drug Use</td><td>Alcohol/Drug Use</td></tr><tr><td style=\"white-space:nowrap\">21<a name=\"wh-payer-major-diagnostic-category-21\"> </a></td><td>Injuries, Poisonings</td><td>Injuries, Poisonings</td></tr><tr><td style=\"white-space:nowrap\">22<a name=\"wh-payer-major-diagnostic-category-22\"> </a></td><td>Burns</td><td>Burns</td></tr><tr><td style=\"white-space:nowrap\">23<a name=\"wh-payer-major-diagnostic-category-23\"> </a></td><td>Health Status</td><td>Health Status</td></tr><tr><td style=\"white-space:nowrap\">24<a name=\"wh-payer-major-diagnostic-category-24\"> </a></td><td>Multiple Trauma</td><td>Multiple Trauma</td></tr><tr><td style=\"white-space:nowrap\">25<a name=\"wh-payer-major-diagnostic-category-25\"> </a></td><td>HIV Infections</td><td>HIV Infections</td></tr></table></div>"
  },
  "url": "http://ibm.com/fhir/cdm/CodeSystem/wh-payer-major-diagnostic-category",
  "version": "7.0.0",
  "name": "WHPayerMajorDiagnosticCategoryCodeSystem",
  "title": "Health Data Connect Major Diagnostic Category Codes",
  "status": "active",
  "date": "2022-09-07T17:21:01+00:00",
  "publisher": "Alvearie Team",
  "description": "Health Data Connect standard major diagnostic category codes",
  "jurisdiction": [
    {
      "coding": [
        {
          "system": "urn:iso:std:iso:3166",
          "code": "US"
        }
      ]
    }
  ],
  "caseSensitive": true,
  "content": "complete",
  "count": 26,
  "concept": [
    {
      "code": "0",
      "display": "Missing/Invalid Diagnosis",
      "definition": "Missing/Invalid Diagnosis"
    },
    {
      "code": "1",
      "display": "Nervous",
      "definition": "Nervous"
    },
    {
      "code": "2",
      "display": "Eye",
      "definition": "Eye"
    },
    {
      "code": "3",
      "display": "Ear, Nose, Mouth & Throat",
      "definition": "Ear, Nose, Mouth & Throat"
    },
    {
      "code": "4",
      "display": "Respiratory",
      "definition": "Respiratory"
    },
    {
      "code": "5",
      "display": "Circulatory",
      "definition": "Circulatory"
    },
    {
      "code": "6",
      "display": "Digestive",
      "definition": "Digestive"
    },
    {
      "code": "7",
      "display": "Liver, Pancreas",
      "definition": "Liver, Pancreas"
    },
    {
      "code": "8",
      "display": "Musculoskeletal",
      "definition": "Musculoskeletal"
    },
    {
      "code": "9",
      "display": "Skin, Breast",
      "definition": "Skin, Breast"
    },
    {
      "code": "10",
      "display": "Metabolic",
      "definition": "Metabolic"
    },
    {
      "code": "11",
      "display": "Kidney",
      "definition": "Kidney"
    },
    {
      "code": "12",
      "display": "Male Reproductive",
      "definition": "Male Reproductive"
    },
    {
      "code": "13",
      "display": "Female Reproductive",
      "definition": "Female Reproductive"
    },
    {
      "code": "14",
      "display": "Pregnancy, Childbirth",
      "definition": "Pregnancy, Childbirth"
    },
    {
      "code": "15",
      "display": "Newborns",
      "definition": "Newborns"
    },
    {
      "code": "16",
      "display": "Blood",
      "definition": "Blood"
    },
    {
      "code": "17",
      "display": "Myeloproliferative Diseases",
      "definition": "Myeloproliferative Diseases"
    },
    {
      "code": "18",
      "display": "Infections",
      "definition": "Infections"
    },
    {
      "code": "19",
      "display": "Mental",
      "definition": "Mental"
    },
    {
      "code": "20",
      "display": "Alcohol/Drug Use",
      "definition": "Alcohol/Drug Use"
    },
    {
      "code": "21",
      "display": "Injuries, Poisonings",
      "definition": "Injuries, Poisonings"
    },
    {
      "code": "22",
      "display": "Burns",
      "definition": "Burns"
    },
    {
      "code": "23",
      "display": "Health Status",
      "definition": "Health Status"
    },
    {
      "code": "24",
      "display": "Multiple Trauma",
      "definition": "Multiple Trauma"
    },
    {
      "code": "25",
      "display": "HIV Infections",
      "definition": "HIV Infections"
    }
  ]
}