{
  "resourceType": "CodeSystem",
  "id": "patient-status",
  "text": {
    "status": "generated",
    "div": "<div xmlns=\"http://www.w3.org/1999/xhtml\"><p>This code system http://ibm.com/fhir/cdm/CodeSystem/patient-status defines the following codes:</p><table class=\"codes\"><tr><td style=\"white-space:nowrap\"><b>Code</b></td><td><b>Display</b></td><td><b>Definition</b></td></tr><tr><td style=\"white-space:nowrap\">anonymous<a name=\"patient-status-anonymous\"> </a></td><td>Anonymous</td><td>Patient does not provide true identity or identification</td></tr><tr><td style=\"white-space:nowrap\">asl<a name=\"patient-status-asl\"> </a></td><td>American Sign Language</td><td>Patient communicates using American Sign Language</td></tr><tr><td style=\"white-space:nowrap\">blind<a name=\"patient-status-blind\"> </a></td><td>Blind</td><td>Patient is blind or legally blind.</td></tr><tr><td style=\"white-space:nowrap\">blood-refusal<a name=\"patient-status-blood-refusal\"> </a></td><td>Blood Refusal</td><td>Patient refuses blood products and transfusions</td></tr><tr><td style=\"white-space:nowrap\">charity<a name=\"patient-status-charity\"> </a></td><td>Charity</td><td>Patient is pro-bono or charity-care patient</td></tr><tr><td style=\"white-space:nowrap\">chronic-pain<a name=\"patient-status-chronic-pain\"> </a></td><td>Chronic Pain</td><td>Patient is under treatment for chronic pain</td></tr><tr><td style=\"white-space:nowrap\">collection<a name=\"patient-status-collection\"> </a></td><td>Collections</td><td>Patient has uncollected debt or account in collection status</td></tr><tr><td style=\"white-space:nowrap\">committed<a name=\"patient-status-committed\"> </a></td><td>Committed</td><td>Patient is committed to a mental institution</td></tr><tr><td style=\"white-space:nowrap\">confidential<a name=\"patient-status-confidential\"> </a></td><td>Confidential</td><td>Patient has special privacy concerns</td></tr><tr><td style=\"white-space:nowrap\">da-victim<a name=\"patient-status-da-victim\"> </a></td><td>Domestic Abuse Victim</td><td>Patient is a victim of domestic abuse or violence at home</td></tr><tr><td style=\"white-space:nowrap\">deactivated<a name=\"patient-status-deactivated\"> </a></td><td>Deactivated</td><td>Patient has been deactivated</td></tr><tr><td style=\"white-space:nowrap\">dismissed<a name=\"patient-status-dismissed\"> </a></td><td>Dismissed</td><td>Patient has been dismissed</td></tr><tr><td style=\"white-space:nowrap\">drug-seeking<a name=\"patient-status-drug-seeking\"> </a></td><td>Drug Seeking</td><td>Patient has exhibited drug seeking behavior</td></tr><tr><td style=\"white-space:nowrap\">esrd<a name=\"patient-status-esrd\"> </a></td><td>ESRD</td><td>Patient is in treatment for End Stage Renal Disease</td></tr><tr><td style=\"white-space:nowrap\">fraud<a name=\"patient-status-fraud\"> </a></td><td>Fraud</td><td>Patient has a history of identity theft or fraud</td></tr><tr><td style=\"white-space:nowrap\">fraud-victim<a name=\"patient-status-fraud-victim\"> </a></td><td>Fraud Victim</td><td>Patient is a victim of identity theft or fraud</td></tr><tr><td style=\"white-space:nowrap\">hearing-impaired<a name=\"patient-status-hearing-impaired\"> </a></td><td>Hearing Impaired</td><td>Patient is deaf or hearing impaired</td></tr><tr><td style=\"white-space:nowrap\">heart<a name=\"patient-status-heart\"> </a></td><td>Heart</td><td>Patient is a structural heart patient</td></tr><tr><td style=\"white-space:nowrap\">incarcerated<a name=\"patient-status-incarcerated\"> </a></td><td>Incarcerated</td><td>Patient is incarcerated in a state or federal prison</td></tr><tr><td style=\"white-space:nowrap\">no-show<a name=\"patient-status-no-show\"> </a></td><td>No Show</td><td>Patient has a history of repeatedly missing appointments</td></tr><tr><td style=\"white-space:nowrap\">non-compliant<a name=\"patient-status-non-compliant\"> </a></td><td>Non-Compliant</td><td>Patient is non-compliant</td></tr><tr><td style=\"white-space:nowrap\">sarscov2<a name=\"patient-status-sarscov2\"> </a></td><td>SARS-CoV-2</td><td>Patient is exhibiting symptomps of SARS-CoV-2</td></tr><tr><td style=\"white-space:nowrap\">service-animal<a name=\"patient-status-service-animal\"> </a></td><td>Service Animal</td><td>Patient has a service animal</td></tr><tr><td style=\"white-space:nowrap\">support-person<a name=\"patient-status-support-person\"> </a></td><td>Support Person</td><td>Patient has a support person or assistant</td></tr><tr><td style=\"white-space:nowrap\">test<a name=\"patient-status-test\"> </a></td><td>Test</td><td>Patient is a test patient used for training, system demonstration, or testing</td></tr><tr><td style=\"white-space:nowrap\">transferred<a name=\"patient-status-transferred\"> </a></td><td>Transferred</td><td>Patient has transferred to another location or pactitioner</td></tr><tr><td style=\"white-space:nowrap\">violence<a name=\"patient-status-violence\"> </a></td><td>Violence</td><td>Patient has a history of violent behavior</td></tr><tr><td style=\"white-space:nowrap\">vision-impaired<a name=\"patient-status-vision-impaired\"> </a></td><td>Vision Impaired</td><td>Patient is has low-vision or other serious vision impairment</td></tr></table></div>"
  },
  "url": "http://ibm.com/fhir/cdm/CodeSystem/patient-status",
  "version": "7.0.0",
  "name": "PatientStatusCodeSystem",
  "title": "Patient Status Codes",
  "status": "active",
  "date": "2022-09-07T15:39:45+00:00",
  "publisher": "Alvearie Team",
  "description": "Patient status code examples",
  "jurisdiction": [
    {
      "coding": [
        {
          "system": "urn:iso:std:iso:3166",
          "code": "US"
        }
      ]
    }
  ],
  "caseSensitive": true,
  "content": "complete",
  "count": 28,
  "concept": [
    {
      "code": "anonymous",
      "display": "Anonymous",
      "definition": "Patient does not provide true identity or identification"
    },
    {
      "code": "asl",
      "display": "American Sign Language",
      "definition": "Patient communicates using American Sign Language"
    },
    {
      "code": "blind",
      "display": "Blind",
      "definition": "Patient is blind or legally blind."
    },
    {
      "code": "blood-refusal",
      "display": "Blood Refusal",
      "definition": "Patient refuses blood products and transfusions"
    },
    {
      "code": "charity",
      "display": "Charity",
      "definition": "Patient is pro-bono or charity-care patient"
    },
    {
      "code": "chronic-pain",
      "display": "Chronic Pain",
      "definition": "Patient is under treatment for chronic pain"
    },
    {
      "code": "collection",
      "display": "Collections",
      "definition": "Patient has uncollected debt or account in collection status"
    },
    {
      "code": "committed",
      "display": "Committed",
      "definition": "Patient is committed to a mental institution"
    },
    {
      "code": "confidential",
      "display": "Confidential",
      "definition": "Patient has special privacy concerns"
    },
    {
      "code": "da-victim",
      "display": "Domestic Abuse Victim",
      "definition": "Patient is a victim of domestic abuse or violence at home"
    },
    {
      "code": "deactivated",
      "display": "Deactivated",
      "definition": "Patient has been deactivated"
    },
    {
      "code": "dismissed",
      "display": "Dismissed",
      "definition": "Patient has been dismissed"
    },
    {
      "code": "drug-seeking",
      "display": "Drug Seeking",
      "definition": "Patient has exhibited drug seeking behavior"
    },
    {
      "code": "esrd",
      "display": "ESRD",
      "definition": "Patient is in treatment for End Stage Renal Disease"
    },
    {
      "code": "fraud",
      "display": "Fraud",
      "definition": "Patient has a history of identity theft or fraud"
    },
    {
      "code": "fraud-victim",
      "display": "Fraud Victim",
      "definition": "Patient is a victim of identity theft or fraud"
    },
    {
      "code": "hearing-impaired",
      "display": "Hearing Impaired",
      "definition": "Patient is deaf or hearing impaired"
    },
    {
      "code": "heart",
      "display": "Heart",
      "definition": "Patient is a structural heart patient"
    },
    {
      "code": "incarcerated",
      "display": "Incarcerated",
      "definition": "Patient is incarcerated in a state or federal prison"
    },
    {
      "code": "no-show",
      "display": "No Show",
      "definition": "Patient has a history of repeatedly missing appointments"
    },
    {
      "code": "non-compliant",
      "display": "Non-Compliant",
      "definition": "Patient is non-compliant"
    },
    {
      "code": "sarscov2",
      "display": "SARS-CoV-2",
      "definition": "Patient is exhibiting symptomps of SARS-CoV-2"
    },
    {
      "code": "service-animal",
      "display": "Service Animal",
      "definition": "Patient has a service animal"
    },
    {
      "code": "support-person",
      "display": "Support Person",
      "definition": "Patient has a support person or assistant"
    },
    {
      "code": "test",
      "display": "Test",
      "definition": "Patient is a test patient used for training, system demonstration, or testing"
    },
    {
      "code": "transferred",
      "display": "Transferred",
      "definition": "Patient has transferred to another location or pactitioner"
    },
    {
      "code": "violence",
      "display": "Violence",
      "definition": "Patient has a history of violent behavior"
    },
    {
      "code": "vision-impaired",
      "display": "Vision Impaired",
      "definition": "Patient is has low-vision or other serious vision impairment"
    }
  ]
}