{
  "resourceType": "CodeSystem",
  "id": "hipaa-relationship",
  "text": {
    "status": "generated",
    "div": "<div xmlns=\"http://www.w3.org/1999/xhtml\"><p>This code system <code>http://ibm.com/fhir/cdm/CodeSystem/hipaa-relationship</code> defines the following codes:</p><table class=\"codes\"><tr><td style=\"white-space:nowrap\"><b>Code</b></td><td><b>Display</b></td><td><b>Definition</b></td></tr><tr><td style=\"white-space:nowrap\">01<a name=\"hipaa-relationship-01\"> </a></td><td>Spouse</td><td>Spouse</td></tr><tr><td style=\"white-space:nowrap\">03<a name=\"hipaa-relationship-03\"> </a></td><td>Father/Mother</td><td>Father/Mother</td></tr><tr><td style=\"white-space:nowrap\">04<a name=\"hipaa-relationship-04\"> </a></td><td>Grandfather/Grandmother</td><td>Grandfather/Grandmother</td></tr><tr><td style=\"white-space:nowrap\">05<a name=\"hipaa-relationship-05\"> </a></td><td>Grandson/Granddaughter</td><td>Grandson/Granddaughter</td></tr><tr><td style=\"white-space:nowrap\">06<a name=\"hipaa-relationship-06\"> </a></td><td>Uncle/Aunt</td><td>Uncle/Aunt</td></tr><tr><td style=\"white-space:nowrap\">07<a name=\"hipaa-relationship-07\"> </a></td><td>Nephew/Niece</td><td>Nephew/Niece</td></tr><tr><td style=\"white-space:nowrap\">08<a name=\"hipaa-relationship-08\"> </a></td><td>Cousin</td><td>Cousin</td></tr><tr><td style=\"white-space:nowrap\">09<a name=\"hipaa-relationship-09\"> </a></td><td>Adopted Child</td><td>Adopted dhild</td></tr><tr><td style=\"white-space:nowrap\">10<a name=\"hipaa-relationship-10\"> </a></td><td>Foster Child</td><td>Foster dhild</td></tr><tr><td style=\"white-space:nowrap\">11<a name=\"hipaa-relationship-11\"> </a></td><td>Son-in-law/Daughter-in-law</td><td>Son-in-law/Daughter-in-law</td></tr><tr><td style=\"white-space:nowrap\">12<a name=\"hipaa-relationship-12\"> </a></td><td>Brother-in-law/Sister-in-law</td><td>Brother-in-law/Sister-in-law</td></tr><tr><td style=\"white-space:nowrap\">13<a name=\"hipaa-relationship-13\"> </a></td><td>Father-in-law/Mother-in-law</td><td>Father-in-law/Mother-in-law</td></tr><tr><td style=\"white-space:nowrap\">14<a name=\"hipaa-relationship-14\"> </a></td><td>Brother/Sister</td><td>Brother/Sister</td></tr><tr><td style=\"white-space:nowrap\">15<a name=\"hipaa-relationship-15\"> </a></td><td>Ward</td><td>Ward</td></tr><tr><td style=\"white-space:nowrap\">17<a name=\"hipaa-relationship-17\"> </a></td><td>Stepson/Stepdaughter</td><td>Stepson/Stepdaughter</td></tr><tr><td style=\"white-space:nowrap\">18<a name=\"hipaa-relationship-18\"> </a></td><td>Self</td><td>Self</td></tr><tr><td style=\"white-space:nowrap\">19<a name=\"hipaa-relationship-19\"> </a></td><td>Child</td><td>Child</td></tr><tr><td style=\"white-space:nowrap\">20<a name=\"hipaa-relationship-20\"> </a></td><td>Employee</td><td>Employee</td></tr><tr><td style=\"white-space:nowrap\">21<a name=\"hipaa-relationship-21\"> </a></td><td>Unknown</td><td>Unknown</td></tr><tr><td style=\"white-space:nowrap\">22<a name=\"hipaa-relationship-22\"> </a></td><td>Handicapped Dependent</td><td>Handicapped dependent</td></tr><tr><td style=\"white-space:nowrap\">23<a name=\"hipaa-relationship-23\"> </a></td><td>Sponsored Dependent</td><td>Sponsored dependent</td></tr><tr><td style=\"white-space:nowrap\">24<a name=\"hipaa-relationship-24\"> </a></td><td>Dependent/Minor Dependent</td><td>Dependent/Minor dependent</td></tr><tr><td style=\"white-space:nowrap\">25<a name=\"hipaa-relationship-25\"> </a></td><td>Ex-spouse</td><td>Ex-spouse</td></tr><tr><td style=\"white-space:nowrap\">26<a name=\"hipaa-relationship-26\"> </a></td><td>Guardian</td><td>Guardian</td></tr><tr><td style=\"white-space:nowrap\">29<a name=\"hipaa-relationship-29\"> </a></td><td>Significant Other</td><td>Significant other</td></tr><tr><td style=\"white-space:nowrap\">31<a name=\"hipaa-relationship-31\"> </a></td><td>Court Appointed Guardian</td><td>Court appointed guardian</td></tr><tr><td style=\"white-space:nowrap\">32<a name=\"hipaa-relationship-32\"> </a></td><td>Mother</td><td>Mother</td></tr><tr><td style=\"white-space:nowrap\">33<a name=\"hipaa-relationship-33\"> </a></td><td>Father</td><td>Father</td></tr><tr><td style=\"white-space:nowrap\">38<a name=\"hipaa-relationship-38\"> </a></td><td>Collateral Dependent</td><td>Collateral dependent</td></tr><tr><td style=\"white-space:nowrap\">39<a name=\"hipaa-relationship-39\"> </a></td><td>Organ Donor</td><td>Organ donor</td></tr><tr><td style=\"white-space:nowrap\">40<a name=\"hipaa-relationship-40\"> </a></td><td>Cadaver Donor</td><td>Cadaver donor</td></tr><tr><td style=\"white-space:nowrap\">41<a name=\"hipaa-relationship-41\"> </a></td><td>Injured Plaintiff</td><td>Injured plaintiff</td></tr><tr><td style=\"white-space:nowrap\">43<a name=\"hipaa-relationship-43\"> </a></td><td>Child Insured has No Finan Res</td><td>Child Insured has no financial Responsibility</td></tr><tr><td style=\"white-space:nowrap\">48<a name=\"hipaa-relationship-48\"> </a></td><td>Stepfather</td><td>Stepfather</td></tr><tr><td style=\"white-space:nowrap\">49<a name=\"hipaa-relationship-49\"> </a></td><td>Stepmother</td><td>Stepmother</td></tr><tr><td style=\"white-space:nowrap\">53<a name=\"hipaa-relationship-53\"> </a></td><td>Life Partner</td><td>Life partner</td></tr><tr><td style=\"white-space:nowrap\">G8<a name=\"hipaa-relationship-G8\"> </a></td><td>Other Relationship</td><td>Other relationship</td></tr></table></div>"
  },
  "url": "http://ibm.com/fhir/cdm/CodeSystem/hipaa-relationship",
  "version": "7.0.0",
  "name": "HipaaRelationshipCodeSystem",
  "title": "HIPAA Relationship Codes",
  "status": "active",
  "date": "2022-09-08T16:11:15+00:00",
  "publisher": "Alvearie Team",
  "description": "HIPAA standard codes for the relationship of the member to the contract holder",
  "jurisdiction": [
    {
      "coding": [
        {
          "system": "urn:iso:std:iso:3166",
          "code": "US"
        }
      ]
    }
  ],
  "caseSensitive": true,
  "content": "complete",
  "count": 37,
  "concept": [
    {
      "code": "01",
      "display": "Spouse",
      "definition": "Spouse"
    },
    {
      "code": "03",
      "display": "Father/Mother",
      "definition": "Father/Mother"
    },
    {
      "code": "04",
      "display": "Grandfather/Grandmother",
      "definition": "Grandfather/Grandmother"
    },
    {
      "code": "05",
      "display": "Grandson/Granddaughter",
      "definition": "Grandson/Granddaughter"
    },
    {
      "code": "06",
      "display": "Uncle/Aunt",
      "definition": "Uncle/Aunt"
    },
    {
      "code": "07",
      "display": "Nephew/Niece",
      "definition": "Nephew/Niece"
    },
    {
      "code": "08",
      "display": "Cousin",
      "definition": "Cousin"
    },
    {
      "code": "09",
      "display": "Adopted Child",
      "definition": "Adopted dhild"
    },
    {
      "code": "10",
      "display": "Foster Child",
      "definition": "Foster dhild"
    },
    {
      "code": "11",
      "display": "Son-in-law/Daughter-in-law",
      "definition": "Son-in-law/Daughter-in-law"
    },
    {
      "code": "12",
      "display": "Brother-in-law/Sister-in-law",
      "definition": "Brother-in-law/Sister-in-law"
    },
    {
      "code": "13",
      "display": "Father-in-law/Mother-in-law",
      "definition": "Father-in-law/Mother-in-law"
    },
    {
      "code": "14",
      "display": "Brother/Sister",
      "definition": "Brother/Sister"
    },
    {
      "code": "15",
      "display": "Ward",
      "definition": "Ward"
    },
    {
      "code": "17",
      "display": "Stepson/Stepdaughter",
      "definition": "Stepson/Stepdaughter"
    },
    {
      "code": "18",
      "display": "Self",
      "definition": "Self"
    },
    {
      "code": "19",
      "display": "Child",
      "definition": "Child"
    },
    {
      "code": "20",
      "display": "Employee",
      "definition": "Employee"
    },
    {
      "code": "21",
      "display": "Unknown",
      "definition": "Unknown"
    },
    {
      "code": "22",
      "display": "Handicapped Dependent",
      "definition": "Handicapped dependent"
    },
    {
      "code": "23",
      "display": "Sponsored Dependent",
      "definition": "Sponsored dependent"
    },
    {
      "code": "24",
      "display": "Dependent/Minor Dependent",
      "definition": "Dependent/Minor dependent"
    },
    {
      "code": "25",
      "display": "Ex-spouse",
      "definition": "Ex-spouse"
    },
    {
      "code": "26",
      "display": "Guardian",
      "definition": "Guardian"
    },
    {
      "code": "29",
      "display": "Significant Other",
      "definition": "Significant other"
    },
    {
      "code": "31",
      "display": "Court Appointed Guardian",
      "definition": "Court appointed guardian"
    },
    {
      "code": "32",
      "display": "Mother",
      "definition": "Mother"
    },
    {
      "code": "33",
      "display": "Father",
      "definition": "Father"
    },
    {
      "code": "38",
      "display": "Collateral Dependent",
      "definition": "Collateral dependent"
    },
    {
      "code": "39",
      "display": "Organ Donor",
      "definition": "Organ donor"
    },
    {
      "code": "40",
      "display": "Cadaver Donor",
      "definition": "Cadaver donor"
    },
    {
      "code": "41",
      "display": "Injured Plaintiff",
      "definition": "Injured plaintiff"
    },
    {
      "code": "43",
      "display": "Child Insured has No Finan Res",
      "definition": "Child Insured has no financial Responsibility"
    },
    {
      "code": "48",
      "display": "Stepfather",
      "definition": "Stepfather"
    },
    {
      "code": "49",
      "display": "Stepmother",
      "definition": "Stepmother"
    },
    {
      "code": "53",
      "display": "Life Partner",
      "definition": "Life partner"
    },
    {
      "code": "G8",
      "display": "Other Relationship",
      "definition": "Other relationship"
    }
  ]
}