{
  "resourceType": "CodeSystem",
  "id": "wh-condition-course",
  "text": {
    "status": "generated",
    "div": "<div xmlns=\"http://www.w3.org/1999/xhtml\"><p>This code system http://ibm.com/fhir/cdm/CodeSystem/wh-condition-course defines the following codes:</p><table class=\"codes\"><tr><td style=\"white-space:nowrap\"><b>Code</b></td><td><b>Display</b></td><td><b>Definition</b></td></tr><tr><td style=\"white-space:nowrap\">288524001<a name=\"wh-condition-course-288524001\"> </a></td><td>Courses</td><td>Courses</td></tr><tr><td style=\"white-space:nowrap\">7087005<a name=\"wh-condition-course-7087005\"> </a></td><td>Intermittent</td><td>Intermittent</td></tr><tr><td style=\"white-space:nowrap\">13550009<a name=\"wh-condition-course-13550009\"> </a></td><td>Chronic miliary</td><td>Chronic miliary</td></tr><tr><td style=\"white-space:nowrap\">14803004<a name=\"wh-condition-course-14803004\"> </a></td><td>Transitory</td><td>Transitory</td></tr><tr><td style=\"white-space:nowrap\">18131002<a name=\"wh-condition-course-18131002\"> </a></td><td>Acute fulminating</td><td>Acute fulminating</td></tr><tr><td style=\"white-space:nowrap\">19939008<a name=\"wh-condition-course-19939008\"> </a></td><td>Subacute</td><td>Subacute</td></tr><tr><td style=\"white-space:nowrap\">21864008<a name=\"wh-condition-course-21864008\"> </a></td><td>Seasonal</td><td>Seasonal</td></tr><tr><td style=\"white-space:nowrap\">25649003<a name=\"wh-condition-course-25649003\"> </a></td><td>Chronic migratory</td><td>Chronic migratory</td></tr><tr><td style=\"white-space:nowrap\">26593000<a name=\"wh-condition-course-26593000\"> </a></td><td>Paroxysmal</td><td>Paroxysmal</td></tr><tr><td style=\"white-space:nowrap\">39196007<a name=\"wh-condition-course-39196007\"> </a></td><td>Chronic aggressive</td><td>Chronic aggressive</td></tr><tr><td style=\"white-space:nowrap\">44180009<a name=\"wh-condition-course-44180009\"> </a></td><td>Cyclic</td><td>Cyclic</td></tr><tr><td style=\"white-space:nowrap\">47501007<a name=\"wh-condition-course-47501007\"> </a></td><td>Chronic active</td><td>Chronic active</td></tr><tr><td style=\"white-space:nowrap\">50188003<a name=\"wh-condition-course-50188003\"> </a></td><td>Chronic granulomatous</td><td>Chronic granulomatous</td></tr><tr><td style=\"white-space:nowrap\">61751001<a name=\"wh-condition-course-61751001\"> </a></td><td>Gradual onset</td><td>Gradual onset</td></tr><tr><td style=\"white-space:nowrap\">62459000<a name=\"wh-condition-course-62459000\"> </a></td><td>Chronic persistent</td><td>Chronic persistent</td></tr><tr><td style=\"white-space:nowrap\">90734009<a name=\"wh-condition-course-90734009\"> </a></td><td>Chronic</td><td>Chronic</td></tr><tr><td style=\"white-space:nowrap\">255212004<a name=\"wh-condition-course-255212004\"> </a></td><td>Acute-on-chronic</td><td>Acute-on-chronic</td></tr><tr><td style=\"white-space:nowrap\">255227004<a name=\"wh-condition-course-255227004\"> </a></td><td>Recurrent</td><td>Recurrent</td></tr><tr><td style=\"white-space:nowrap\">255228009<a name=\"wh-condition-course-255228009\"> </a></td><td>Recurrent acute</td><td>Recurrent acute</td></tr><tr><td style=\"white-space:nowrap\">255299009<a name=\"wh-condition-course-255299009\"> </a></td><td>Brittle course</td><td>Brittle course</td></tr><tr><td style=\"white-space:nowrap\">255314001<a name=\"wh-condition-course-255314001\"> </a></td><td>Progressive</td><td>Progressive</td></tr><tr><td style=\"white-space:nowrap\">255318003<a name=\"wh-condition-course-255318003\"> </a></td><td>Relapsing course</td><td>Relapsing course</td></tr><tr><td style=\"white-space:nowrap\">255319006<a name=\"wh-condition-course-255319006\"> </a></td><td>Remitting</td><td>Remitting</td></tr><tr><td style=\"white-space:nowrap\">255341006<a name=\"wh-condition-course-255341006\"> </a></td><td>Fluctuating</td><td>Fluctuating</td></tr><tr><td style=\"white-space:nowrap\">263730007<a name=\"wh-condition-course-263730007\"> </a></td><td>Continual</td><td>Continual</td></tr><tr><td style=\"white-space:nowrap\">264498007<a name=\"wh-condition-course-264498007\"> </a></td><td>Cyclical relapsing</td><td>Cyclical relapsing</td></tr><tr><td style=\"white-space:nowrap\">278499009<a name=\"wh-condition-course-278499009\"> </a></td><td>Episodic</td><td>Episodic</td></tr><tr><td style=\"white-space:nowrap\">373933003<a name=\"wh-condition-course-373933003\"> </a></td><td>Acute onset</td><td>Acute onset (qualifier value)</td></tr><tr><td style=\"white-space:nowrap\">373935005<a name=\"wh-condition-course-373935005\"> </a></td><td>Subacute onset</td><td>Subacute onset (qualifier value)</td></tr><tr><td style=\"white-space:nowrap\">385315009<a name=\"wh-condition-course-385315009\"> </a></td><td>Sudden onset</td><td>Sudden onset</td></tr><tr><td style=\"white-space:nowrap\">424124008<a name=\"wh-condition-course-424124008\"> </a></td><td>Sudden onset AND/OR short duration</td><td>Sudden onset AND/OR short duration (qualifier value)</td></tr><tr><td style=\"white-space:nowrap\">424572001<a name=\"wh-condition-course-424572001\"> </a></td><td>Clinical course with short duration</td><td>Clinical course with short duration (qualifier value)</td></tr><tr><td style=\"white-space:nowrap\">425323003<a name=\"wh-condition-course-425323003\"> </a></td><td>Sudden onset AND short duration</td><td>Sudden onset AND short duration (qualifier value)</td></tr><tr><td style=\"white-space:nowrap\">702322003<a name=\"wh-condition-course-702322003\"> </a></td><td>Non-progressive</td><td>Non-progressive</td></tr><tr><td style=\"white-space:nowrap\">78880000<a name=\"wh-condition-course-78880000\"> </a></td><td>Delayed onset</td><td>Delayed onset (qualifier value)</td></tr></table></div>"
  },
  "url": "http://ibm.com/fhir/cdm/CodeSystem/wh-condition-course",
  "version": "7.0.0",
  "name": "WhConditionCourseCodeSystem",
  "title": "Health Data Connect Condition Course Codes",
  "status": "active",
  "date": "2022-09-07T17:21:01+00:00",
  "publisher": "Alvearie Team",
  "description": "Health Data Connect codes for clinical course of a disease (how the disease behaves over time). These are part of SNOMED course parent concept (288524001).",
  "jurisdiction": [
    {
      "coding": [
        {
          "system": "urn:iso:std:iso:3166",
          "code": "US"
        }
      ]
    }
  ],
  "caseSensitive": true,
  "content": "complete",
  "count": 35,
  "concept": [
    {
      "code": "288524001",
      "display": "Courses",
      "definition": "Courses"
    },
    {
      "code": "7087005",
      "display": "Intermittent",
      "definition": "Intermittent"
    },
    {
      "code": "13550009",
      "display": "Chronic miliary",
      "definition": "Chronic miliary"
    },
    {
      "code": "14803004",
      "display": "Transitory",
      "definition": "Transitory"
    },
    {
      "code": "18131002",
      "display": "Acute fulminating",
      "definition": "Acute fulminating"
    },
    {
      "code": "19939008",
      "display": "Subacute",
      "definition": "Subacute"
    },
    {
      "code": "21864008",
      "display": "Seasonal",
      "definition": "Seasonal"
    },
    {
      "code": "25649003",
      "display": "Chronic migratory",
      "definition": "Chronic migratory"
    },
    {
      "code": "26593000",
      "display": "Paroxysmal",
      "definition": "Paroxysmal"
    },
    {
      "code": "39196007",
      "display": "Chronic aggressive",
      "definition": "Chronic aggressive"
    },
    {
      "code": "44180009",
      "display": "Cyclic",
      "definition": "Cyclic"
    },
    {
      "code": "47501007",
      "display": "Chronic active",
      "definition": "Chronic active"
    },
    {
      "code": "50188003",
      "display": "Chronic granulomatous",
      "definition": "Chronic granulomatous"
    },
    {
      "code": "61751001",
      "display": "Gradual onset",
      "definition": "Gradual onset"
    },
    {
      "code": "62459000",
      "display": "Chronic persistent",
      "definition": "Chronic persistent"
    },
    {
      "code": "90734009",
      "display": "Chronic",
      "definition": "Chronic"
    },
    {
      "code": "255212004",
      "display": "Acute-on-chronic",
      "definition": "Acute-on-chronic"
    },
    {
      "code": "255227004",
      "display": "Recurrent",
      "definition": "Recurrent"
    },
    {
      "code": "255228009",
      "display": "Recurrent acute",
      "definition": "Recurrent acute"
    },
    {
      "code": "255299009",
      "display": "Brittle course",
      "definition": "Brittle course"
    },
    {
      "code": "255314001",
      "display": "Progressive",
      "definition": "Progressive"
    },
    {
      "code": "255318003",
      "display": "Relapsing course",
      "definition": "Relapsing course"
    },
    {
      "code": "255319006",
      "display": "Remitting",
      "definition": "Remitting"
    },
    {
      "code": "255341006",
      "display": "Fluctuating",
      "definition": "Fluctuating"
    },
    {
      "code": "263730007",
      "display": "Continual",
      "definition": "Continual"
    },
    {
      "code": "264498007",
      "display": "Cyclical relapsing",
      "definition": "Cyclical relapsing"
    },
    {
      "code": "278499009",
      "display": "Episodic",
      "definition": "Episodic"
    },
    {
      "code": "373933003",
      "display": "Acute onset",
      "definition": "Acute onset (qualifier value)"
    },
    {
      "code": "373935005",
      "display": "Subacute onset",
      "definition": "Subacute onset (qualifier value)"
    },
    {
      "code": "385315009",
      "display": "Sudden onset",
      "definition": "Sudden onset"
    },
    {
      "code": "424124008",
      "display": "Sudden onset AND/OR short duration",
      "definition": "Sudden onset AND/OR short duration (qualifier value)"
    },
    {
      "code": "424572001",
      "display": "Clinical course with short duration",
      "definition": "Clinical course with short duration (qualifier value)"
    },
    {
      "code": "425323003",
      "display": "Sudden onset AND short duration",
      "definition": "Sudden onset AND short duration (qualifier value)"
    },
    {
      "code": "702322003",
      "display": "Non-progressive",
      "definition": "Non-progressive"
    },
    {
      "code": "78880000",
      "display": "Delayed onset",
      "definition": "Delayed onset (qualifier value)"
    }
  ]
}