{
  "resourceType": "CodeSystem",
  "id": "age-group",
  "text": {
    "status": "generated",
    "div": "<div xmlns=\"http://www.w3.org/1999/xhtml\"><p>This code system http://ibm.com/fhir/cdm/CodeSystem/age-group defines the following codes:</p><table class=\"codes\"><tr><td style=\"white-space:nowrap\"><b>Code</b></td><td><b>Display</b></td><td><b>Definition</b></td></tr><tr><td style=\"white-space:nowrap\">1<a name=\"age-group-1\"> </a></td><td>&lt; 1 yr</td><td>Ages &lt; 1 year</td></tr><tr><td style=\"white-space:nowrap\">2<a name=\"age-group-2\"> </a></td><td>1-4 yr</td><td>Ages 1 to 4 years</td></tr><tr><td style=\"white-space:nowrap\">3<a name=\"age-group-3\"> </a></td><td>5-9 yr</td><td>Ages 5 to 9 years</td></tr><tr><td style=\"white-space:nowrap\">4<a name=\"age-group-4\"> </a></td><td>10-14 yr</td><td>Ages 10 to 14 years</td></tr><tr><td style=\"white-space:nowrap\">5<a name=\"age-group-5\"> </a></td><td>15-17 yr</td><td>Ages 15 to 17 years</td></tr><tr><td style=\"white-space:nowrap\">6<a name=\"age-group-6\"> </a></td><td>18-19 yr</td><td>Ages 18 to 19 years</td></tr><tr><td style=\"white-space:nowrap\">7<a name=\"age-group-7\"> </a></td><td>20-24 yr</td><td>Ages 20 to 24 years</td></tr><tr><td style=\"white-space:nowrap\">8<a name=\"age-group-8\"> </a></td><td>25-29 yr</td><td>Ages 25 to 29 years</td></tr><tr><td style=\"white-space:nowrap\">9<a name=\"age-group-9\"> </a></td><td>30-34 yr</td><td>Ages 30 to 34 years</td></tr><tr><td style=\"white-space:nowrap\">10<a name=\"age-group-10\"> </a></td><td>35-39 yr</td><td>Ages 35 to 39 years</td></tr><tr><td style=\"white-space:nowrap\">11<a name=\"age-group-11\"> </a></td><td>40-44 yr</td><td>Ages 40 to 44 years</td></tr><tr><td style=\"white-space:nowrap\">12<a name=\"age-group-12\"> </a></td><td>45-49 yr</td><td>Ages 45 to 49 years</td></tr><tr><td style=\"white-space:nowrap\">13<a name=\"age-group-13\"> </a></td><td>50-54 yr</td><td>Ages 50 to 54 years</td></tr><tr><td style=\"white-space:nowrap\">14<a name=\"age-group-14\"> </a></td><td>55-59 yr</td><td>Ages 55 to 59 years</td></tr><tr><td style=\"white-space:nowrap\">15<a name=\"age-group-15\"> </a></td><td>60-64 yr</td><td>Ages 60 to 64 years</td></tr><tr><td style=\"white-space:nowrap\">16<a name=\"age-group-16\"> </a></td><td>65-74 yr</td><td>Ages 65 to 74 years</td></tr><tr><td style=\"white-space:nowrap\">17<a name=\"age-group-17\"> </a></td><td>75-84 yr</td><td>Ages 75 to 84 years</td></tr><tr><td style=\"white-space:nowrap\">18<a name=\"age-group-18\"> </a></td><td>85+ yr</td><td>Ages 85 years and up</td></tr></table></div>"
  },
  "url": "http://ibm.com/fhir/cdm/CodeSystem/age-group",
  "version": "7.0.0",
  "name": "AgeGroupCodeSystem",
  "title": "Age Group Codes.",
  "status": "active",
  "date": "2022-09-01T22:10:22+00:00",
  "publisher": "Alvearie Team",
  "description": "Age group codes for claims.",
  "jurisdiction": [
    {
      "coding": [
        {
          "system": "urn:iso:std:iso:3166",
          "code": "US"
        }
      ]
    }
  ],
  "caseSensitive": true,
  "content": "complete",
  "count": 18,
  "concept": [
    {
      "code": "1",
      "display": "< 1 yr",
      "definition": "Ages < 1 year"
    },
    {
      "code": "2",
      "display": "1-4 yr",
      "definition": "Ages 1 to 4 years"
    },
    {
      "code": "3",
      "display": "5-9 yr",
      "definition": "Ages 5 to 9 years"
    },
    {
      "code": "4",
      "display": "10-14 yr",
      "definition": "Ages 10 to 14 years"
    },
    {
      "code": "5",
      "display": "15-17 yr",
      "definition": "Ages 15 to 17 years"
    },
    {
      "code": "6",
      "display": "18-19 yr",
      "definition": "Ages 18 to 19 years"
    },
    {
      "code": "7",
      "display": "20-24 yr",
      "definition": "Ages 20 to 24 years"
    },
    {
      "code": "8",
      "display": "25-29 yr",
      "definition": "Ages 25 to 29 years"
    },
    {
      "code": "9",
      "display": "30-34 yr",
      "definition": "Ages 30 to 34 years"
    },
    {
      "code": "10",
      "display": "35-39 yr",
      "definition": "Ages 35 to 39 years"
    },
    {
      "code": "11",
      "display": "40-44 yr",
      "definition": "Ages 40 to 44 years"
    },
    {
      "code": "12",
      "display": "45-49 yr",
      "definition": "Ages 45 to 49 years"
    },
    {
      "code": "13",
      "display": "50-54 yr",
      "definition": "Ages 50 to 54 years"
    },
    {
      "code": "14",
      "display": "55-59 yr",
      "definition": "Ages 55 to 59 years"
    },
    {
      "code": "15",
      "display": "60-64 yr",
      "definition": "Ages 60 to 64 years"
    },
    {
      "code": "16",
      "display": "65-74 yr",
      "definition": "Ages 65 to 74 years"
    },
    {
      "code": "17",
      "display": "75-84 yr",
      "definition": "Ages 75 to 84 years"
    },
    {
      "code": "18",
      "display": "85+ yr",
      "definition": "Ages 85 years and up"
    }
  ]
}