{
  "resourceType": "CodeSystem",
  "id": "match-method",
  "text": {
    "status": "generated",
    "div": "<div xmlns=\"http://www.w3.org/1999/xhtml\"><p>This code system http://ibm.com/fhir/cdm/CodeSystem/match-method defines the following codes:</p><table class=\"codes\"><tr><td style=\"white-space:nowrap\"><b>Code</b></td><td><b>Display</b></td></tr><tr><td style=\"white-space:nowrap\">automated<a name=\"match-method-automated\"> </a></td><td>Automoted matching algorithm or model identified the match</td></tr><tr><td style=\"white-space:nowrap\">manual<a name=\"match-method-manual\"> </a></td><td>Manual matching performed by a human</td></tr><tr><td style=\"white-space:nowrap\">none<a name=\"match-method-none\"> </a></td><td>No match was performed or identifed</td></tr></table></div>"
  },
  "url": "http://ibm.com/fhir/cdm/CodeSystem/match-method",
  "version": "0.1.0",
  "name": "MatchMethodCodeSystem",
  "title": "Match Method Codes",
  "status": "active",
  "date": "2021-08-05T17:26:16+00:00",
  "contact": [
    {
      "name": "Kim Kenna",
      "telecom": [
        {
          "system": "email",
          "value": "sloand@us.ibm.com"
        }
      ]
    },
    {
      "name": "Tom Eggebraaten",
      "telecom": [
        {
          "system": "email",
          "value": "tegge@us.ibm.com"
        }
      ]
    }
  ],
  "description": "Codes indicating methods used to identify matched entities",
  "content": "complete",
  "count": 3,
  "concept": [
    {
      "code": "automated",
      "display": "Automoted matching algorithm or model identified the match"
    },
    {
      "code": "manual",
      "display": "Manual matching performed by a human"
    },
    {
      "code": "none",
      "display": "No match was performed or identifed"
    }
  ]
}