{
  "resourceType": "CodeSystem",
  "id": "wh-payer-indicators",
  "text": {
    "status": "generated",
    "div": "<div xmlns=\"http://www.w3.org/1999/xhtml\"><p>This code system http://ibm.com/fhir/cdm/CodeSystem/wh-payer-indicators defines the following codes:</p><table class=\"codes\"><tr><td style=\"white-space:nowrap\"><b>Code</b></td><td><b>Display</b></td><td><b>Definition</b></td></tr><tr><td style=\"white-space:nowrap\">Y<a name=\"wh-payer-indicators-Y\"> </a></td><td>Yes</td><td>Positive indication</td></tr><tr><td style=\"white-space:nowrap\">N<a name=\"wh-payer-indicators-N\"> </a></td><td>No</td><td>Negative indication</td></tr><tr><td style=\"white-space:nowrap\">E<a name=\"wh-payer-indicators-E\"> </a></td><td>E</td><td>Unknown or exception indication. For example, Enrollment may not have any claims.</td></tr></table></div>"
  },
  "url": "http://ibm.com/fhir/cdm/CodeSystem/wh-payer-indicators",
  "version": "7.0.0",
  "name": "WhPayerIndicatorsCodeSystem",
  "title": "Health Data Connect Indicator Codes",
  "status": "active",
  "date": "2022-09-01T21:20:10+00:00",
  "publisher": "Alvearie Team",
  "description": "Health Data Connect indicator type code",
  "jurisdiction": [
    {
      "coding": [
        {
          "system": "urn:iso:std:iso:3166",
          "code": "US"
        }
      ]
    }
  ],
  "caseSensitive": true,
  "content": "complete",
  "count": 3,
  "concept": [
    {
      "code": "Y",
      "display": "Yes",
      "definition": "Positive indication"
    },
    {
      "code": "N",
      "display": "No",
      "definition": "Negative indication"
    },
    {
      "code": "E",
      "display": "E",
      "definition": "Unknown or exception indication. For example, Enrollment may not have any claims."
    }
  ]
}