{
  "resourceType": "CodeSystem",
  "id": "eng-product",
  "text": {
    "status": "generated",
    "div": "<div xmlns=\"http://www.w3.org/1999/xhtml\"><p>This code system http://ibm.com/fhir/cdm/CodeSystem/eng-product defines the following codes:</p><table class=\"codes\"><tr><td style=\"white-space:nowrap\"><b>Code</b></td><td><b>Display</b></td><td><b>Definition</b></td></tr><tr><td style=\"white-space:nowrap\">campaign<a name=\"eng-product-campaign\"> </a></td><td>Campaign</td><td>Custom campaigns configured for patient engagment</td></tr><tr><td style=\"white-space:nowrap\">care-gap<a name=\"eng-product-care-gap\"> </a></td><td>Care Gap</td><td>Automated comminications based on cohorting and patient care gaps</td></tr><tr><td style=\"white-space:nowrap\">appt-reminder<a name=\"eng-product-appt-reminder\"> </a></td><td>Remind</td><td>Automated appointment reminders</td></tr></table></div>"
  },
  "url": "http://ibm.com/fhir/cdm/CodeSystem/eng-product",
  "version": "7.0.0",
  "name": "EngagementProductCodeSystem",
  "title": "Engagement Product Codes",
  "status": "active",
  "date": "2022-09-01T21:41:49+00:00",
  "publisher": "Alvearie Team",
  "description": "Health Data Connect engagement products",
  "jurisdiction": [
    {
      "coding": [
        {
          "system": "urn:iso:std:iso:3166",
          "code": "US"
        }
      ]
    }
  ],
  "caseSensitive": true,
  "content": "complete",
  "count": 3,
  "concept": [
    {
      "code": "campaign",
      "display": "Campaign",
      "definition": "Custom campaigns configured for patient engagment"
    },
    {
      "code": "care-gap",
      "display": "Care Gap",
      "definition": "Automated comminications based on cohorting and patient care gaps"
    },
    {
      "code": "appt-reminder",
      "display": "Remind",
      "definition": "Automated appointment reminders"
    }
  ]
}