{
  "resourceType": "Observation",
  "id": "ObservationExample",
  "meta": {
    "extension": [
      {
        "url": "http://ibm.com/fhir/cdm/StructureDefinition/tenant-id",
        "valueString": "99999"
      },
      {
        "url": "http://ibm.com/fhir/cdm/StructureDefinition/ingestion-batch-id",
        "valueString": "b069a545-9506-40c6-8498-23de2e189143"
      }
    ],
    "source": "http://acme-health.com/emr1",
    "profile": [
      "http://ibm.com/fhir/cdm/StructureDefinition/cdm-observation"
    ]
  },
  "text": {
    "status": "generated",
    "div": "<div xmlns=\"http://www.w3.org/1999/xhtml\"><p><b>Generated Narrative: Observation</b><a name=\"ObservationExample\"> </a></p><div style=\"display: inline-block; background-color: #d9e0e7; padding: 6px; margin: 4px; border: 1px solid #8da1b4; border-radius: 5px; line-height: 60%\"><p style=\"margin-bottom: 0px\">Resource Observation \"ObservationExample\" </p><p style=\"margin-bottom: 0px\">Information Source: http://acme-health.com/emr1!</p><p style=\"margin-bottom: 0px\">Profile: <a href=\"StructureDefinition-cdm-observation.html\">CDM Observation</a></p></div><p><b>identifier</b>: Source System Row Identifier: 0fe09359-fe8a-42b3-8000-b73b0f6ea96f (OFFICIAL)</p><p><b>status</b>: final</p><p><b>category</b>: Vital Signs <span style=\"background: LightGoldenRodYellow; margin: 4px; border: 1px solid khaki\"> (<a href=\"http://terminology.hl7.org/3.1.0/CodeSystem-observation-category.html\">Observation Category Codes</a>#vital-signs)</span></p><p><b>code</b>: Blood pressure panel <span style=\"background: LightGoldenRodYellow; margin: 4px; border: 1px solid khaki\"> (<a href=\"https://loinc.org/\">LOINC</a>#35094-2)</span></p><p><b>subject</b>: <a href=\"Patient-CDMPatientInstance.html\">Patient/CDMPatientInstance</a> \" MCLASTNAME\"</p><p><b>encounter</b>: <a href=\"Encounter-CDMEncounterExample.html\">Encounter/CDMEncounterExample</a></p><p><b>effective</b>: 2020-04-15 12:00:00+0000</p><p><b>performer</b>: <a href=\"PractitionerRole-CDMPractitionerRole-EMR-PCP.html\">PractitionerRole/CDMPractitionerRole-EMR-PCP</a></p><p><b>interpretation</b>: Critical high <span style=\"background: LightGoldenRodYellow; margin: 4px; border: 1px solid khaki\"> (<a href=\"http://terminology.hl7.org/3.1.0/CodeSystem-v3-ObservationInterpretation.html\">ObservationInterpretation</a>#HH)</span></p><p><b>bodySite</b>: Right arm <span style=\"background: LightGoldenRodYellow; margin: 4px; border: 1px solid khaki\"> (<a href=\"https://browser.ihtsdotools.org/\">SNOMED CT</a>#368209003)</span></p><blockquote><p><b>component</b></p><p><b>code</b>: Systolic blood pressure <span style=\"background: LightGoldenRodYellow; margin: 4px; border: 1px solid khaki\"> (<a href=\"https://loinc.org/\">LOINC</a>#8480-6)</span></p><p><b>value</b>: 159 mm[Hg]<span style=\"background: LightGoldenRodYellow\"> (Details: UCUM code mm[Hg] = 'mm[Hg]')</span></p><p><b>interpretation</b>: Critical high <span style=\"background: LightGoldenRodYellow; margin: 4px; border: 1px solid khaki\"> (<a href=\"http://terminology.hl7.org/3.1.0/CodeSystem-v3-ObservationInterpretation.html\">ObservationInterpretation</a>#HH)</span></p></blockquote><blockquote><p><b>component</b></p><p><b>code</b>: Diastolic blood pressure <span style=\"background: LightGoldenRodYellow; margin: 4px; border: 1px solid khaki\"> (<a href=\"https://loinc.org/\">LOINC</a>#8462-4)</span></p><p><b>value</b>: 108 mm[Hg]<span style=\"background: LightGoldenRodYellow\"> (Details: UCUM code mm[Hg] = 'mm[Hg]')</span></p><p><b>interpretation</b>: Critical high <span style=\"background: LightGoldenRodYellow; margin: 4px; border: 1px solid khaki\"> (<a href=\"http://terminology.hl7.org/3.1.0/CodeSystem-v3-ObservationInterpretation.html\">ObservationInterpretation</a>#HH)</span></p></blockquote></div>"
  },
  "identifier": [
    {
      "use": "official",
      "type": {
        "coding": [
          {
            "system": "http://ibm.com/fhir/cdm/CodeSystem/identifier-type",
            "code": "SSRI"
          }
        ]
      },
      "system": "http://acme-health.com/emr1/observation",
      "value": "0fe09359-fe8a-42b3-8000-b73b0f6ea96f",
      "assigner": {
        "display": "Acme Health - EMR1"
      }
    }
  ],
  "status": "final",
  "category": [
    {
      "coding": [
        {
          "system": "http://terminology.hl7.org/CodeSystem/observation-category",
          "code": "vital-signs"
        }
      ]
    }
  ],
  "code": {
    "coding": [
      {
        "system": "http://loinc.org",
        "code": "35094-2",
        "display": "Blood pressure panel"
      }
    ]
  },
  "subject": {
    "reference": "Patient/CDMPatientInstance"
  },
  "encounter": {
    "reference": "Encounter/CDMEncounterExample"
  },
  "effectiveDateTime": "2020-04-15T00:00:00Z",
  "performer": [
    {
      "reference": "PractitionerRole/CDMPractitionerRole-EMR-PCP"
    }
  ],
  "interpretation": [
    {
      "coding": [
        {
          "system": "http://terminology.hl7.org/CodeSystem/v3-ObservationInterpretation",
          "code": "HH",
          "display": "Critical high"
        }
      ]
    }
  ],
  "bodySite": {
    "coding": [
      {
        "system": "http://snomed.info/sct",
        "code": "368209003",
        "display": "Right arm"
      }
    ]
  },
  "component": [
    {
      "code": {
        "coding": [
          {
            "system": "http://loinc.org",
            "code": "8480-6",
            "display": "Systolic blood pressure"
          }
        ]
      },
      "valueQuantity": {
        "extension": [
          {
            "url": "http://ibm.com/fhir/cdm/StructureDefinition/converted-quantity",
            "valueQuantity": {
              "value": 159,
              "unit": "mm[Hg]",
              "system": "http://unitsofmeasure.org",
              "code": "mm[Hg]"
            }
          }
        ],
        "value": 159,
        "unit": "mm[Hg]",
        "system": "http://unitsofmeasure.org",
        "code": "mm[Hg]"
      },
      "interpretation": [
        {
          "coding": [
            {
              "system": "http://terminology.hl7.org/CodeSystem/v3-ObservationInterpretation",
              "code": "HH",
              "display": "Critical high"
            }
          ]
        }
      ]
    },
    {
      "code": {
        "coding": [
          {
            "system": "http://loinc.org",
            "code": "8462-4",
            "display": "Diastolic blood pressure"
          }
        ]
      },
      "valueQuantity": {
        "extension": [
          {
            "url": "http://ibm.com/fhir/cdm/StructureDefinition/converted-quantity",
            "valueQuantity": {
              "value": 108,
              "unit": "mm[Hg]",
              "system": "http://unitsofmeasure.org",
              "code": "mm[Hg]"
            }
          }
        ],
        "value": 108,
        "unit": "mm[Hg]",
        "system": "http://unitsofmeasure.org",
        "code": "mm[Hg]"
      },
      "interpretation": [
        {
          "coding": [
            {
              "system": "http://terminology.hl7.org/CodeSystem/v3-ObservationInterpretation",
              "code": "HH",
              "display": "Critical high"
            }
          ]
        }
      ]
    }
  ]
}