{
  "resourceType": "PractitionerRole",
  "id": "CDMPractitionerRole-Attributed-PCP",
  "meta": {
    "extension": [
      {
        "url": "http://ibm.com/fhir/cdm/StructureDefinition/tenant-id",
        "valueString": "99999"
      },
      {
        "url": "http://ibm.com/fhir/cdm/StructureDefinition/ingestion-batch-id",
        "valueString": "b069a545-9506-40c6-8498-23de2e189143"
      },
      {
        "url": "http://ibm.com/fhir/cdm/StructureDefinition/process-organization",
        "valueString": "IBM"
      },
      {
        "url": "http://ibm.com/fhir/cdm/StructureDefinition/process-type",
        "valueString": "Attribution"
      },
      {
        "url": "http://ibm.com/fhir/cdm/StructureDefinition/process-name",
        "valueString": "EngagementAttribution"
      },
      {
        "url": "http://ibm.com/fhir/cdm/StructureDefinition/process-version",
        "valueString": "1.0"
      },
      {
        "url": "http://ibm.com/fhir/cdm/StructureDefinition/process-timestamp",
        "valueDateTime": "2020-02-14T03:18:00Z"
      }
    ],
    "source": "http://ibm.com/fhir/engagement-attribution",
    "profile": [
      "http://ibm.com/fhir/cdm/StructureDefinition/cdm-practitioner-role"
    ],
    "tag": [
      {
        "system": "http://ibm.com/fhir/cdm/CodeSystem/process-meta-primary-or-secondary",
        "code": "SECONDARY"
      }
    ]
  },
  "text": {
    "status": "generated",
    "div": "<div xmlns=\"http://www.w3.org/1999/xhtml\"><p><b>Generated Narrative</b></p><p><b>identifier</b>: Derived Resource Identifier: dd914419-12db-4367-aa93-5c7930510e19 (OFFICIAL)</p><p><b>active</b>: true</p><p><b>practitioner</b>: <a href=\"Practitioner-DrKelly.html\">Generated Summary: Source System Row Identifier: 0d82c96d-98c5-46cf-911d-a41991601320 (OFFICIAL), PRN: 1122334499 (OFFICIAL), Tax ID number: 123456789 (SECONDARY); Dr Debra R Kelly, MD; Phone: 214-555-2100, Fax: 214-555-2101, drkelly@kellyclinic.com</a></p><p><b>location</b>: <a href=\"Location-KellyClinic.html\">Generated Summary: Source System Row Identifier: 7d5007d6-edd0-48b5-b34f-5c5f948b6d13 (OFFICIAL), Tax ID number: 223338765 (SECONDARY); status: active; name: Kelly Clinic; mode: instance; <span title=\"Codes: {http://terminology.hl7.org/CodeSystem/v3-RoleCode FMC}\">Family medicine clinic</span>; Phone: 214-555-2100, Fax: 214-555-2101; <span title=\"Codes: {http://terminology.hl7.org/CodeSystem/location-physical-type bu}\">Building</span></a></p></div>"
  },
  "identifier": [
    {
      "use": "official",
      "type": {
        "coding": [
          {
            "system": "http://ibm.com/fhir/cdm/CodeSystem/identifier-type",
            "code": "DRI"
          }
        ]
      },
      "system": "http://ibm.com/fhir/cdm/engagement-attributed-pcp",
      "value": "dd914419-12db-4367-aa93-5c7930510e19",
      "assigner": {
        "display": "IBM"
      }
    }
  ],
  "active": true,
  "practitioner": {
    "reference": "Practitioner/DrKelly"
  },
  "location": [
    {
      "reference": "Location/KellyClinic"
    }
  ]
}