{
  "resourceType": "ValueSet",
  "id": "hipaa-benefit-status",
  "text": {
    "status": "generated",
    "div": "<div xmlns=\"http://www.w3.org/1999/xhtml\"><ul><li>Include all codes defined in <a href=\"CodeSystem-hipaa-benefit-status.html\"><code>http://ibm.com/fhir/cdm/CodeSystem/hipaa-benefit-status</code></a></li></ul></div>"
  },
  "url": "http://ibm.com/fhir/cdm/ValueSet/hipaa-benefit-status",
  "version": "7.0.0",
  "name": "HipaaBenefitStatusValueSet",
  "title": "HIPAA Benefit Status Value Set",
  "status": "active",
  "date": "2022-09-07T18:17:14+00:00",
  "publisher": "Alvearie Team",
  "description": "HIPAA standard value set for the benefit status",
  "jurisdiction": [
    {
      "coding": [
        {
          "system": "urn:iso:std:iso:3166",
          "code": "US"
        }
      ]
    }
  ],
  "compose": {
    "include": [
      {
        "system": "http://ibm.com/fhir/cdm/CodeSystem/hipaa-benefit-status"
      }
    ]
  }
}