{
  "resourceType": "ValueSet",
  "id": "wh-organization-type",
  "text": {
    "status": "generated",
    "div": "<div xmlns=\"http://www.w3.org/1999/xhtml\"><p>This value set includes codes based on the following rules:</p><ul><li>Include all codes defined in <a href=\"CodeSystem-wh-payer-provider-type.html\"><code>http://ibm.com/fhir/cdm/CodeSystem/wh-payer-provider-type</code></a></li><li>Include all codes defined in <a href=\"http://terminology.hl7.org/2.1.0/CodeSystem-organization-type.html\"><code>http://terminology.hl7.org/CodeSystem/organization-type</code></a></li></ul></div>"
  },
  "url": "http://ibm.com/fhir/cdm/ValueSet/wh-organization-type",
  "version": "0.1.0",
  "name": "WhOrganizationTypeValueSet",
  "title": "WH Organization Value Set",
  "status": "active",
  "date": "2021-08-25T17:41:48+00:00",
  "contact": [
    {
      "name": "Kim Kenna",
      "telecom": [
        {
          "system": "email",
          "value": "sloand@us.ibm.com"
        }
      ]
    },
    {
      "name": "Tom Eggebraaten",
      "telecom": [
        {
          "system": "email",
          "value": "tegge@us.ibm.com"
        }
      ]
    }
  ],
  "description": "IBM Health Data Connect standard values for organization type",
  "compose": {
    "include": [
      {
        "system": "http://ibm.com/fhir/cdm/CodeSystem/wh-payer-provider-type"
      },
      {
        "system": "http://terminology.hl7.org/CodeSystem/organization-type"
      }
    ]
  }
}