{
  "resourceType": "ValueSet",
  "id": "appointment-cancellation-reason",
  "text": {
    "status": "generated",
    "div": "<div xmlns=\"http://www.w3.org/1999/xhtml\"><p>This value set includes codes based on the following rules:</p><ul><li>Import all the codes that are contained in <a href=\"http://terminology.hl7.org/3.1.0/ValueSet-appointment-cancellation-reason.html\">http://terminology.hl7.org/ValueSet/appointment-cancellation-reason</a></li><li>Include all codes defined in <a href=\"CodeSystem-appointment-cancellation-reason.html\"><code>http://ibm.com/fhir/cdm/CodeSystem/appointment-cancellation-reason</code></a></li></ul></div>"
  },
  "url": "http://ibm.com/fhir/cdm/ValueSet/appointment-cancellation-reason",
  "version": "7.0.0",
  "name": "AppointmentCancellationReasonValueSet",
  "title": "Appointment Cancellation Reason Value Set",
  "status": "active",
  "date": "2022-09-08T16:11:15+00:00",
  "publisher": "Alvearie Team",
  "description": "Extended set of reasons for the cancellation of an appointment",
  "jurisdiction": [
    {
      "coding": [
        {
          "system": "urn:iso:std:iso:3166",
          "code": "US"
        }
      ]
    }
  ],
  "compose": {
    "include": [
      {
        "valueSet": [
          "http://terminology.hl7.org/ValueSet/appointment-cancellation-reason"
        ]
      },
      {
        "system": "http://ibm.com/fhir/cdm/CodeSystem/appointment-cancellation-reason"
      }
    ]
  }
}