{
  "resourceType": "ValueSet",
  "id": "wh-payer-indicators",
  "text": {
    "status": "generated",
    "div": "<div xmlns=\"http://www.w3.org/1999/xhtml\"><ul><li>Include all codes defined in <a href=\"CodeSystem-wh-payer-indicators.html\"><code>http://ibm.com/fhir/cdm/CodeSystem/wh-payer-indicators</code></a></li></ul></div>"
  },
  "url": "http://ibm.com/fhir/cdm/ValueSet/wh-payer-indicators",
  "version": "7.0.0",
  "name": "WhPayerIndicatorsValueSet",
  "title": "Health Data Connect Indicator Value Set",
  "status": "active",
  "date": "2022-09-06T21:25:20+00:00",
  "publisher": "Alvearie Team",
  "description": "Health Data Connect indicator type value set",
  "jurisdiction": [
    {
      "coding": [
        {
          "system": "urn:iso:std:iso:3166",
          "code": "US"
        }
      ]
    }
  ],
  "compose": {
    "include": [
      {
        "system": "http://ibm.com/fhir/cdm/CodeSystem/wh-payer-indicators"
      }
    ]
  }
}