{
  "resourceType": "ValueSet",
  "id": "ffv-schedule",
  "text": {
    "status": "generated",
    "div": "<div xmlns=\"http://www.w3.org/1999/xhtml\"><ul><li>Include all codes defined in <a href=\"CodeSystem-ffv-schedule.html\"><code>http://ibm.com/fhir/cdm/CodeSystem/ffv-schedule</code></a></li></ul></div>"
  },
  "url": "http://ibm.com/fhir/cdm/ValueSet/ffv-schedule",
  "version": "7.0.0",
  "name": "FFVScheduleValueSet",
  "title": "Health Data Connect FFV Schedule Value Set",
  "status": "active",
  "date": "2022-09-07T18:17:14+00:00",
  "publisher": "Alvearie Team",
  "description": "Health Data Connect valuset defining fee for value initiative schedule codes",
  "jurisdiction": [
    {
      "coding": [
        {
          "system": "urn:iso:std:iso:3166",
          "code": "US"
        }
      ]
    }
  ],
  "compose": {
    "include": [
      {
        "system": "http://ibm.com/fhir/cdm/CodeSystem/ffv-schedule"
      }
    ]
  }
}