{
  "resourceType": "ValueSet",
  "id": "wh-basic-resource-type",
  "text": {
    "status": "generated",
    "div": "<div xmlns=\"http://www.w3.org/1999/xhtml\"><p>This value set includes codes based on the following rules:</p><ul><li>Include all codes defined in <a href=\"http://terminology.hl7.org/3.1.0/CodeSystem-basic-resource-type.html\"><code>http://terminology.hl7.org/CodeSystem/basic-resource-type</code></a></li><li>Include all codes defined in <a href=\"CodeSystem-wh-basic-resource-type.html\"><code>http://ibm.com/fhir/cdm/CodeSystem/wh-basic-resource-type</code></a></li></ul></div>"
  },
  "url": "http://ibm.com/fhir/cdm/ValueSet/wh-basic-resource-type",
  "version": "7.0.0",
  "name": "WhBasicResourceTypeValueSet",
  "title": "Health Data Connect Basic Resource Value Set",
  "status": "active",
  "date": "2022-09-07T18:17:14+00:00",
  "publisher": "Alvearie Team",
  "description": "Health Data Connect value set for the basic resource type",
  "jurisdiction": [
    {
      "coding": [
        {
          "system": "urn:iso:std:iso:3166",
          "code": "US"
        }
      ]
    }
  ],
  "compose": {
    "include": [
      {
        "system": "http://terminology.hl7.org/CodeSystem/basic-resource-type"
      },
      {
        "system": "http://ibm.com/fhir/cdm/CodeSystem/wh-basic-resource-type"
      }
    ]
  }
}