{
  "resourceType": "ValueSet",
  "id": "claim-care-team-role",
  "text": {
    "status": "generated",
    "div": "<div xmlns=\"http://www.w3.org/1999/xhtml\"><ul><li>Include all codes defined in <a href=\"CodeSystem-claim-care-team-role.html\"><code>http://ibm.com/fhir/cdm/CodeSystem/claim-care-team-role</code></a></li></ul></div>"
  },
  "url": "http://ibm.com/fhir/cdm/ValueSet/claim-care-team-role",
  "version": "0.1.1",
  "name": "ClaimCareTeamRoleValueSet",
  "title": "Claim Care Team Role Value Set",
  "status": "active",
  "date": "2021-07-27T16:04:15+00:00",
  "contact": [
    {
      "name": "Kim Kenna",
      "telecom": [
        {
          "system": "email",
          "value": "sloand@us.ibm.com"
        }
      ]
    },
    {
      "name": "Tom Eggebraaten",
      "telecom": [
        {
          "system": "email",
          "value": "tegge@us.ibm.com"
        }
      ]
    }
  ],
  "description": "Value set that defines the function of a team member within a care team",
  "compose": {
    "include": [
      {
        "system": "http://ibm.com/fhir/cdm/CodeSystem/claim-care-team-role"
      }
    ]
  }
}