{
  "resourceType": "ValueSet",
  "id": "legal-document-source",
  "text": {
    "status": "generated",
    "div": "<div xmlns=\"http://www.w3.org/1999/xhtml\"><ul><li>Include all codes defined in <a href=\"CodeSystem-legal-document-source.html\"><code>http://ibm.com/fhir/cdm/CodeSystem/legal-document-source</code></a></li></ul></div>"
  },
  "url": "http://ibm.com/fhir/cdm/ValueSet/legal-document-source",
  "version": "7.0.0",
  "name": "LegalDocumentSourceValueSet",
  "title": "Legal Document Source Value Set",
  "status": "active",
  "date": "2022-09-01T20:48:10+00:00",
  "publisher": "Alvearie Team",
  "description": "Codes indicating the source of legal document used for identification",
  "jurisdiction": [
    {
      "coding": [
        {
          "system": "urn:iso:std:iso:3166",
          "code": "US"
        }
      ]
    }
  ],
  "compose": {
    "include": [
      {
        "system": "http://ibm.com/fhir/cdm/CodeSystem/legal-document-source"
      }
    ]
  }
}