{
  "resourceType": "ValueSet",
  "id": "claim-type",
  "text": {
    "status": "generated",
    "div": "<div xmlns=\"http://www.w3.org/1999/xhtml\"><ul><li>Include all codes defined in <a href=\"CodeSystem-wh-payer-claim-type.html\"><code>http://ibm.com/fhir/cdm/CodeSystem/wh-payer-claim-type</code></a></li></ul></div>"
  },
  "url": "http://ibm.com/fhir/cdm/ValueSet/claim-type",
  "version": "6.1.0",
  "name": "ClaimTypeValueSet",
  "title": "Claim Type Value Set",
  "status": "active",
  "date": "2022-05-31T20:10:14+00:00",
  "publisher": "Alvearie Team",
  "description": "Health Data Connect standard value set for the coverage type under which the claim was paid",
  "jurisdiction": [
    {
      "coding": [
        {
          "system": "urn:iso:std:iso:3166",
          "code": "US"
        }
      ]
    }
  ],
  "compose": {
    "include": [
      {
        "system": "http://ibm.com/fhir/cdm/CodeSystem/wh-payer-claim-type"
      }
    ]
  }
}