{
  "resourceType": "ValueSet",
  "id": "attribution-product",
  "text": {
    "status": "generated",
    "div": "<div xmlns=\"http://www.w3.org/1999/xhtml\"><ul><li>Include all codes defined in <a href=\"CodeSystem-attribution-product.html\"><code>http://ibm.com/fhir/cdm/CodeSystem/attribution-product</code></a></li></ul></div>"
  },
  "url": "http://ibm.com/fhir/cdm/ValueSet/attribution-product",
  "version": "7.0.0",
  "name": "AttributionProductValueSet",
  "title": "Attribution Product Value Set",
  "status": "active",
  "date": "2022-09-08T16:11:15+00:00",
  "publisher": "Alvearie Team",
  "description": "Products that associate a patient to a practitioner",
  "jurisdiction": [
    {
      "coding": [
        {
          "system": "urn:iso:std:iso:3166",
          "code": "US"
        }
      ]
    }
  ],
  "compose": {
    "include": [
      {
        "system": "http://ibm.com/fhir/cdm/CodeSystem/attribution-product"
      }
    ]
  }
}