{
  "resourceType": "ValueSet",
  "id": "ub04-admit-type",
  "text": {
    "status": "generated",
    "div": "<div xmlns=\"http://www.w3.org/1999/xhtml\"><ul><li>Include all codes defined in <a href=\"CodeSystem-ub04-admit-type.html\"><code>http://ibm.com/fhir/cdm/CodeSystem/ub04-admit-type</code></a></li></ul></div>"
  },
  "url": "http://ibm.com/fhir/cdm/ValueSet/ub04-admit-type",
  "version": "7.0.0",
  "name": "Ub04AdmitTypeValueSet",
  "title": "UB04 Admit Type Value Set",
  "status": "active",
  "date": "2022-09-07T17:59:32+00:00",
  "publisher": "Alvearie Team",
  "description": "Value set for the UB04 admission type",
  "jurisdiction": [
    {
      "coding": [
        {
          "system": "urn:iso:std:iso:3166",
          "code": "US"
        }
      ]
    }
  ],
  "compose": {
    "include": [
      {
        "system": "http://ibm.com/fhir/cdm/CodeSystem/ub04-admit-type"
      }
    ]
  }
}