{
  "resourceType": "ValueSet",
  "id": "eng-product",
  "text": {
    "status": "generated",
    "div": "<div xmlns=\"http://www.w3.org/1999/xhtml\"><ul><li>Include all codes defined in <a href=\"CodeSystem-eng-product.html\"><code>http://ibm.com/fhir/cdm/CodeSystem/eng-product</code></a></li></ul></div>"
  },
  "url": "http://ibm.com/fhir/cdm/ValueSet/eng-product",
  "version": "7.0.0",
  "name": "EngagementProductValueSet",
  "title": "Engagement Product Value Set",
  "status": "active",
  "date": "2022-09-07T15:39:45+00:00",
  "publisher": "Alvearie Team",
  "description": "Health Data Connect engagement products",
  "jurisdiction": [
    {
      "coding": [
        {
          "system": "urn:iso:std:iso:3166",
          "code": "US"
        }
      ]
    }
  ],
  "compose": {
    "include": [
      {
        "system": "http://ibm.com/fhir/cdm/CodeSystem/eng-product"
      }
    ]
  }
}