{
  "resourceType": "ValueSet",
  "id": "ncpdp-dispense-as-written",
  "text": {
    "status": "generated",
    "div": "<div xmlns=\"http://www.w3.org/1999/xhtml\"><ul><li>Include all codes defined in <a href=\"CodeSystem-ncpdp-dispense-as-written.html\"><code>http://ibm.com/fhir/cdm/CodeSystem/ncpdp-dispense-as-written</code></a></li></ul></div>"
  },
  "url": "http://ibm.com/fhir/cdm/ValueSet/ncpdp-dispense-as-written",
  "version": "0.1.0",
  "name": "NCPDPDispenseAsWrittenValueSet",
  "title": "NCPDP Dispense As Written Value Set",
  "status": "active",
  "date": "2021-08-05T19:56:33+00:00",
  "contact": [
    {
      "name": "Kim Kenna",
      "telecom": [
        {
          "system": "email",
          "value": "sloand@us.ibm.com"
        }
      ]
    },
    {
      "name": "Tom Eggebraaten",
      "telecom": [
        {
          "system": "email",
          "value": "tegge@us.ibm.com"
        }
      ]
    }
  ],
  "description": "The NCPDP industry standard description of how the product was dispensed.",
  "compose": {
    "include": [
      {
        "system": "http://ibm.com/fhir/cdm/CodeSystem/ncpdp-dispense-as-written"
      }
    ]
  }
}