<?xml version="1.0" encoding="UTF-8"?>

<CodeSystem xmlns="http://hl7.org/fhir">
  <id value="split-method"/>
  <text>
    <status value="generated"/><div xmlns="http://www.w3.org/1999/xhtml"><p>This code system http://ibm.com/fhir/cdm/CodeSystem/split-method defines the following codes:</p><table class="codes"><tr><td style="white-space:nowrap"><b>Code</b></td><td><b>Display</b></td></tr><tr><td style="white-space:nowrap">automated<a name="split-method-automated"> </a></td><td>Automoted matching algorithm or model identified an invalid match</td></tr><tr><td style="white-space:nowrap">manual<a name="split-method-manual"> </a></td><td>Manual split performed by a human</td></tr><tr><td style="white-space:nowrap">none<a name="split-method-none"> </a></td><td>No split performed or identifed</td></tr></table></div>
  </text>
  <url value="http://ibm.com/fhir/cdm/CodeSystem/split-method"/>
  <version value="1.0.0"/>
  <name value="SplitMethodCodeSystem"/>
  <title value="Split Method Codes"/>
  <status value="active"/>
  <date value="2021-08-26T16:02:37+00:00"/>
  <contact>
    <name value="Kim Kenna"/>
    <telecom>
      <system value="email"/>
      <value value="sloand@us.ibm.com"/>
    </telecom>
  </contact>
  <contact>
    <name value="Tom Eggebraaten"/>
    <telecom>
      <system value="email"/>
      <value value="tegge@us.ibm.com"/>
    </telecom>
  </contact>
  <description value="Codes indicating methods used to identify matched entities to split"/>
  <content value="complete"/>
  <count value="3"/>
  <concept>
    <code value="automated"/>
    <display value="Automoted matching algorithm or model identified an invalid match"/>
  </concept>
  <concept>
    <code value="manual"/>
    <display value="Manual split performed by a human"/>
  </concept>
  <concept>
    <code value="none"/>
    <display value="No split performed or identifed"/>
  </concept>
</CodeSystem>