<?xml version="1.0" encoding="UTF-8"?>

<ValueSet xmlns="http://hl7.org/fhir">
  <id value="insurance-plan-cost-category"/>
  <text>
    <status value="generated"/><div xmlns="http://www.w3.org/1999/xhtml"><ul><li>Include all codes defined in <a href="CodeSystem-insurance-plan-cost-category.html"><code>http://ibm.com/fhir/cdm/CodeSystem/insurance-plan-cost-category</code></a></li></ul></div>
  </text>
  <url value="http://ibm.com/fhir/cdm/ValueSet/insurance-plan-cost-category"/>
  <version value="1.0.0"/>
  <name value="InsurancePlanCostCategoryValueSet"/>
  <title value="Insurance Plan Cost Category Value Set"/>
  <status value="active"/>
  <date value="2021-08-26T16:02:37+00:00"/>
  <contact>
    <name value="Kim Kenna"/>
    <telecom>
      <system value="email"/>
      <value value="sloand@us.ibm.com"/>
    </telecom>
  </contact>
  <contact>
    <name value="Tom Eggebraaten"/>
    <telecom>
      <system value="email"/>
      <value value="tegge@us.ibm.com"/>
    </telecom>
  </contact>
  <description value="The value set that indicates the specific benefit categories a member may have (medical, dental, vision, etc) based on benefit election."/>
  <compose>
    <include>
      <system value="http://ibm.com/fhir/cdm/CodeSystem/insurance-plan-cost-category"/>
    </include>
  </compose>
</ValueSet>