{"resourceType":"CodeSystem","id":"ndc-no-hyphens","text":{"status":"generated","div":"<div xmlns=\"http://www.w3.org/1999/xhtml\"><p>This code system http://ibm.com/fhir/cdm/CodeSystem/ndc-no-hyphens defines the following codes:</p><table class=\"codes\"><tr><td style=\"white-space:nowrap\"><b>Code</b></td><td><b>Display</b></td><td><b>Definition</b></td></tr><tr><td style=\"white-space:nowrap\">00003089421<a name=\"ndc-no-hyphens-00003089421\"> </a></td><td>00003-0894-21</td><td>ELIQUIS</td></tr><tr><td style=\"white-space:nowrap\">00054327099<a name=\"ndc-no-hyphens-00054327099\"> </a></td><td>00054-3270-99</td><td>FLUTICASONE PROPIONATE</td></tr><tr><td style=\"white-space:nowrap\">00378395177<a name=\"ndc-no-hyphens-00378395177\"> </a></td><td>00378-3951-77</td><td>ATORVASTATIN CALCIUM</td></tr><tr><td style=\"white-space:nowrap\">16729018317<a name=\"ndc-no-hyphens-16729018317\"> </a></td><td>16729-0183-17</td><td>HYDROCHLOROTHIAZIDE</td></tr><tr><td style=\"white-space:nowrap\">29300012810<a name=\"ndc-no-hyphens-29300012810\"> </a></td><td>29300-0128-10</td><td>HYDROCHLOROTHIAZIDE</td></tr><tr><td style=\"white-space:nowrap\">55111015810<a name=\"ndc-no-hyphens-55111015810\"> </a></td><td>55111-0158-10</td><td>OMEPRAZOLE</td></tr><tr><td style=\"white-space:nowrap\">59310057922<a name=\"ndc-no-hyphens-59310057922\"> </a></td><td>59310-0579-22</td><td>PROAIR HFA</td></tr><tr><td style=\"white-space:nowrap\">60505082901<a name=\"ndc-no-hyphens-60505082901\"> </a></td><td>60505-0829-01</td><td>FLUTICASONE PROPIONATE</td></tr><tr><td style=\"white-space:nowrap\">68180098003<a name=\"ndc-no-hyphens-68180098003\"> </a></td><td>68180-0980-03</td><td>LISINOPRIL</td></tr><tr><td style=\"white-space:nowrap\">69452015120<a name=\"ndc-no-hyphens-69452015120\"> </a></td><td>69452-0151-20</td><td>VITAMIN D</td></tr></table></div>"},"url":"http://ibm.com/fhir/cdm/CodeSystem/ndc-no-hyphens","version":"0.1.0","name":"NdcNoHyphensCodeSystem","title":"NDC No Hyphens Codes","status":"active","date":"2021-08-05T19:56:33+00:00","contact":[{"name":"Kim Kenna","telecom":[{"system":"email","value":"sloand@us.ibm.com"}]},{"name":"Tom Eggebraaten","telecom":[{"system":"email","value":"tegge@us.ibm.com"}]}],"description":"A common set of non-hyphenated National Drug Codes listed by the FDA (Food and Drug Administration). Non-hpyhenated codes are recieved for prescription drug claims.  Hyphenated NDC codes should also be included as an additional coding, when available.","content":"complete","count":10,"concept":[{"code":"00003089421","display":"00003-0894-21","definition":"ELIQUIS"},{"code":"00054327099","display":"00054-3270-99","definition":"FLUTICASONE PROPIONATE"},{"code":"00378395177","display":"00378-3951-77","definition":"ATORVASTATIN CALCIUM"},{"code":"16729018317","display":"16729-0183-17","definition":"HYDROCHLOROTHIAZIDE"},{"code":"29300012810","display":"29300-0128-10","definition":"HYDROCHLOROTHIAZIDE"},{"code":"55111015810","display":"55111-0158-10","definition":"OMEPRAZOLE"},{"code":"59310057922","display":"59310-0579-22","definition":"PROAIR HFA"},{"code":"60505082901","display":"60505-0829-01","definition":"FLUTICASONE PROPIONATE"},{"code":"68180098003","display":"68180-0980-03","definition":"LISINOPRIL"},{"code":"69452015120","display":"69452-0151-20","definition":"VITAMIN D"}]}