{"resourceType":"CodeSystem","id":"room-and-board-service","text":{"status":"generated","div":"<div xmlns=\"http://www.w3.org/1999/xhtml\"><p>This code system http://ibm.com/fhir/cdm/CodeSystem/room-and-board-service defines the following codes:</p><table class=\"codes\"><tr><td style=\"white-space:nowrap\"><b>Code</b></td><td><b>Display</b></td></tr><tr><td style=\"white-space:nowrap\">1<a name=\"room-and-board-service-1\"> </a></td><td>Room and Board</td></tr><tr><td style=\"white-space:nowrap\">2<a name=\"room-and-board-service-2\"> </a></td><td>Mother and Newborn R&amp;B</td></tr><tr><td style=\"white-space:nowrap\">3<a name=\"room-and-board-service-3\"> </a></td><td>Nursery R&amp;B</td></tr><tr><td style=\"white-space:nowrap\">4<a name=\"room-and-board-service-4\"> </a></td><td>Rehabilitation R&amp;B Only</td></tr></table></div>"},"url":"http://ibm.com/fhir/cdm/CodeSystem/room-and-board-service","version":"0.1.0","name":"RoomAndBoardServiceCodeSystem","title":"Room And Board Service Codes","status":"active","date":"2021-08-05T19:56:33+00:00","contact":[{"name":"Kim Kenna","telecom":[{"system":"email","value":"sloand@us.ibm.com"}]},{"name":"Tom Eggebraaten","telecom":[{"system":"email","value":"tegge@us.ibm.com"}]}],"description":"The code for the flag indicating the type of room and board services on a facility Claim","content":"complete","count":4,"concept":[{"code":"1","display":"Room and Board"},{"code":"2","display":"Mother and Newborn R&B"},{"code":"3","display":"Nursery R&B"},{"code":"4","display":"Rehabilitation R&B Only"}]}