{"resourceType":"CodeSystem","id":"age-gender-group","text":{"status":"generated","div":"<div xmlns=\"http://www.w3.org/1999/xhtml\"><p>This code system http://ibm.com/fhir/cdm/CodeSystem/age-gender-group defines the following codes:</p><table class=\"codes\"><tr><td style=\"white-space:nowrap\"><b>Code</b></td><td><b>Display</b></td></tr><tr><td style=\"white-space:nowrap\">1<a name=\"age-gender-group-1\"> </a></td><td>Males &lt; 1 yr</td></tr><tr><td style=\"white-space:nowrap\">2<a name=\"age-gender-group-2\"> </a></td><td>Males 1-4 yr</td></tr><tr><td style=\"white-space:nowrap\">3<a name=\"age-gender-group-3\"> </a></td><td>Males 5-9 yr</td></tr><tr><td style=\"white-space:nowrap\">4<a name=\"age-gender-group-4\"> </a></td><td>Males 10-14 yr</td></tr><tr><td style=\"white-space:nowrap\">5<a name=\"age-gender-group-5\"> </a></td><td>Males 15-17 yr</td></tr><tr><td style=\"white-space:nowrap\">6<a name=\"age-gender-group-6\"> </a></td><td>Males 18-19 yr</td></tr><tr><td style=\"white-space:nowrap\">7<a name=\"age-gender-group-7\"> </a></td><td>Males 20-24 yr</td></tr><tr><td style=\"white-space:nowrap\">8<a name=\"age-gender-group-8\"> </a></td><td>Males 25-29 yr</td></tr><tr><td style=\"white-space:nowrap\">9<a name=\"age-gender-group-9\"> </a></td><td>Males 30-34 yr</td></tr><tr><td style=\"white-space:nowrap\">10<a name=\"age-gender-group-10\"> </a></td><td>Males 35-39 yr</td></tr><tr><td style=\"white-space:nowrap\">11<a name=\"age-gender-group-11\"> </a></td><td>Males 40-44 yr</td></tr><tr><td style=\"white-space:nowrap\">12<a name=\"age-gender-group-12\"> </a></td><td>Males 45-49 yr</td></tr><tr><td style=\"white-space:nowrap\">13<a name=\"age-gender-group-13\"> </a></td><td>Males 50-54 yr</td></tr><tr><td style=\"white-space:nowrap\">14<a name=\"age-gender-group-14\"> </a></td><td>Males 55-59 yr</td></tr><tr><td style=\"white-space:nowrap\">15<a name=\"age-gender-group-15\"> </a></td><td>Males 60-64 yr</td></tr><tr><td style=\"white-space:nowrap\">16<a name=\"age-gender-group-16\"> </a></td><td>Males 65-69 yr</td></tr><tr><td style=\"white-space:nowrap\">17<a name=\"age-gender-group-17\"> </a></td><td>Males 70-74 yr</td></tr><tr><td style=\"white-space:nowrap\">18<a name=\"age-gender-group-18\"> </a></td><td>Males 75-79 yr</td></tr><tr><td style=\"white-space:nowrap\">19<a name=\"age-gender-group-19\"> </a></td><td>Males 80-84 yr</td></tr><tr><td style=\"white-space:nowrap\">20<a name=\"age-gender-group-20\"> </a></td><td>Males 85-89 yr</td></tr><tr><td style=\"white-space:nowrap\">21<a name=\"age-gender-group-21\"> </a></td><td>Males 90+ yr</td></tr><tr><td style=\"white-space:nowrap\">31<a name=\"age-gender-group-31\"> </a></td><td>Females &lt; 1 yr</td></tr><tr><td style=\"white-space:nowrap\">32<a name=\"age-gender-group-32\"> </a></td><td>Females 1-4 yr</td></tr><tr><td style=\"white-space:nowrap\">33<a name=\"age-gender-group-33\"> </a></td><td>Females 5-9 yr</td></tr><tr><td style=\"white-space:nowrap\">34<a name=\"age-gender-group-34\"> </a></td><td>Females 10-14 yr</td></tr><tr><td style=\"white-space:nowrap\">35<a name=\"age-gender-group-35\"> </a></td><td>Females 15-17 yr</td></tr><tr><td style=\"white-space:nowrap\">36<a name=\"age-gender-group-36\"> </a></td><td>Females 18-19 yr</td></tr><tr><td style=\"white-space:nowrap\">37<a name=\"age-gender-group-37\"> </a></td><td>Females 20-24 yr</td></tr><tr><td style=\"white-space:nowrap\">38<a name=\"age-gender-group-38\"> </a></td><td>Females 25-29 yr</td></tr><tr><td style=\"white-space:nowrap\">39<a name=\"age-gender-group-39\"> </a></td><td>Females 30-34 yr</td></tr><tr><td style=\"white-space:nowrap\">40<a name=\"age-gender-group-40\"> </a></td><td>Females 35-39 yr</td></tr><tr><td style=\"white-space:nowrap\">41<a name=\"age-gender-group-41\"> </a></td><td>Females 40-44 yr</td></tr><tr><td style=\"white-space:nowrap\">42<a name=\"age-gender-group-42\"> </a></td><td>Females 45-49 yr</td></tr><tr><td style=\"white-space:nowrap\">43<a name=\"age-gender-group-43\"> </a></td><td>Females 50-54 yr</td></tr><tr><td style=\"white-space:nowrap\">44<a name=\"age-gender-group-44\"> </a></td><td>Females 55-59 yr</td></tr><tr><td style=\"white-space:nowrap\">45<a name=\"age-gender-group-45\"> </a></td><td>Females 60-64 yr</td></tr><tr><td style=\"white-space:nowrap\">46<a name=\"age-gender-group-46\"> </a></td><td>Females 65-69 yr</td></tr><tr><td style=\"white-space:nowrap\">47<a name=\"age-gender-group-47\"> </a></td><td>Females 70-74 yr</td></tr><tr><td style=\"white-space:nowrap\">48<a name=\"age-gender-group-48\"> </a></td><td>Females 75-79 yr</td></tr><tr><td style=\"white-space:nowrap\">49<a name=\"age-gender-group-49\"> </a></td><td>Females 80-84 yr</td></tr><tr><td style=\"white-space:nowrap\">50<a name=\"age-gender-group-50\"> </a></td><td>Females 85-89 yr</td></tr><tr><td style=\"white-space:nowrap\">51<a name=\"age-gender-group-51\"> </a></td><td>Females 90+ yr</td></tr></table></div>"},"url":"http://ibm.com/fhir/cdm/CodeSystem/age-gender-group","version":"0.1.0","name":"AgeGenderGroupCodeSystem","title":"Age and Gender Group Codes","status":"active","date":"2021-08-25T17:41:48+00:00","contact":[{"name":"Kim Kenna","telecom":[{"system":"email","value":"sloand@us.ibm.com"}]},{"name":"Tom Eggebraaten","telecom":[{"system":"email","value":"tegge@us.ibm.com"}]}],"description":"Standard codes for age and gender based on HEDIS cohort codes","content":"complete","count":42,"concept":[{"code":"1","display":"Males < 1 yr"},{"code":"2","display":"Males 1-4 yr"},{"code":"3","display":"Males 5-9 yr"},{"code":"4","display":"Males 10-14 yr"},{"code":"5","display":"Males 15-17 yr"},{"code":"6","display":"Males 18-19 yr"},{"code":"7","display":"Males 20-24 yr"},{"code":"8","display":"Males 25-29 yr"},{"code":"9","display":"Males 30-34 yr"},{"code":"10","display":"Males 35-39 yr"},{"code":"11","display":"Males 40-44 yr"},{"code":"12","display":"Males 45-49 yr"},{"code":"13","display":"Males 50-54 yr"},{"code":"14","display":"Males 55-59 yr"},{"code":"15","display":"Males 60-64 yr"},{"code":"16","display":"Males 65-69 yr"},{"code":"17","display":"Males 70-74 yr"},{"code":"18","display":"Males 75-79 yr"},{"code":"19","display":"Males 80-84 yr"},{"code":"20","display":"Males 85-89 yr"},{"code":"21","display":"Males 90+ yr"},{"code":"31","display":"Females < 1 yr"},{"code":"32","display":"Females 1-4 yr"},{"code":"33","display":"Females 5-9 yr"},{"code":"34","display":"Females 10-14 yr"},{"code":"35","display":"Females 15-17 yr"},{"code":"36","display":"Females 18-19 yr"},{"code":"37","display":"Females 20-24 yr"},{"code":"38","display":"Females 25-29 yr"},{"code":"39","display":"Females 30-34 yr"},{"code":"40","display":"Females 35-39 yr"},{"code":"41","display":"Females 40-44 yr"},{"code":"42","display":"Females 45-49 yr"},{"code":"43","display":"Females 50-54 yr"},{"code":"44","display":"Females 55-59 yr"},{"code":"45","display":"Females 60-64 yr"},{"code":"46","display":"Females 65-69 yr"},{"code":"47","display":"Females 70-74 yr"},{"code":"48","display":"Females 75-79 yr"},{"code":"49","display":"Females 80-84 yr"},{"code":"50","display":"Females 85-89 yr"},{"code":"51","display":"Females 90+ yr"}]}