{"resourceType":"CodeSystem","id":"wh-payer-claim-status","text":{"status":"generated","div":"<div xmlns=\"http://www.w3.org/1999/xhtml\"><p>This code system http://ibm.com/fhir/cdm/CodeSystem/wh-payer-claim-status defines the following codes:</p><table class=\"codes\"><tr><td style=\"white-space:nowrap\"><b>Code</b></td><td><b>Display</b></td></tr><tr><td style=\"white-space:nowrap\">P<a name=\"wh-payer-claim-status-P\"> </a></td><td>Paid</td></tr><tr><td style=\"white-space:nowrap\">A<a name=\"wh-payer-claim-status-A\"> </a></td><td>Adjusted</td></tr><tr><td style=\"white-space:nowrap\">D<a name=\"wh-payer-claim-status-D\"> </a></td><td>Denied</td></tr></table></div>"},"url":"http://ibm.com/fhir/cdm/CodeSystem/wh-payer-claim-status","version":"0.1.0","name":"WhPayerClaimStatusCodeSystem","title":"Health Data Connect Claim Status Codes","status":"active","date":"2021-08-25T17:41:48+00:00","contact":[{"name":"Kim Kenna","telecom":[{"system":"email","value":"sloand@us.ibm.com"}]},{"name":"Tom Eggebraaten","telecom":[{"system":"email","value":"tegge@us.ibm.com"}]}],"description":"IBM® Health Data Connect standard code for the payment status of the claim.","content":"complete","count":3,"concept":[{"code":"P","display":"Paid"},{"code":"A","display":"Adjusted"},{"code":"D","display":"Denied"}]}