{"resourceType":"CodeSystem","id":"split-method","text":{"status":"generated","div":"<div xmlns=\"http://www.w3.org/1999/xhtml\"><p>This code system http://ibm.com/fhir/cdm/CodeSystem/split-method defines the following codes:</p><table class=\"codes\"><tr><td style=\"white-space:nowrap\"><b>Code</b></td><td><b>Display</b></td></tr><tr><td style=\"white-space:nowrap\">automated<a name=\"split-method-automated\"> </a></td><td>Automoted matching algorithm or model identified an invalid match</td></tr><tr><td style=\"white-space:nowrap\">manual<a name=\"split-method-manual\"> </a></td><td>Manual split performed by a human</td></tr><tr><td style=\"white-space:nowrap\">none<a name=\"split-method-none\"> </a></td><td>No split performed or identifed</td></tr></table></div>"},"url":"http://ibm.com/fhir/cdm/CodeSystem/split-method","version":"0.1.0","name":"SplitMethodCodeSystem","title":"Split Method Codes","status":"active","date":"2021-08-25T17:41:48+00:00","contact":[{"name":"Kim Kenna","telecom":[{"system":"email","value":"sloand@us.ibm.com"}]},{"name":"Tom Eggebraaten","telecom":[{"system":"email","value":"tegge@us.ibm.com"}]}],"description":"Codes indicating methods used to identify matched entities to split","content":"complete","count":3,"concept":[{"code":"automated","display":"Automoted matching algorithm or model identified an invalid match"},{"code":"manual","display":"Manual split performed by a human"},{"code":"none","display":"No split performed or identifed"}]}