{"resourceType":"CodeSystem","id":"paid-in-network-indicator","text":{"status":"generated","div":"<div xmlns=\"http://www.w3.org/1999/xhtml\"><p>This code system http://ibm.com/fhir/cdm/CodeSystem/paid-in-network-indicator defines the following codes:</p><table class=\"codes\"><tr><td style=\"white-space:nowrap\"><b>Code</b></td><td><b>Display</b></td><td><b>Definition</b></td></tr><tr><td style=\"white-space:nowrap\">in-network<a name=\"paid-in-network-indicator-in-network\"> </a></td><td>In Network</td><td>In Network; Provider is contracted with the health insurance company to provide services to plan members for specific pre-negotiated rates.</td></tr><tr><td style=\"white-space:nowrap\">out-of-network<a name=\"paid-in-network-indicator-out-of-network\"> </a></td><td>Out of Network</td><td>Out of Network; Provider is not contracted with the health insurance company to provide services to plan members for specific pre-negotiated rates.</td></tr><tr><td style=\"white-space:nowrap\">other<a name=\"paid-in-network-indicator-other\"> </a></td><td>Other; Other applicability</td><td>Other; Other applicability</td></tr></table></div>"},"url":"http://ibm.com/fhir/cdm/CodeSystem/paid-in-network-indicator","version":"0.1.0","name":"PaidInNetworkIndicatorCodeSystem","title":"Paid In Network Indicator Codes","status":"active","date":"2021-08-05T19:56:33+00:00","contact":[{"name":"Kim Kenna","telecom":[{"system":"email","value":"sloand@us.ibm.com"}]},{"name":"Tom Eggebraaten","telecom":[{"system":"email","value":"tegge@us.ibm.com"}]}],"description":"An indicator of whether the claim was paid at the in-network or out-of-network level.","content":"complete","count":3,"concept":[{"code":"in-network","display":"In Network","definition":"In Network; Provider is contracted with the health insurance company to provide services to plan members for specific pre-negotiated rates."},{"code":"out-of-network","display":"Out of Network","definition":"Out of Network; Provider is not contracted with the health insurance company to provide services to plan members for specific pre-negotiated rates."},{"code":"other","display":"Other; Other applicability","definition":"Other; Other applicability"}]}