{"resourceType":"ValueSet","id":"match-confidence-level","text":{"status":"generated","div":"<div xmlns=\"http://www.w3.org/1999/xhtml\"><p>This value set includes codes based on the following rules:</p><ul><li>Include all codes defined in <a href=\"CodeSystem-match-confidence-level.html\"><code>http://ibm.com/fhir/cdm/CodeSystem/match-confidence-level</code></a></li><li>Include all codes defined in <code>http://hl7.org/fhir/ValueSet/match-grade</code></li></ul></div>"},"url":"http://ibm.com/fhir/cdm/ValueSet/match-confidence-level","version":"0.1.0","name":"MatchConfidenceLevelValueSet","title":"Match Confidence Level Code System","status":"active","date":"2021-08-05T15:18:11+00:00","contact":[{"name":"Kim Kenna","telecom":[{"system":"email","value":"sloand@us.ibm.com"}]},{"name":"Tom Eggebraaten","telecom":[{"system":"email","value":"tegge@us.ibm.com"}]}],"description":"Codes indicating confidence level of matched entities","compose":{"include":[{"system":"http://ibm.com/fhir/cdm/CodeSystem/match-confidence-level"},{"system":"http://hl7.org/fhir/ValueSet/match-grade"}]}}