{"resourceType":"ValueSet","id":"legal-document-system","text":{"status":"generated","div":"<div xmlns=\"http://www.w3.org/1999/xhtml\"><ul><li>Include all codes defined in <a href=\"CodeSystem-legal-document-system.html\"><code>http://ibm.com/fhir/cdm/CodeSystem/legal-document-system</code></a></li></ul></div>"},"url":"http://ibm.com/fhir/cdm/ValueSet/legal-document-system","version":"0.1.0","name":"LegalDocumentSystemValueSet","title":"Legal Document System Value Set","status":"active","date":"2021-08-25T17:41:48+00:00","contact":[{"name":"Kim Kenna","telecom":[{"system":"email","value":"sloand@us.ibm.com"}]},{"name":"Tom Eggebraaten","telecom":[{"system":"email","value":"tegge@us.ibm.com"}]}],"description":"Codes indicating the system of legal document used for identification","compose":{"include":[{"system":"http://ibm.com/fhir/cdm/CodeSystem/legal-document-system"}]}}