{"resourceType":"ValueSet","id":"eng-communication-mode","text":{"status":"generated","div":"<div xmlns=\"http://www.w3.org/1999/xhtml\"><ul><li>Include all codes defined in <a href=\"CodeSystem-eng-communication-mode.html\"><code>http://ibm.com/fhir/cdm/CodeSystem/eng-communication-mode</code></a></li></ul></div>"},"url":"http://ibm.com/fhir/cdm/ValueSet/eng-communication-mode","version":"0.1.0","name":"EngagementCommunicationModeValueSet","title":"Engagement Communication Mode Value Set","status":"active","date":"2021-08-05T17:26:16+00:00","contact":[{"name":"Kim Kenna","telecom":[{"system":"email","value":"sloand@us.ibm.com"}]},{"name":"Tom Eggebraaten","telecom":[{"system":"email","value":"tegge@us.ibm.com"}]}],"description":"Communication modes supported for Engagement communication","compose":{"include":[{"system":"http://ibm.com/fhir/cdm/CodeSystem/eng-communication-mode"}]}}