{"resourceType":"ValueSet","id":"eng-communication-status","text":{"status":"generated","div":"<div xmlns=\"http://www.w3.org/1999/xhtml\"><ul><li>Include all codes defined in <a href=\"CodeSystem-eng-communication-status-reason.html\"><code>http://ibm.com/fhir/cdm/CodeSystem/eng-communication-status-reason</code></a></li></ul></div>"},"url":"http://ibm.com/fhir/cdm/ValueSet/eng-communication-status","version":"0.1.0","name":"EngagementCommunicationStatusReasonValueSet","title":"Engagement Communication Status Reason Value Set","status":"active","date":"2021-08-05T17:26:16+00:00","contact":[{"name":"Kim Kenna","telecom":[{"system":"email","value":"sloand@us.ibm.com"}]},{"name":"Tom Eggebraaten","telecom":[{"system":"email","value":"tegge@us.ibm.com"}]}],"description":"Status codes detailing the reason and status history for an Engagement communication.","compose":{"include":[{"system":"http://ibm.com/fhir/cdm/CodeSystem/eng-communication-status-reason"}]}}