<?xml version="1.0" encoding="UTF-8"?><CodeSystem xmlns="http://hl7.org/fhir"><id value="patient-status"/><text><status value="generated"/><div xmlns="http://www.w3.org/1999/xhtml"><p>This code system http://alvearie.io/fhir/CodeSystem/patient-status defines the following codes:</p><table class="codes"><tr><td style="white-space:nowrap"><b>Code</b></td><td><b>Display</b></td><td><b>Definition</b></td></tr><tr><td style="white-space:nowrap">anonymous<a name="patient-status-anonymous"> </a></td><td>Anonymous</td><td>Patient does not provide true identity or identification</td></tr><tr><td style="white-space:nowrap">asl<a name="patient-status-asl"> </a></td><td>American Sign Language</td><td>Patient communicates using American Sign Language</td></tr><tr><td style="white-space:nowrap">blind<a name="patient-status-blind"> </a></td><td>Blind</td><td>Patient is blind or legally blind.</td></tr><tr><td style="white-space:nowrap">blood-refusal<a name="patient-status-blood-refusal"> </a></td><td>Blood Refusal</td><td>Patient refuses blood products and transfusions</td></tr><tr><td style="white-space:nowrap">charity<a name="patient-status-charity"> </a></td><td>Charity</td><td>Patient is pro-bono or charity-care patient</td></tr><tr><td style="white-space:nowrap">chronic-pain<a name="patient-status-chronic-pain"> </a></td><td>Chronic Pain</td><td>Patient is under treatment for chronic pain</td></tr><tr><td style="white-space:nowrap">collection<a name="patient-status-collection"> </a></td><td>Collections</td><td>Patient has uncollected debt or account in collection status</td></tr><tr><td style="white-space:nowrap">committed<a name="patient-status-committed"> </a></td><td>Committed</td><td>Patient is committed to a mental institution</td></tr><tr><td style="white-space:nowrap">confidential<a name="patient-status-confidential"> </a></td><td>Confidential</td><td>Patient has special privacy concerns</td></tr><tr><td style="white-space:nowrap">da-victim<a name="patient-status-da-victim"> </a></td><td>Domestic Abuse Victim</td><td>Patient is a victim of domestic abuse or violence at home</td></tr><tr><td style="white-space:nowrap">deactivated<a name="patient-status-deactivated"> </a></td><td>Deactivated</td><td>Patient has been deactivated</td></tr><tr><td style="white-space:nowrap">dismissed<a name="patient-status-dismissed"> </a></td><td>Dismissed</td><td>Patient has been dismissed</td></tr><tr><td style="white-space:nowrap">drug-seeking<a name="patient-status-drug-seeking"> </a></td><td>Drug Seeking</td><td>Patient has exhibited drug seeking behavior</td></tr><tr><td style="white-space:nowrap">esrd<a name="patient-status-esrd"> </a></td><td>ESRD</td><td>Patient is in treatment for End Stage Renal Disease</td></tr><tr><td style="white-space:nowrap">fraud<a name="patient-status-fraud"> </a></td><td>Fraud</td><td>Patient has a history of identity theft or fraud</td></tr><tr><td style="white-space:nowrap">fraud-victim<a name="patient-status-fraud-victim"> </a></td><td>Fraud Victim</td><td>Patient is a victim of identity theft or fraud</td></tr><tr><td style="white-space:nowrap">hearing-impaired<a name="patient-status-hearing-impaired"> </a></td><td>Hearing Impaired</td><td>Patient is deaf or hearing impaired</td></tr><tr><td style="white-space:nowrap">heart<a name="patient-status-heart"> </a></td><td>Heart</td><td>Patient is a structural heart patient</td></tr><tr><td style="white-space:nowrap">incarcerated<a name="patient-status-incarcerated"> </a></td><td>Incarcerated</td><td>Patient is incarcerated in a state or federal prison</td></tr><tr><td style="white-space:nowrap">no-show<a name="patient-status-no-show"> </a></td><td>No Show</td><td>Patient has a history of repeatedly missing appointments</td></tr><tr><td style="white-space:nowrap">non-compliant<a name="patient-status-non-compliant"> </a></td><td>Non-Compliant</td><td>Patient is non-compliant</td></tr><tr><td style="white-space:nowrap">sarscov2<a name="patient-status-sarscov2"> </a></td><td>SARS-CoV-2</td><td>Patient is exhibiting symptomps of SARS-CoV-2</td></tr><tr><td style="white-space:nowrap">service-animal<a name="patient-status-service-animal"> </a></td><td>Service Animal</td><td>Patient has a service animal</td></tr><tr><td style="white-space:nowrap">support-person<a name="patient-status-support-person"> </a></td><td>Support Person</td><td>Patient has a support person or assistant</td></tr><tr><td style="white-space:nowrap">test<a name="patient-status-test"> </a></td><td>Test</td><td>Patient is a test patient used for training, system demonstration, or testing</td></tr><tr><td style="white-space:nowrap">transferred<a name="patient-status-transferred"> </a></td><td>Transferred</td><td>Patient has transferred to another location or pactitioner</td></tr><tr><td style="white-space:nowrap">violence<a name="patient-status-violence"> </a></td><td>Violence</td><td>Patient has a history of violent behavior</td></tr><tr><td style="white-space:nowrap">vision-impaired<a name="patient-status-vision-impaired"> </a></td><td>Vision Impaired</td><td>Patient is has low-vision or other serious vision impairment</td></tr></table></div></text><url value="http://alvearie.io/fhir/CodeSystem/patient-status"/><version value="0.1.0"/><name value="PatientStatusCodeSystem"/><title value="Patient Status Codes"/><status value="active"/><date value="2021-04-14T11:21:37-05:00"/><contact><name value="Kim Kenna"/><telecom><system value="email"/><value value="sloand@us.ibm.com"/></telecom></contact><contact><name value="Tom Eggebraaten"/><telecom><system value="email"/><value value="tegge@us.ibm.com"/></telecom></contact><description value="Patient status code examples"/><content value="complete"/><count value="28"/><concept><code value="anonymous"/><display value="Anonymous"/><definition value="Patient does not provide true identity or identification"/></concept><concept><code value="asl"/><display value="American Sign Language"/><definition value="Patient communicates using American Sign Language"/></concept><concept><code value="blind"/><display value="Blind"/><definition value="Patient is blind or legally blind."/></concept><concept><code value="blood-refusal"/><display value="Blood Refusal"/><definition value="Patient refuses blood products and transfusions"/></concept><concept><code value="charity"/><display value="Charity"/><definition value="Patient is pro-bono or charity-care patient"/></concept><concept><code value="chronic-pain"/><display value="Chronic Pain"/><definition value="Patient is under treatment for chronic pain"/></concept><concept><code value="collection"/><display value="Collections"/><definition value="Patient has uncollected debt or account in collection status"/></concept><concept><code value="committed"/><display value="Committed"/><definition value="Patient is committed to a mental institution"/></concept><concept><code value="confidential"/><display value="Confidential"/><definition value="Patient has special privacy concerns"/></concept><concept><code value="da-victim"/><display value="Domestic Abuse Victim"/><definition value="Patient is a victim of domestic abuse or violence at home"/></concept><concept><code value="deactivated"/><display value="Deactivated"/><definition value="Patient has been deactivated"/></concept><concept><code value="dismissed"/><display value="Dismissed"/><definition value="Patient has been dismissed"/></concept><concept><code value="drug-seeking"/><display value="Drug Seeking"/><definition value="Patient has exhibited drug seeking behavior"/></concept><concept><code value="esrd"/><display value="ESRD"/><definition value="Patient is in treatment for End Stage Renal Disease"/></concept><concept><code value="fraud"/><display value="Fraud"/><definition value="Patient has a history of identity theft or fraud"/></concept><concept><code value="fraud-victim"/><display value="Fraud Victim"/><definition value="Patient is a victim of identity theft or fraud"/></concept><concept><code value="hearing-impaired"/><display value="Hearing Impaired"/><definition value="Patient is deaf or hearing impaired"/></concept><concept><code value="heart"/><display value="Heart"/><definition value="Patient is a structural heart patient"/></concept><concept><code value="incarcerated"/><display value="Incarcerated"/><definition value="Patient is incarcerated in a state or federal prison"/></concept><concept><code value="no-show"/><display value="No Show"/><definition value="Patient has a history of repeatedly missing appointments"/></concept><concept><code value="non-compliant"/><display value="Non-Compliant"/><definition value="Patient is non-compliant"/></concept><concept><code value="sarscov2"/><display value="SARS-CoV-2"/><definition value="Patient is exhibiting symptomps of SARS-CoV-2"/></concept><concept><code value="service-animal"/><display value="Service Animal"/><definition value="Patient has a service animal"/></concept><concept><code value="support-person"/><display value="Support Person"/><definition value="Patient has a support person or assistant"/></concept><concept><code value="test"/><display value="Test"/><definition value="Patient is a test patient used for training, system demonstration, or testing"/></concept><concept><code value="transferred"/><display value="Transferred"/><definition value="Patient has transferred to another location or pactitioner"/></concept><concept><code value="violence"/><display value="Violence"/><definition value="Patient has a history of violent behavior"/></concept><concept><code value="vision-impaired"/><display value="Vision Impaired"/><definition value="Patient is has low-vision or other serious vision impairment"/></concept></CodeSystem>