<?xml version="1.0" encoding="UTF-8"?><CodeSystem xmlns="http://hl7.org/fhir"><id value="match-method"/><text><status value="generated"/><div xmlns="http://www.w3.org/1999/xhtml"><p>This code system http://alvearie.io/fhir/CodeSystem/match-method defines the following codes:</p><table class="codes"><tr><td style="white-space:nowrap"><b>Code</b></td><td><b>Display</b></td></tr><tr><td style="white-space:nowrap">automated<a name="match-method-automated"> </a></td><td>Automoted matching algorithm or model identified the match</td></tr><tr><td style="white-space:nowrap">manual<a name="match-method-manual"> </a></td><td>Manual matching performed by a human</td></tr><tr><td style="white-space:nowrap">none<a name="match-method-none"> </a></td><td>No match was performed or identifed</td></tr></table></div></text><url value="http://alvearie.io/fhir/CodeSystem/match-method"/><version value="0.1.0"/><name value="MatchMethodCodeSystem"/><title value="Match Method Codes"/><status value="active"/><date value="2021-04-14T11:21:37-05:00"/><contact><name value="Kim Kenna"/><telecom><system value="email"/><value value="sloand@us.ibm.com"/></telecom></contact><contact><name value="Tom Eggebraaten"/><telecom><system value="email"/><value value="tegge@us.ibm.com"/></telecom></contact><description value="Codes indicating methods used to identify matched entities"/><content value="complete"/><count value="3"/><concept><code value="automated"/><display value="Automoted matching algorithm or model identified the match"/></concept><concept><code value="manual"/><display value="Manual matching performed by a human"/></concept><concept><code value="none"/><display value="No match was performed or identifed"/></concept></CodeSystem>