<?xml version="1.0" encoding="UTF-8"?><CodeSystem xmlns="http://hl7.org/fhir"><id value="paid-in-network-indicator"/><text><status value="generated"/><div xmlns="http://www.w3.org/1999/xhtml"><p>This code system http://ibm.com/fhir/cdm/CodeSystem/paid-in-network-indicator defines the following codes:</p><table class="codes"><tr><td style="white-space:nowrap"><b>Code</b></td><td><b>Display</b></td><td><b>Definition</b></td></tr><tr><td style="white-space:nowrap">in-network<a name="paid-in-network-indicator-in-network"> </a></td><td>In Network</td><td>In Network; Provider is contracted with the health insurance company to provide services to plan members for specific pre-negotiated rates.</td></tr><tr><td style="white-space:nowrap">out-of-network<a name="paid-in-network-indicator-out-of-network"> </a></td><td>Out of Network</td><td>Out of Network; Provider is not contracted with the health insurance company to provide services to plan members for specific pre-negotiated rates.</td></tr><tr><td style="white-space:nowrap">other<a name="paid-in-network-indicator-other"> </a></td><td>Other; Other applicability</td><td>Other; Other applicability</td></tr></table></div></text><url value="http://ibm.com/fhir/cdm/CodeSystem/paid-in-network-indicator"/><version value="0.1.0"/><name value="PaidInNetworkIndicatorCodeSystem"/><title value="Paid In Network Indicator Codes"/><status value="active"/><date value="2021-06-14T16:26:11-05:00"/><contact><name value="Kim Kenna"/><telecom><system value="email"/><value value="sloand@us.ibm.com"/></telecom></contact><contact><name value="Tom Eggebraaten"/><telecom><system value="email"/><value value="tegge@us.ibm.com"/></telecom></contact><description value="An indicator of whether the claim was paid at the in-network or out-of-network level."/><content value="complete"/><count value="3"/><concept><code value="in-network"/><display value="In Network"/><definition value="In Network; Provider is contracted with the health insurance company to provide services to plan members for specific pre-negotiated rates."/></concept><concept><code value="out-of-network"/><display value="Out of Network"/><definition value="Out of Network; Provider is not contracted with the health insurance company to provide services to plan members for specific pre-negotiated rates."/></concept><concept><code value="other"/><display value="Other; Other applicability"/><definition value="Other; Other applicability"/></concept></CodeSystem>