<?xml version="1.0" encoding="UTF-8"?><CodeSystem xmlns="http://hl7.org/fhir"><id value="wh-payer-provider-type"/><text><status value="generated"/><div xmlns="http://www.w3.org/1999/xhtml"><p>This code system http://ibm.com/fhir/cdm/CodeSystem/wh-payer-provider-type defines the following codes:</p><table class="codes"><tr><td style="white-space:nowrap"><b>Code</b></td><td><b>Display</b></td></tr><tr><td style="white-space:nowrap">1<a name="wh-payer-provider-type-1"> </a></td><td>Acute Care Hospital</td></tr><tr><td style="white-space:nowrap">5<a name="wh-payer-provider-type-5"> </a></td><td>Ambulatory Surgery Centers</td></tr><tr><td style="white-space:nowrap">6<a name="wh-payer-provider-type-6"> </a></td><td>Urgent Care Facility</td></tr><tr><td style="white-space:nowrap">10<a name="wh-payer-provider-type-10"> </a></td><td>Birthing Center</td></tr><tr><td style="white-space:nowrap">15<a name="wh-payer-provider-type-15"> </a></td><td>Treatment Center</td></tr><tr><td style="white-space:nowrap">20<a name="wh-payer-provider-type-20"> </a></td><td>Mental Health/Chemical Dep NEC</td></tr><tr><td style="white-space:nowrap">21<a name="wh-payer-provider-type-21"> </a></td><td>Mental Health Facilities</td></tr><tr><td style="white-space:nowrap">22<a name="wh-payer-provider-type-22"> </a></td><td>Chemical Depend Treatment Ctr</td></tr><tr><td style="white-space:nowrap">23<a name="wh-payer-provider-type-23"> </a></td><td>Mental Hlth/Chem Dep Day Care</td></tr><tr><td style="white-space:nowrap">25<a name="wh-payer-provider-type-25"> </a></td><td>Rehabilitation Facilities</td></tr><tr><td style="white-space:nowrap">30<a name="wh-payer-provider-type-30"> </a></td><td>Longterm Care (NEC)</td></tr><tr><td style="white-space:nowrap">31<a name="wh-payer-provider-type-31"> </a></td><td>Extended Care Facility</td></tr><tr><td style="white-space:nowrap">32<a name="wh-payer-provider-type-32"> </a></td><td>Geriatric Hospital</td></tr><tr><td style="white-space:nowrap">33<a name="wh-payer-provider-type-33"> </a></td><td>Convalescent Care Facility</td></tr><tr><td style="white-space:nowrap">34<a name="wh-payer-provider-type-34"> </a></td><td>Intermediate Care Facility</td></tr><tr><td style="white-space:nowrap">35<a name="wh-payer-provider-type-35"> </a></td><td>Residential Treatment Center</td></tr><tr><td style="white-space:nowrap">36<a name="wh-payer-provider-type-36"> </a></td><td>Continuing Care Retirement Com</td></tr><tr><td style="white-space:nowrap">37<a name="wh-payer-provider-type-37"> </a></td><td>Day/Night Care Center</td></tr><tr><td style="white-space:nowrap">38<a name="wh-payer-provider-type-38"> </a></td><td>Hospice Facility</td></tr><tr><td style="white-space:nowrap">40<a name="wh-payer-provider-type-40"> </a></td><td>Other Facility (NEC)</td></tr><tr><td style="white-space:nowrap">41<a name="wh-payer-provider-type-41"> </a></td><td>Infirmary</td></tr><tr><td style="white-space:nowrap">42<a name="wh-payer-provider-type-42"> </a></td><td>Special Care Facility (NEC)</td></tr><tr><td style="white-space:nowrap">100<a name="wh-payer-provider-type-100"> </a></td><td>Dentist - MD &amp; DDS</td></tr><tr><td style="white-space:nowrap">105<a name="wh-payer-provider-type-105"> </a></td><td>Dental Specialist</td></tr><tr><td style="white-space:nowrap">120<a name="wh-payer-provider-type-120"> </a></td><td>Chiropractor/DCM</td></tr><tr><td style="white-space:nowrap">130<a name="wh-payer-provider-type-130"> </a></td><td>Podiatry</td></tr><tr><td style="white-space:nowrap">140<a name="wh-payer-provider-type-140"> </a></td><td>Pain Mgmt/Pain Medicine</td></tr><tr><td style="white-space:nowrap">145<a name="wh-payer-provider-type-145"> </a></td><td>Pediatric Anesthesiology</td></tr><tr><td style="white-space:nowrap">150<a name="wh-payer-provider-type-150"> </a></td><td>Anesthesiology</td></tr><tr><td style="white-space:nowrap">160<a name="wh-payer-provider-type-160"> </a></td><td>Nuclear Medicine</td></tr><tr><td style="white-space:nowrap">170<a name="wh-payer-provider-type-170"> </a></td><td>Pathology</td></tr><tr><td style="white-space:nowrap">175<a name="wh-payer-provider-type-175"> </a></td><td>Pediatric Pathology</td></tr><tr><td style="white-space:nowrap">180<a name="wh-payer-provider-type-180"> </a></td><td>Radiology</td></tr><tr><td style="white-space:nowrap">185<a name="wh-payer-provider-type-185"> </a></td><td>Pediatric Radiology</td></tr><tr><td style="white-space:nowrap">200<a name="wh-payer-provider-type-200"> </a></td><td>Medical Doctor - MD</td></tr><tr><td style="white-space:nowrap">202<a name="wh-payer-provider-type-202"> </a></td><td>Osteopathic Medicine</td></tr><tr><td style="white-space:nowrap">204<a name="wh-payer-provider-type-204"> </a></td><td>Internal Medicine</td></tr><tr><td style="white-space:nowrap">206<a name="wh-payer-provider-type-206"> </a></td><td>Multi-Specialty Physician Group</td></tr><tr><td style="white-space:nowrap">208<a name="wh-payer-provider-type-208"> </a></td><td>Proctology</td></tr><tr><td style="white-space:nowrap">210<a name="wh-payer-provider-type-210"> </a></td><td>Urology</td></tr><tr><td style="white-space:nowrap">215<a name="wh-payer-provider-type-215"> </a></td><td>Dermatology</td></tr><tr><td style="white-space:nowrap">220<a name="wh-payer-provider-type-220"> </a></td><td>Emergency Medicine</td></tr><tr><td style="white-space:nowrap">225<a name="wh-payer-provider-type-225"> </a></td><td>Hospitalist</td></tr><tr><td style="white-space:nowrap">227<a name="wh-payer-provider-type-227"> </a></td><td>Palliative Medicine</td></tr><tr><td style="white-space:nowrap">230<a name="wh-payer-provider-type-230"> </a></td><td>Allergy &amp; Immunology</td></tr><tr><td style="white-space:nowrap">240<a name="wh-payer-provider-type-240"> </a></td><td>Family Practice</td></tr><tr><td style="white-space:nowrap">245<a name="wh-payer-provider-type-245"> </a></td><td>Geriatric Medicine</td></tr><tr><td style="white-space:nowrap">250<a name="wh-payer-provider-type-250"> </a></td><td>Cardiovascular Disease/Cardiology,etc.</td></tr><tr><td style="white-space:nowrap">260<a name="wh-payer-provider-type-260"> </a></td><td>Neurology</td></tr><tr><td style="white-space:nowrap">265<a name="wh-payer-provider-type-265"> </a></td><td>Critical Care Medicine</td></tr><tr><td style="white-space:nowrap">270<a name="wh-payer-provider-type-270"> </a></td><td>Endocrinology &amp; Metabolism</td></tr><tr><td style="white-space:nowrap">275<a name="wh-payer-provider-type-275"> </a></td><td>Gastroenterology</td></tr><tr><td style="white-space:nowrap">280<a name="wh-payer-provider-type-280"> </a></td><td>Hematology</td></tr><tr><td style="white-space:nowrap">285<a name="wh-payer-provider-type-285"> </a></td><td>Infectious Disease</td></tr><tr><td style="white-space:nowrap">290<a name="wh-payer-provider-type-290"> </a></td><td>Nephrology</td></tr><tr><td style="white-space:nowrap">295<a name="wh-payer-provider-type-295"> </a></td><td>Pulmonary Disease</td></tr><tr><td style="white-space:nowrap">300<a name="wh-payer-provider-type-300"> </a></td><td>Rheumatology</td></tr><tr><td style="white-space:nowrap">320<a name="wh-payer-provider-type-320"> </a></td><td>Obstetrics &amp; Gynecology</td></tr><tr><td style="white-space:nowrap">325<a name="wh-payer-provider-type-325"> </a></td><td>Genetics</td></tr><tr><td style="white-space:nowrap">330<a name="wh-payer-provider-type-330"> </a></td><td>Ophthalmology</td></tr><tr><td style="white-space:nowrap">340<a name="wh-payer-provider-type-340"> </a></td><td>Otolaryngology</td></tr><tr><td style="white-space:nowrap">350<a name="wh-payer-provider-type-350"> </a></td><td>Physical Medicine &amp; Rehabilitation</td></tr><tr><td style="white-space:nowrap">355<a name="wh-payer-provider-type-355"> </a></td><td>Plastic Surgery/Maxillofacial Surgery</td></tr><tr><td style="white-space:nowrap">360<a name="wh-payer-provider-type-360"> </a></td><td>Preventative Medicine</td></tr><tr><td style="white-space:nowrap">365<a name="wh-payer-provider-type-365"> </a></td><td>Psychiatry</td></tr><tr><td style="white-space:nowrap">380<a name="wh-payer-provider-type-380"> </a></td><td>Oncology</td></tr><tr><td style="white-space:nowrap">400<a name="wh-payer-provider-type-400"> </a></td><td>Pediatrician</td></tr><tr><td style="white-space:nowrap">410<a name="wh-payer-provider-type-410"> </a></td><td>Pediatric Specialist</td></tr><tr><td style="white-space:nowrap">413<a name="wh-payer-provider-type-413"> </a></td><td>Pediatric Nephrology</td></tr><tr><td style="white-space:nowrap">415<a name="wh-payer-provider-type-415"> </a></td><td>Pediatric Ophthalmology</td></tr><tr><td style="white-space:nowrap">418<a name="wh-payer-provider-type-418"> </a></td><td>Pediatric Orthopaedics</td></tr><tr><td style="white-space:nowrap">420<a name="wh-payer-provider-type-420"> </a></td><td>Pediatric Otolaryngology</td></tr><tr><td style="white-space:nowrap">423<a name="wh-payer-provider-type-423"> </a></td><td>Pediatric Critical Care Medicine</td></tr><tr><td style="white-space:nowrap">425<a name="wh-payer-provider-type-425"> </a></td><td>Pediatric Pulmonology</td></tr><tr><td style="white-space:nowrap">428<a name="wh-payer-provider-type-428"> </a></td><td>Pediatric Emergency Medicine</td></tr><tr><td style="white-space:nowrap">430<a name="wh-payer-provider-type-430"> </a></td><td>Pediatric Allergy &amp; Immunology</td></tr><tr><td style="white-space:nowrap">433<a name="wh-payer-provider-type-433"> </a></td><td>Pediatric Endocrinology</td></tr><tr><td style="white-space:nowrap">435<a name="wh-payer-provider-type-435"> </a></td><td>Neonatal-Perinatal Medicine</td></tr><tr><td style="white-space:nowrap">438<a name="wh-payer-provider-type-438"> </a></td><td>Pediatric Gastroenterology</td></tr><tr><td style="white-space:nowrap">440<a name="wh-payer-provider-type-440"> </a></td><td>Pediatric Cardiology</td></tr><tr><td style="white-space:nowrap">443<a name="wh-payer-provider-type-443"> </a></td><td>Pediatric Hematology-Oncology</td></tr><tr><td style="white-space:nowrap">448<a name="wh-payer-provider-type-448"> </a></td><td>Pediatric Infectious Diseases</td></tr><tr><td style="white-space:nowrap">450<a name="wh-payer-provider-type-450"> </a></td><td>Pediatric Rheumatology</td></tr><tr><td style="white-space:nowrap">453<a name="wh-payer-provider-type-453"> </a></td><td>Sports Medicine</td></tr><tr><td style="white-space:nowrap">455<a name="wh-payer-provider-type-455"> </a></td><td>Pediatric Urology</td></tr><tr><td style="white-space:nowrap">458<a name="wh-payer-provider-type-458"> </a></td><td>Child Psychiatry</td></tr><tr><td style="white-space:nowrap">460<a name="wh-payer-provider-type-460"> </a></td><td>Pediatric Medical Toxicology</td></tr><tr><td style="white-space:nowrap">500<a name="wh-payer-provider-type-500"> </a></td><td>Surgeon</td></tr><tr><td style="white-space:nowrap">505<a name="wh-payer-provider-type-505"> </a></td><td>Surgical Specialist (NEC)</td></tr><tr><td style="white-space:nowrap">510<a name="wh-payer-provider-type-510"> </a></td><td>Colon &amp; Rectal Surgery</td></tr><tr><td style="white-space:nowrap">520<a name="wh-payer-provider-type-520"> </a></td><td>Neurological Surgery</td></tr><tr><td style="white-space:nowrap">530<a name="wh-payer-provider-type-530"> </a></td><td>Orthopaedic Surgery</td></tr><tr><td style="white-space:nowrap">535<a name="wh-payer-provider-type-535"> </a></td><td>Abdominal Surgery</td></tr><tr><td style="white-space:nowrap">540<a name="wh-payer-provider-type-540"> </a></td><td>Cardiovascular Surgery</td></tr><tr><td style="white-space:nowrap">545<a name="wh-payer-provider-type-545"> </a></td><td>Dermatologic Surgery</td></tr><tr><td style="white-space:nowrap">550<a name="wh-payer-provider-type-550"> </a></td><td>General Vascular Surgery</td></tr><tr><td style="white-space:nowrap">555<a name="wh-payer-provider-type-555"> </a></td><td>Head and Neck Surgery</td></tr><tr><td style="white-space:nowrap">560<a name="wh-payer-provider-type-560"> </a></td><td>Pediatric Surgery</td></tr><tr><td style="white-space:nowrap">565<a name="wh-payer-provider-type-565"> </a></td><td>Surgical Critical Care</td></tr><tr><td style="white-space:nowrap">570<a name="wh-payer-provider-type-570"> </a></td><td>Transplant Surgery</td></tr><tr><td style="white-space:nowrap">575<a name="wh-payer-provider-type-575"> </a></td><td>Traumatic Surgery</td></tr><tr><td style="white-space:nowrap">580<a name="wh-payer-provider-type-580"> </a></td><td>Cardiothoracic Surgery</td></tr><tr><td style="white-space:nowrap">585<a name="wh-payer-provider-type-585"> </a></td><td>Thoracic Surgery</td></tr><tr><td style="white-space:nowrap">805<a name="wh-payer-provider-type-805"> </a></td><td>Dental Technician</td></tr><tr><td style="white-space:nowrap">810<a name="wh-payer-provider-type-810"> </a></td><td>Dietitian</td></tr><tr><td style="white-space:nowrap">815<a name="wh-payer-provider-type-815"> </a></td><td>Medical Technician</td></tr><tr><td style="white-space:nowrap">820<a name="wh-payer-provider-type-820"> </a></td><td>Midwife</td></tr><tr><td style="white-space:nowrap">822<a name="wh-payer-provider-type-822"> </a></td><td>Nursing Services</td></tr><tr><td style="white-space:nowrap">824<a name="wh-payer-provider-type-824"> </a></td><td>Psychiatric Nurse</td></tr><tr><td style="white-space:nowrap">825<a name="wh-payer-provider-type-825"> </a></td><td>Nurse Practitioner</td></tr><tr><td style="white-space:nowrap">827<a name="wh-payer-provider-type-827"> </a></td><td>Nurse Anesthetist</td></tr><tr><td style="white-space:nowrap">830<a name="wh-payer-provider-type-830"> </a></td><td>Optometrist</td></tr><tr><td style="white-space:nowrap">835<a name="wh-payer-provider-type-835"> </a></td><td>Optician</td></tr><tr><td style="white-space:nowrap">840<a name="wh-payer-provider-type-840"> </a></td><td>Pharmacist</td></tr><tr><td style="white-space:nowrap">845<a name="wh-payer-provider-type-845"> </a></td><td>Physician Assistant</td></tr><tr><td style="white-space:nowrap">850<a name="wh-payer-provider-type-850"> </a></td><td>Therapy</td></tr><tr><td style="white-space:nowrap">853<a name="wh-payer-provider-type-853"> </a></td><td>Therapists</td></tr><tr><td style="white-space:nowrap">855<a name="wh-payer-provider-type-855"> </a></td><td>Therapists</td></tr><tr><td style="white-space:nowrap">857<a name="wh-payer-provider-type-857"> </a></td><td>Renal Dialysis Therapy</td></tr><tr><td style="white-space:nowrap">860<a name="wh-payer-provider-type-860"> </a></td><td>Psychologist</td></tr><tr><td style="white-space:nowrap">865<a name="wh-payer-provider-type-865"> </a></td><td>Acupuncturist</td></tr><tr><td style="white-space:nowrap">870<a name="wh-payer-provider-type-870"> </a></td><td>Spiritual Healers</td></tr><tr><td style="white-space:nowrap">900<a name="wh-payer-provider-type-900"> </a></td><td>Health Educator/Agency</td></tr><tr><td style="white-space:nowrap">905<a name="wh-payer-provider-type-905"> </a></td><td>Transportation</td></tr><tr><td style="white-space:nowrap">910<a name="wh-payer-provider-type-910"> </a></td><td>Health Resort</td></tr><tr><td style="white-space:nowrap">915<a name="wh-payer-provider-type-915"> </a></td><td>Hearing Labs</td></tr><tr><td style="white-space:nowrap">920<a name="wh-payer-provider-type-920"> </a></td><td>Home Health Organiz/Agency</td></tr><tr><td style="white-space:nowrap">925<a name="wh-payer-provider-type-925"> </a></td><td>Imaging Center</td></tr><tr><td style="white-space:nowrap">930<a name="wh-payer-provider-type-930"> </a></td><td>Laboratory</td></tr><tr><td style="white-space:nowrap">935<a name="wh-payer-provider-type-935"> </a></td><td>Pharmacy</td></tr><tr><td style="white-space:nowrap">940<a name="wh-payer-provider-type-940"> </a></td><td>Supply Center</td></tr><tr><td style="white-space:nowrap">945<a name="wh-payer-provider-type-945"> </a></td><td>Vision Center</td></tr><tr><td style="white-space:nowrap">950<a name="wh-payer-provider-type-950"> </a></td><td>Public Health Agency</td></tr><tr><td style="white-space:nowrap">955<a name="wh-payer-provider-type-955"> </a></td><td>Unknown Clinic</td></tr><tr><td style="white-space:nowrap">960<a name="wh-payer-provider-type-960"> </a></td><td>Case Manager</td></tr></table></div></text><url value="http://ibm.com/fhir/cdm/CodeSystem/wh-payer-provider-type"/><version value="0.1.0"/><name value="WhPayerProviderTypeCodeSystem"/><title value="Health Data Connect Provider Type Codes"/><status value="active"/><date value="2021-07-01T14:31:32+00:00"/><contact><name value="Kim Kenna"/><telecom><system value="email"/><value value="sloand@us.ibm.com"/></telecom></contact><contact><name value="Tom Eggebraaten"/><telecom><system value="email"/><value value="tegge@us.ibm.com"/></telecom></contact><description value="IBM&#xAE; Health Data Connect standard provider type code as reported on the claim."/><content value="complete"/><count value="135"/><concept><code value="1"/><display value="Acute Care Hospital"/></concept><concept><code value="5"/><display value="Ambulatory Surgery Centers"/></concept><concept><code value="6"/><display value="Urgent Care Facility"/></concept><concept><code value="10"/><display value="Birthing Center"/></concept><concept><code value="15"/><display value="Treatment Center"/></concept><concept><code value="20"/><display value="Mental Health/Chemical Dep NEC"/></concept><concept><code value="21"/><display value="Mental Health Facilities"/></concept><concept><code value="22"/><display value="Chemical Depend Treatment Ctr"/></concept><concept><code value="23"/><display value="Mental Hlth/Chem Dep Day Care"/></concept><concept><code value="25"/><display value="Rehabilitation Facilities"/></concept><concept><code value="30"/><display value="Longterm Care (NEC)"/></concept><concept><code value="31"/><display value="Extended Care Facility"/></concept><concept><code value="32"/><display value="Geriatric Hospital"/></concept><concept><code value="33"/><display value="Convalescent Care Facility"/></concept><concept><code value="34"/><display value="Intermediate Care Facility"/></concept><concept><code value="35"/><display value="Residential Treatment Center"/></concept><concept><code value="36"/><display value="Continuing Care Retirement Com"/></concept><concept><code value="37"/><display value="Day/Night Care Center"/></concept><concept><code value="38"/><display value="Hospice Facility"/></concept><concept><code value="40"/><display value="Other Facility (NEC)"/></concept><concept><code value="41"/><display value="Infirmary"/></concept><concept><code value="42"/><display value="Special Care Facility (NEC)"/></concept><concept><code value="100"/><display value="Dentist - MD &amp; DDS"/></concept><concept><code value="105"/><display value="Dental Specialist"/></concept><concept><code value="120"/><display value="Chiropractor/DCM"/></concept><concept><code value="130"/><display value="Podiatry"/></concept><concept><code value="140"/><display value="Pain Mgmt/Pain Medicine"/></concept><concept><code value="145"/><display value="Pediatric Anesthesiology"/></concept><concept><code value="150"/><display value="Anesthesiology"/></concept><concept><code value="160"/><display value="Nuclear Medicine"/></concept><concept><code value="170"/><display value="Pathology"/></concept><concept><code value="175"/><display value="Pediatric Pathology"/></concept><concept><code value="180"/><display value="Radiology"/></concept><concept><code value="185"/><display value="Pediatric Radiology"/></concept><concept><code value="200"/><display value="Medical Doctor - MD"/></concept><concept><code value="202"/><display value="Osteopathic Medicine"/></concept><concept><code value="204"/><display value="Internal Medicine"/></concept><concept><code value="206"/><display value="Multi-Specialty Physician Group"/></concept><concept><code value="208"/><display value="Proctology"/></concept><concept><code value="210"/><display value="Urology"/></concept><concept><code value="215"/><display value="Dermatology"/></concept><concept><code value="220"/><display value="Emergency Medicine"/></concept><concept><code value="225"/><display value="Hospitalist"/></concept><concept><code value="227"/><display value="Palliative Medicine"/></concept><concept><code value="230"/><display value="Allergy &amp; Immunology"/></concept><concept><code value="240"/><display value="Family Practice"/></concept><concept><code value="245"/><display value="Geriatric Medicine"/></concept><concept><code value="250"/><display value="Cardiovascular Disease/Cardiology,etc."/></concept><concept><code value="260"/><display value="Neurology"/></concept><concept><code value="265"/><display value="Critical Care Medicine"/></concept><concept><code value="270"/><display value="Endocrinology &amp; Metabolism"/></concept><concept><code value="275"/><display value="Gastroenterology"/></concept><concept><code value="280"/><display value="Hematology"/></concept><concept><code value="285"/><display value="Infectious Disease"/></concept><concept><code value="290"/><display value="Nephrology"/></concept><concept><code value="295"/><display value="Pulmonary Disease"/></concept><concept><code value="300"/><display value="Rheumatology"/></concept><concept><code value="320"/><display value="Obstetrics &amp; Gynecology"/></concept><concept><code value="325"/><display value="Genetics"/></concept><concept><code value="330"/><display value="Ophthalmology"/></concept><concept><code value="340"/><display value="Otolaryngology"/></concept><concept><code value="350"/><display value="Physical Medicine &amp; Rehabilitation"/></concept><concept><code value="355"/><display value="Plastic Surgery/Maxillofacial Surgery"/></concept><concept><code value="360"/><display value="Preventative Medicine"/></concept><concept><code value="365"/><display value="Psychiatry"/></concept><concept><code value="380"/><display value="Oncology"/></concept><concept><code value="400"/><display value="Pediatrician"/></concept><concept><code value="410"/><display value="Pediatric Specialist"/></concept><concept><code value="413"/><display value="Pediatric Nephrology"/></concept><concept><code value="415"/><display value="Pediatric Ophthalmology"/></concept><concept><code value="418"/><display value="Pediatric Orthopaedics"/></concept><concept><code value="420"/><display value="Pediatric Otolaryngology"/></concept><concept><code value="423"/><display value="Pediatric Critical Care Medicine"/></concept><concept><code value="425"/><display value="Pediatric Pulmonology"/></concept><concept><code value="428"/><display value="Pediatric Emergency Medicine"/></concept><concept><code value="430"/><display value="Pediatric Allergy &amp; Immunology"/></concept><concept><code value="433"/><display value="Pediatric Endocrinology"/></concept><concept><code value="435"/><display value="Neonatal-Perinatal Medicine"/></concept><concept><code value="438"/><display value="Pediatric Gastroenterology"/></concept><concept><code value="440"/><display value="Pediatric Cardiology"/></concept><concept><code value="443"/><display value="Pediatric Hematology-Oncology"/></concept><concept><code value="448"/><display value="Pediatric Infectious Diseases"/></concept><concept><code value="450"/><display value="Pediatric Rheumatology"/></concept><concept><code value="453"/><display value="Sports Medicine"/></concept><concept><code value="455"/><display value="Pediatric Urology"/></concept><concept><code value="458"/><display value="Child Psychiatry"/></concept><concept><code value="460"/><display value="Pediatric Medical Toxicology"/></concept><concept><code value="500"/><display value="Surgeon"/></concept><concept><code value="505"/><display value="Surgical Specialist (NEC)"/></concept><concept><code value="510"/><display value="Colon &amp; Rectal Surgery"/></concept><concept><code value="520"/><display value="Neurological Surgery"/></concept><concept><code value="530"/><display value="Orthopaedic Surgery"/></concept><concept><code value="535"/><display value="Abdominal Surgery"/></concept><concept><code value="540"/><display value="Cardiovascular Surgery"/></concept><concept><code value="545"/><display value="Dermatologic Surgery"/></concept><concept><code value="550"/><display value="General Vascular Surgery"/></concept><concept><code value="555"/><display value="Head and Neck Surgery"/></concept><concept><code value="560"/><display value="Pediatric Surgery"/></concept><concept><code value="565"/><display value="Surgical Critical Care"/></concept><concept><code value="570"/><display value="Transplant Surgery"/></concept><concept><code value="575"/><display value="Traumatic Surgery"/></concept><concept><code value="580"/><display value="Cardiothoracic Surgery"/></concept><concept><code value="585"/><display value="Thoracic Surgery"/></concept><concept><code value="805"/><display value="Dental Technician"/></concept><concept><code value="810"/><display value="Dietitian"/></concept><concept><code value="815"/><display value="Medical Technician"/></concept><concept><code value="820"/><display value="Midwife"/></concept><concept><code value="822"/><display value="Nursing Services"/></concept><concept><code value="824"/><display value="Psychiatric Nurse"/></concept><concept><code value="825"/><display value="Nurse Practitioner"/></concept><concept><code value="827"/><display value="Nurse Anesthetist"/></concept><concept><code value="830"/><display value="Optometrist"/></concept><concept><code value="835"/><display value="Optician"/></concept><concept><code value="840"/><display value="Pharmacist"/></concept><concept><code value="845"/><display value="Physician Assistant"/></concept><concept><code value="850"/><display value="Therapy"/></concept><concept><code value="853"/><display value="Therapists"/></concept><concept><code value="855"/><display value="Therapists"/></concept><concept><code value="857"/><display value="Renal Dialysis Therapy"/></concept><concept><code value="860"/><display value="Psychologist"/></concept><concept><code value="865"/><display value="Acupuncturist"/></concept><concept><code value="870"/><display value="Spiritual Healers"/></concept><concept><code value="900"/><display value="Health Educator/Agency"/></concept><concept><code value="905"/><display value="Transportation"/></concept><concept><code value="910"/><display value="Health Resort"/></concept><concept><code value="915"/><display value="Hearing Labs"/></concept><concept><code value="920"/><display value="Home Health Organiz/Agency"/></concept><concept><code value="925"/><display value="Imaging Center"/></concept><concept><code value="930"/><display value="Laboratory"/></concept><concept><code value="935"/><display value="Pharmacy"/></concept><concept><code value="940"/><display value="Supply Center"/></concept><concept><code value="945"/><display value="Vision Center"/></concept><concept><code value="950"/><display value="Public Health Agency"/></concept><concept><code value="955"/><display value="Unknown Clinic"/></concept><concept><code value="960"/><display value="Case Manager"/></concept></CodeSystem>