<?xml version="1.0" encoding="UTF-8"?><CodeSystem xmlns="http://hl7.org/fhir"><id value="match-confidence-level"/><text><status value="generated"/><div xmlns="http://www.w3.org/1999/xhtml"><p>This code system http://ibm.com/fhir/cdm/CodeSystem/match-confidence-level defines the following codes:</p><table class="codes"><tr><td style="white-space:nowrap"><b>Code</b></td><td><b>Display</b></td></tr><tr><td style="white-space:nowrap">no-match<a name="match-confidence-level-no-match"> </a></td><td>This record is not likely to be a match.  This record should ONLY be matched when another match is used to identify the match or if a human has intervened to specify a match.</td></tr></table></div></text><url value="http://ibm.com/fhir/cdm/CodeSystem/match-confidence-level"/><version value="0.1.0"/><name value="MatchConfidenceLevelCodeSystem"/><title value="Match Confidence Level Codes"/><status value="active"/><date value="2021-07-01T14:31:32+00:00"/><contact><name value="Kim Kenna"/><telecom><system value="email"/><value value="sloand@us.ibm.com"/></telecom></contact><contact><name value="Tom Eggebraaten"/><telecom><system value="email"/><value value="tegge@us.ibm.com"/></telecom></contact><description value="Codes indicating confidence level of matched entities"/><content value="complete"/><count value="1"/><concept><code value="no-match"/><display value="This record is not likely to be a match.  This record should ONLY be matched when another match is used to identify the match or if a human has intervened to specify a match."/></concept></CodeSystem>