<?xml version="1.0" encoding="UTF-8"?><ValueSet xmlns="http://hl7.org/fhir"><id value="opt-out-reason"/><text><status value="generated"/><div xmlns="http://www.w3.org/1999/xhtml"><ul><li>Include all codes defined in <a href="CodeSystem-opt-out-reason.html"><code>http://alvearie.io/fhir/CodeSystem/opt-out-reason</code></a></li></ul></div></text><url value="http://alvearie.io/fhir/ValueSet/opt-out-reason"/><version value="0.1.0"/><name value="OptOutReasonValueSet"/><title value="Opt-Out Reason Value Set"/><status value="active"/><date value="2021-04-30T10:15:05-05:00"/><contact><name value="Kim Kenna"/><telecom><system value="email"/><value value="sloand@us.ibm.com"/></telecom></contact><contact><name value="Tom Eggebraaten"/><telecom><system value="email"/><value value="tegge@us.ibm.com"/></telecom></contact><description value="Codes indicating reasons patients may specify for opting-out of communications"/><compose><include><system value="http://alvearie.io/fhir/CodeSystem/opt-out-reason"/></include></compose></ValueSet>