<?xml version="1.0" encoding="UTF-8"?><ValueSet xmlns="http://hl7.org/fhir"><id value="sex-assigned-at-birth"/><text><status value="generated"/><div xmlns="http://www.w3.org/1999/xhtml"><ul><li>Include all codes defined in <a href="CodeSystem-sex-assigned-at-birth.html"><code>http://ibm.com/fhir/cdm/CodeSystem/sex-assigned-at-birth</code></a></li></ul></div></text><url value="http://ibm.com/fhir/cdm/ValueSet/sex-assigned-at-birth"/><version value="0.1.0"/><name value="SexAssignedAtBirthValueSet"/><title value="Sex Assigned At Birth Value Set"/><status value="active"/><date value="2021-06-14T16:26:11-05:00"/><contact><name value="Kim Kenna"/><telecom><system value="email"/><value value="sloand@us.ibm.com"/></telecom></contact><contact><name value="Tom Eggebraaten"/><telecom><system value="email"/><value value="tegge@us.ibm.com"/></telecom></contact><description value="Sex assigned at birth based on observation by a physician.  Also called phenotype, or how the genes were expressed, based on the observation of the doctor. This assignment may not match the gender identity of the person, which will not be known until the newborn is older."/><compose><include><system value="http://ibm.com/fhir/cdm/CodeSystem/sex-assigned-at-birth"/></include></compose></ValueSet>