<?xml version="1.0" encoding="UTF-8"?><ValueSet xmlns="http://hl7.org/fhir"><id value="match-confidence-level"/><text><status value="generated"/><div xmlns="http://www.w3.org/1999/xhtml"><p>This value set includes codes based on the following rules:</p><ul><li>Include all codes defined in <a href="CodeSystem-match-confidence-level.html"><code>http://ibm.com/fhir/cdm/CodeSystem/match-confidence-level</code></a></li><li>Include all codes defined in <code>http://hl7.org/fhir/ValueSet/match-grade</code></li></ul></div></text><url value="http://ibm.com/fhir/cdm/ValueSet/match-confidence-level"/><version value="0.1.0"/><name value="MatchConfidenceLevelValueSet"/><title value="Match Confidence Level Code System"/><status value="active"/><date value="2021-06-18T10:21:56-05:00"/><contact><name value="Kim Kenna"/><telecom><system value="email"/><value value="sloand@us.ibm.com"/></telecom></contact><contact><name value="Tom Eggebraaten"/><telecom><system value="email"/><value value="tegge@us.ibm.com"/></telecom></contact><description value="Codes indicating confidence level of matched entities"/><compose><include><system value="http://ibm.com/fhir/cdm/CodeSystem/match-confidence-level"/></include><include><system value="http://hl7.org/fhir/ValueSet/match-grade"/></include></compose></ValueSet>