<?xml version="1.0" encoding="UTF-8"?><CodeSystem xmlns="http://hl7.org/fhir"><id value="medication-knowledge-cost-type"/><text><status value="generated"/><div xmlns="http://www.w3.org/1999/xhtml"><p>This code system http://ibm.com/fhir/cdm/CodeSystem/medication-knowledge-cost-type defines the following codes:</p><table class="codes"><tr><td style="white-space:nowrap"><b>Code</b></td><td><b>Display</b></td></tr><tr><td style="white-space:nowrap">federal-upper-limit<a name="medication-knowledge-cost-type-federal-upper-limit"> </a></td><td>The federal upper limit price for the NDC of a drug claim</td></tr></table></div></text><url value="http://ibm.com/fhir/cdm/CodeSystem/medication-knowledge-cost-type"/><version value="2.0.0"/><name value="WhPayerMedicationKnowledgeCostTypeCodeSystem"/><title value="Health Data Connect Medication Knowledge Cost Type Codes"/><status value="active"/><date value="2021-10-26T01:56:32+00:00"/><contact><name value="Kim Kenna"/><telecom><system value="email"/><value value="sloand@us.ibm.com"/></telecom></contact><contact><name value="Tom Eggebraaten"/><telecom><system value="email"/><value value="tegge@us.ibm.com"/></telecom></contact><description value="IBM® Health Data Connect medication knowledge cost type code"/><content value="complete"/><count value="1"/><concept><code value="federal-upper-limit"/><display value="The federal upper limit price for the NDC of a drug claim"/></concept></CodeSystem>