<?xml version="1.0" encoding="UTF-8"?><StructureDefinition xmlns="http://hl7.org/fhir"><id value="parameter-definition-with-default"/><text><status value="extensions"/><div xmlns="http://www.w3.org/1999/xhtml"><table border="0" cellpadding="0" cellspacing="0" style="border: 0px #F0F0F0 solid; font-size: 11px; font-family: verdana; vertical-align: top;"><tr style="border: 1px #F0F0F0 solid; font-size: 11px; font-family: verdana; vertical-align: top"><th style="vertical-align: top; text-align : left; background-color: white; border: 0px #F0F0F0 solid; padding:0px 4px 0px 4px" class="hierarchy"><a href="http://hl7.org/fhir/R4/formats.html#table" title="The logical name of the element">Name</a></th><th style="vertical-align: top; text-align : left; background-color: white; border: 0px #F0F0F0 solid; padding:0px 4px 0px 4px" class="hierarchy"><a href="http://hl7.org/fhir/R4/formats.html#table" title="Information about the use of the element">Flags</a></th><th style="vertical-align: top; text-align : left; background-color: white; border: 0px #F0F0F0 solid; padding:0px 4px 0px 4px" class="hierarchy"><a href="http://hl7.org/fhir/R4/formats.html#table" title="Minimum and Maximum # of times the the element can appear in the instance">Card.</a></th><th style="width: 100px" class="hierarchy"><a href="http://hl7.org/fhir/R4/formats.html#table" title="Reference to the type of the element">Type</a></th><th style="vertical-align: top; text-align : left; background-color: white; border: 0px #F0F0F0 solid; padding:0px 4px 0px 4px" class="hierarchy"><a href="http://hl7.org/fhir/R4/formats.html#table" title="Additional information about the element">Description &amp; Constraints</a><span style="float: right"><a href="http://hl7.org/fhir/R4/formats.html#table" title="Legend for this format"><img src="http://hl7.org/fhir/R4/help16.png" alt="doco" style="background-color: inherit"/></a></span></th></tr><tr style="border: 0px #F0F0F0 solid; padding:0px; vertical-align: top; background-color: white"><td style="vertical-align: top; text-align : left; background-color: white; border: 0px #F0F0F0 solid; padding:0px 4px 0px 4px; white-space: nowrap; background-image: url(tbl_bck1.png)" class="hierarchy"><img src="tbl_spacer.png" alt="." style="background-color: inherit" class="hierarchy"/><img src="icon_element.gif" alt="." style="background-color: white; background-color: inherit" title="Element" class="hierarchy"/> <a href="StructureDefinition-parameter-definition-with-default-definitions.html#ParameterDefinition">ParameterDefinition</a><a name="ParameterDefinition"> </a></td><td style="vertical-align: top; text-align : left; background-color: white; border: 0px #F0F0F0 solid; padding:0px 4px 0px 4px" class="hierarchy"/><td style="vertical-align: top; text-align : left; background-color: white; border: 0px #F0F0F0 solid; padding:0px 4px 0px 4px" class="hierarchy"><span style="opacity: 0.5">0</span><span style="opacity: 0.5">..</span><span style="opacity: 0.5">*</span></td><td style="vertical-align: top; text-align : left; background-color: white; border: 0px #F0F0F0 solid; padding:0px 4px 0px 4px" class="hierarchy"><a href="http://hl7.org/fhir/R4/metadatatypes.html#ParameterDefinition">ParameterDefinition</a></td><td style="vertical-align: top; text-align : left; background-color: white; border: 0px #F0F0F0 solid; padding:0px 4px 0px 4px" class="hierarchy"><span style="opacity: 0.5">Definition of a parameter to a module</span></td></tr>
<tr style="border: 0px #F0F0F0 solid; padding:0px; vertical-align: top; background-color: #F7F7F7"><td style="vertical-align: top; text-align : left; background-color: #F7F7F7; border: 0px #F0F0F0 solid; padding:0px 4px 0px 4px; white-space: nowrap; background-image: url(tbl_bck04.png)" class="hierarchy"><img src="tbl_spacer.png" alt="." style="background-color: inherit" class="hierarchy"/><img src="tbl_vjoin_end.png" alt="." style="background-color: inherit" class="hierarchy"/><img src="icon_slice_item.png" alt="." style="background-color: #F7F7F7; background-color: inherit" title="Slice Item" class="hierarchy"/> <a href="StructureDefinition-parameter-definition-with-default-definitions.html#ParameterDefinition.extension:defaultValue" title="Extension URL = http://ibm.com/fhir/cdm/StructureDefinition/default-value">default-value</a><a name="ParameterDefinition.extension"> </a></td><td style="vertical-align: top; text-align : left; background-color: #F7F7F7; border: 0px #F0F0F0 solid; padding:0px 4px 0px 4px" class="hierarchy"/><td style="vertical-align: top; text-align : left; background-color: #F7F7F7; border: 0px #F0F0F0 solid; padding:0px 4px 0px 4px" class="hierarchy">0..1</td><td style="vertical-align: top; text-align : left; background-color: #F7F7F7; border: 0px #F0F0F0 solid; padding:0px 4px 0px 4px" class="hierarchy"><a href="http://hl7.org/fhir/R4/datatypes.html#base64Binary">base64Binary</a>, <a href="http://hl7.org/fhir/R4/datatypes.html#boolean">boolean</a>, <a href="http://hl7.org/fhir/R4/datatypes.html#date">date</a>, <a href="http://hl7.org/fhir/R4/datatypes.html#dateTime">dateTime</a>, <a href="http://hl7.org/fhir/R4/datatypes.html#decimal">decimal</a>, <a href="http://hl7.org/fhir/R4/datatypes.html#instant">instant</a>, <a href="http://hl7.org/fhir/R4/datatypes.html#integer">integer</a>, <a href="http://hl7.org/fhir/R4/datatypes.html#string">string</a>, <a href="http://hl7.org/fhir/R4/datatypes.html#time">time</a>, <a href="http://hl7.org/fhir/R4/datatypes.html#uri">uri</a>, <a href="http://hl7.org/fhir/R4/datatypes.html#Annotation">Annotation</a>, <a href="http://hl7.org/fhir/R4/datatypes.html#Attachment">Attachment</a>, <a href="http://hl7.org/fhir/R4/datatypes.html#CodeableConcept">CodeableConcept</a>, <a href="http://hl7.org/fhir/R4/datatypes.html#Coding">Coding</a>, <a href="http://hl7.org/fhir/R4/datatypes.html#Period">Period</a>, <a href="http://hl7.org/fhir/R4/datatypes.html#Quantity">Quantity</a>, <a href="http://hl7.org/fhir/R4/datatypes.html#Range">Range</a>, <a href="http://hl7.org/fhir/R4/datatypes.html#Ratio">Ratio</a></td><td style="vertical-align: top; text-align : left; background-color: #F7F7F7; border: 0px #F0F0F0 solid; padding:0px 4px 0px 4px" class="hierarchy">Default value for the parameter<br/><span style="font-weight:bold">URL: </span><a href="http://hl7.org/fhir/R4/StructureDefinition-default-value.html">http://ibm.com/fhir/cdm/StructureDefinition/default-value</a></td></tr>
<tr><td colspan="5" class="hierarchy"><br/><a href="http://hl7.org/fhir/R4/formats.html#table" title="Legend for this format"><img src="http://hl7.org/fhir/R4/help16.png" alt="doco" style="background-color: inherit"/> Documentation for this format</a></td></tr></table></div></text><url value="http://ibm.com/fhir/cdm/StructureDefinition/parameter-definition-with-default"/><version value="2.0.0"/><name value="ParameterDefinitionWithDefault"/><title value="ParameterDefinition With Default"/><status value="active"/><date value="2021-10-26T01:56:32+00:00"/><contact><name value="Kim Kenna"/><telecom><system value="email"/><value value="sloand@us.ibm.com"/></telecom></contact><contact><name value="Tom Eggebraaten"/><telecom><system value="email"/><value value="tegge@us.ibm.com"/></telecom></contact><description value="ParameterDefinition with optional detailt value"/><fhirVersion value="4.0.1"/><mapping><identity value="rim"/><uri value="http://hl7.org/v3"/><name value="RIM Mapping"/></mapping><kind value="complex-type"/><abstract value="false"/><type value="ParameterDefinition"/><baseDefinition value="http://hl7.org/fhir/StructureDefinition/ParameterDefinition"/><derivation value="constraint"/><snapshot><element id="ParameterDefinition"><path value="ParameterDefinition"/><short value="Definition of a parameter to a module"/><definition value="The parameters to the module. This collection specifies both the input and output parameters. Input parameters are provided by the caller as part of the $evaluate operation. Output parameters are included in the GuidanceResponse."/><min value="0"/><max value="*"/><base><path value="ParameterDefinition"/><min value="0"/><max value="*"/></base><condition value="ele-1"/><constraint><key value="ele-1"/><severity value="error"/><human value="All FHIR elements must have a @value or children"/><expression value="hasValue() or (children().count() &gt; id.count())"/><xpath value="@value|f:*|h:div"/><source value="http://hl7.org/fhir/StructureDefinition/Element"/></constraint><isModifier value="false"/><mapping><identity value="rim"/><map value="n/a"/></mapping></element><element id="ParameterDefinition.id"><path value="ParameterDefinition.id"/><representation value="xmlAttr"/><short value="Unique id for inter-element referencing"/><definition value="Unique id for the element within a resource (for internal references). This may be any string value that does not contain spaces."/><min value="0"/><max value="1"/><base><path value="Element.id"/><min value="0"/><max value="1"/></base><type><extension url="http://hl7.org/fhir/StructureDefinition/structuredefinition-fhir-type"><valueUrl value="string"/></extension><code value="http://hl7.org/fhirpath/System.String"/></type><isModifier value="false"/><isSummary value="false"/><mapping><identity value="rim"/><map value="n/a"/></mapping></element><element id="ParameterDefinition.extension"><path value="ParameterDefinition.extension"/><slicing><discriminator><type value="value"/><path value="url"/></discriminator><description value="Extensions are always sliced by (at least) url"/><rules value="open"/></slicing><short value="Additional content defined by implementations"/><definition value="May be used to represent additional information that is not part of the basic definition of the element. To make the use of extensions safe and manageable, there is a strict set of governance  applied to the definition and use of extensions. Though any implementer can define an extension, there is a set of requirements that SHALL be met as part of the definition of the extension."/><comment value="There can be no stigma associated with the use of extensions by any application, project, or standard - regardless of the institution or jurisdiction that uses or defines the extensions.  The use of extensions is what allows the FHIR specification to retain a core level of simplicity for everyone."/><alias value="extensions"/><alias value="user content"/><min value="0"/><max value="*"/><base><path value="Element.extension"/><min value="0"/><max value="*"/></base><type><code value="Extension"/></type><constraint><key value="ele-1"/><severity value="error"/><human value="All FHIR elements must have a @value or children"/><expression value="hasValue() or (children().count() &gt; id.count())"/><xpath value="@value|f:*|h:div"/><source value="http://hl7.org/fhir/StructureDefinition/Element"/></constraint><constraint><key value="ext-1"/><severity value="error"/><human value="Must have either extensions or value[x], not both"/><expression value="extension.exists() != value.exists()"/><xpath value="exists(f:extension)!=exists(f:*[starts-with(local-name(.), &quot;value&quot;)])"/><source value="http://hl7.org/fhir/StructureDefinition/Extension"/></constraint><isModifier value="false"/><isSummary value="false"/><mapping><identity value="rim"/><map value="n/a"/></mapping></element><element id="ParameterDefinition.extension:defaultValue"><path value="ParameterDefinition.extension"/><sliceName value="defaultValue"/><short value="Default value for the parameter"/><definition value="Default value for the parameter"/><min value="0"/><max value="1"/><base><path value="Element.extension"/><min value="0"/><max value="*"/></base><type><code value="Extension"/><profile value="http://ibm.com/fhir/cdm/StructureDefinition/default-value"/></type><constraint><key value="ele-1"/><severity value="error"/><human value="All FHIR elements must have a @value or children"/><expression value="hasValue() or (children().count() &gt; id.count())"/><xpath value="@value|f:*|h:div"/><source value="http://hl7.org/fhir/StructureDefinition/Element"/></constraint><constraint><key value="ext-1"/><severity value="error"/><human value="Must have either extensions or value[x], not both"/><expression value="extension.exists() != value.exists()"/><xpath value="exists(f:extension)!=exists(f:*[starts-with(local-name(.), &quot;value&quot;)])"/><source value="http://hl7.org/fhir/StructureDefinition/Extension"/></constraint><isModifier value="false"/><isSummary value="false"/><mapping><identity value="rim"/><map value="n/a"/></mapping><mapping><identity value="rim"/><map value="N/A"/></mapping></element><element id="ParameterDefinition.name"><path value="ParameterDefinition.name"/><short value="Name used to access the parameter value"/><definition value="The name of the parameter used to allow access to the value of the parameter in evaluation contexts."/><min value="0"/><max value="1"/><base><path value="ParameterDefinition.name"/><min value="0"/><max value="1"/></base><type><code value="code"/></type><constraint><key value="ele-1"/><severity value="error"/><human value="All FHIR elements must have a @value or children"/><expression value="hasValue() or (children().count() &gt; id.count())"/><xpath value="@value|f:*|h:div"/><source value="http://hl7.org/fhir/StructureDefinition/Element"/></constraint><isModifier value="false"/><isSummary value="true"/></element><element id="ParameterDefinition.use"><path value="ParameterDefinition.use"/><short value="in | out"/><definition value="Whether the parameter is input or output for the module."/><min value="1"/><max value="1"/><base><path value="ParameterDefinition.use"/><min value="1"/><max value="1"/></base><type><code value="code"/></type><constraint><key value="ele-1"/><severity value="error"/><human value="All FHIR elements must have a @value or children"/><expression value="hasValue() or (children().count() &gt; id.count())"/><xpath value="@value|f:*|h:div"/><source value="http://hl7.org/fhir/StructureDefinition/Element"/></constraint><isModifier value="false"/><isSummary value="true"/><binding><extension url="http://hl7.org/fhir/StructureDefinition/elementdefinition-bindingName"><valueString value="ParameterUse"/></extension><strength value="required"/><description value="Whether the parameter is input or output."/><valueSet value="http://hl7.org/fhir/ValueSet/operation-parameter-use|4.0.1"/></binding></element><element id="ParameterDefinition.min"><path value="ParameterDefinition.min"/><short value="Minimum cardinality"/><definition value="The minimum number of times this parameter SHALL appear in the request or response."/><min value="0"/><max value="1"/><base><path value="ParameterDefinition.min"/><min value="0"/><max value="1"/></base><type><code value="integer"/></type><constraint><key value="ele-1"/><severity value="error"/><human value="All FHIR elements must have a @value or children"/><expression value="hasValue() or (children().count() &gt; id.count())"/><xpath value="@value|f:*|h:div"/><source value="http://hl7.org/fhir/StructureDefinition/Element"/></constraint><isModifier value="false"/><isSummary value="true"/></element><element id="ParameterDefinition.max"><path value="ParameterDefinition.max"/><short value="Maximum cardinality (a number of *)"/><definition value="The maximum number of times this element is permitted to appear in the request or response."/><min value="0"/><max value="1"/><base><path value="ParameterDefinition.max"/><min value="0"/><max value="1"/></base><type><code value="string"/></type><constraint><key value="ele-1"/><severity value="error"/><human value="All FHIR elements must have a @value or children"/><expression value="hasValue() or (children().count() &gt; id.count())"/><xpath value="@value|f:*|h:div"/><source value="http://hl7.org/fhir/StructureDefinition/Element"/></constraint><isModifier value="false"/><isSummary value="true"/></element><element id="ParameterDefinition.documentation"><path value="ParameterDefinition.documentation"/><short value="A brief description of the parameter"/><definition value="A brief discussion of what the parameter is for and how it is used by the module."/><min value="0"/><max value="1"/><base><path value="ParameterDefinition.documentation"/><min value="0"/><max value="1"/></base><type><code value="string"/></type><constraint><key value="ele-1"/><severity value="error"/><human value="All FHIR elements must have a @value or children"/><expression value="hasValue() or (children().count() &gt; id.count())"/><xpath value="@value|f:*|h:div"/><source value="http://hl7.org/fhir/StructureDefinition/Element"/></constraint><isModifier value="false"/><isSummary value="true"/></element><element id="ParameterDefinition.type"><path value="ParameterDefinition.type"/><short value="What type of value"/><definition value="The type of the parameter."/><min value="1"/><max value="1"/><base><path value="ParameterDefinition.type"/><min value="1"/><max value="1"/></base><type><code value="code"/></type><constraint><key value="ele-1"/><severity value="error"/><human value="All FHIR elements must have a @value or children"/><expression value="hasValue() or (children().count() &gt; id.count())"/><xpath value="@value|f:*|h:div"/><source value="http://hl7.org/fhir/StructureDefinition/Element"/></constraint><isModifier value="false"/><isSummary value="true"/><binding><extension url="http://hl7.org/fhir/StructureDefinition/elementdefinition-bindingName"><valueString value="FHIRAllTypes"/></extension><extension url="http://hl7.org/fhir/StructureDefinition/elementdefinition-isCommonBinding"><valueBoolean value="true"/></extension><strength value="required"/><description value="A list of all the concrete types defined in this version of the FHIR specification - Abstract Types, Data Types and Resource Types."/><valueSet value="http://hl7.org/fhir/ValueSet/all-types|4.0.1"/></binding></element><element id="ParameterDefinition.profile"><path value="ParameterDefinition.profile"/><short value="What profile the value is expected to be"/><definition value="If specified, this indicates a profile that the input data must conform to, or that the output data will conform to."/><min value="0"/><max value="1"/><base><path value="ParameterDefinition.profile"/><min value="0"/><max value="1"/></base><type><code value="canonical"/><targetProfile value="http://hl7.org/fhir/StructureDefinition/StructureDefinition"/></type><constraint><key value="ele-1"/><severity value="error"/><human value="All FHIR elements must have a @value or children"/><expression value="hasValue() or (children().count() &gt; id.count())"/><xpath value="@value|f:*|h:div"/><source value="http://hl7.org/fhir/StructureDefinition/Element"/></constraint><isModifier value="false"/><isSummary value="true"/></element></snapshot><differential><element id="ParameterDefinition"><path value="ParameterDefinition"/></element><element id="ParameterDefinition.extension:defaultValue"><path value="ParameterDefinition.extension"/><sliceName value="defaultValue"/><short value="Default value for the parameter"/><definition value="Default value for the parameter"/><min value="0"/><max value="1"/><type><code value="Extension"/><profile value="http://ibm.com/fhir/cdm/StructureDefinition/default-value"/></type></element></differential></StructureDefinition>