<?xml version="1.0" encoding="UTF-8"?><ValueSet xmlns="http://hl7.org/fhir"><id value="age-gender-group"/><text><status value="generated"/><div xmlns="http://www.w3.org/1999/xhtml"><ul><li>Include all codes defined in <a href="CodeSystem-age-gender-group.html"><code>http://ibm.com/fhir/cdm/CodeSystem/age-gender-group</code></a></li></ul></div></text><url value="http://ibm.com/fhir/cdm/ValueSet/age-gender-group"/><version value="2.0.0"/><name value="AgeGenderGroupValueSet"/><title value="Age and Gender Group Value Set"/><status value="active"/><date value="2021-10-26T01:56:32+00:00"/><contact><name value="Kim Kenna"/><telecom><system value="email"/><value value="sloand@us.ibm.com"/></telecom></contact><contact><name value="Tom Eggebraaten"/><telecom><system value="email"/><value value="tegge@us.ibm.com"/></telecom></contact><description value="Standard value set for age and gender based on HEDIS cohort codes"/><compose><include><system value="http://ibm.com/fhir/cdm/CodeSystem/age-gender-group"/></include></compose></ValueSet>