<?xml version="1.0" encoding="UTF-8"?><ValueSet xmlns="http://hl7.org/fhir"><id value="legal-document-source"/><text><status value="generated"/><div xmlns="http://www.w3.org/1999/xhtml"><ul><li>Include all codes defined in <a href="CodeSystem-legal-document-source.html"><code>http://ibm.com/fhir/cdm/CodeSystem/legal-document-source</code></a></li></ul></div></text><url value="http://ibm.com/fhir/cdm/ValueSet/legal-document-source"/><version value="2.0.0"/><name value="LegalDocumentSourceValueSet"/><title value="Legal Document Source Value Set"/><status value="active"/><date value="2021-09-20T17:48:04+00:00"/><contact><name value="Kim Kenna"/><telecom><system value="email"/><value value="sloand@us.ibm.com"/></telecom></contact><contact><name value="Tom Eggebraaten"/><telecom><system value="email"/><value value="tegge@us.ibm.com"/></telecom></contact><description value="Codes indicating the source of legal document used for identification"/><compose><include><system value="http://ibm.com/fhir/cdm/CodeSystem/legal-document-source"/></include></compose></ValueSet>