<?xml version="1.0" encoding="UTF-8"?><ValueSet xmlns="http://hl7.org/fhir"><id value="procedure-modifier"/><text><status value="generated"/><div xmlns="http://www.w3.org/1999/xhtml"><p>This value set includes codes based on the following rules:</p><ul><li>Include all codes defined in <a href="CodeSystem-procedure-modifier.html"><code>http://ibm.com/fhir/cdm/CodeSystem/procedure-modifier</code></a></li><li>Include all codes defined in <code>https://oidref.com/2.16.840.1.113883.6.285</code></li></ul></div></text><url value="http://ibm.com/fhir/cdm/ValueSet/procedure-modifier"/><version value="2.0.0"/><name value="ProcedureModifierValueSet"/><title value="Procedure Modifier Value Set"/><status value="active"/><date value="2021-09-28T19:40:31+00:00"/><contact><name value="Kim Kenna"/><telecom><system value="email"/><value value="sloand@us.ibm.com"/></telecom></contact><contact><name value="Tom Eggebraaten"/><telecom><system value="email"/><value value="tegge@us.ibm.com"/></telecom></contact><description value="The value set indicating the procedure modifiers"/><compose><include><system value="http://ibm.com/fhir/cdm/CodeSystem/procedure-modifier"/></include><include><system value="https://oidref.com/2.16.840.1.113883.6.285"/></include></compose></ValueSet>