<?xml version="1.0" encoding="UTF-8"?>

<ValueSet xmlns="http://hl7.org/fhir">
  <id value="claim-supporting-info-category"/>
  <text>
    <status value="generated"/><div xmlns="http://www.w3.org/1999/xhtml"><p>This value set includes codes based on the following rules:</p><ul><li>Include all codes defined in <a href="http://terminology.hl7.org/2.1.0/CodeSystem-claiminformationcategory.html"><code>http://terminology.hl7.org/CodeSystem/claiminformationcategory</code></a></li><li>Include all codes defined in <a href="CodeSystem-claim-supporting-info-category.html"><code>http://ibm.com/fhir/cdm/CodeSystem/claim-supporting-info-category</code></a></li></ul></div>
  </text>
  <url value="http://ibm.com/fhir/cdm/ValueSet/claim-supporting-info-category"/>
  <version value="0.1.1"/>
  <name value="ClaimSupportingInfoCategoryValueSet"/>
  <title value="Claim Supporting Info Category Value Set"/>
  <status value="active"/>
  <date value="2021-07-27T16:04:15+00:00"/>
  <contact>
    <name value="Kim Kenna"/>
    <telecom>
      <system value="email"/>
      <value value="sloand@us.ibm.com"/>
    </telecom>
  </contact>
  <contact>
    <name value="Tom Eggebraaten"/>
    <telecom>
      <system value="email"/>
      <value value="tegge@us.ibm.com"/>
    </telecom>
  </contact>
  <description value="Category that groups related types of supporting info supplied on the claim"/>
  <compose>
    <include>
      <system value="http://terminology.hl7.org/CodeSystem/claiminformationcategory"/>
    </include>
    <include>
      <system value="http://ibm.com/fhir/cdm/CodeSystem/claim-supporting-info-category"/>
    </include>
  </compose>
</ValueSet>