<?xml version="1.0" encoding="UTF-8"?><ValueSet xmlns="http://hl7.org/fhir"><id value="attribution-code-vs"/><text><status value="generated"/><div xmlns="http://www.w3.org/1999/xhtml"><p>This value set includes codes based on the following rules:</p><ul><li>Include all codes defined in <a href="CodeSystem-attribution-code-system.html"><code>http://ibm.com/fhir/cdm/CodeSystem/attribution-code-system</code></a></li><li>Include all codes defined in <a href="CodeSystem-attribution-source.html"><code>http://ibm.com/fhir/cdm/CodeSystem/attribution-source</code></a></li><li>Include all codes defined in <a href="CodeSystem-attribution-product.html"><code>http://ibm.com/fhir/cdm/CodeSystem/attribution-product</code></a></li></ul></div></text><url value="http://ibm.com/fhir/cdm/ValueSet/attribution-code-vs"/><version value="4.0.0"/><name value="AttributionCodeValueSet"/><title value="Attribution Codes"/><status value="active"/><date value="2021-10-18T17:51:29+00:00"/><contact><name value="Kim Kenna"/><telecom><system value="email"/><value value="sloand@us.ibm.com"/></telecom></contact><contact><name value="Tom Eggebraaten"/><telecom><system value="email"/><value value="tegge@us.ibm.com"/></telecom></contact><description value="Types of attribution used to associate a patient to a provider"/><compose><include><system value="http://ibm.com/fhir/cdm/CodeSystem/attribution-code-system"/></include><include><system value="http://ibm.com/fhir/cdm/CodeSystem/attribution-source"/></include><include><system value="http://ibm.com/fhir/cdm/CodeSystem/attribution-product"/></include></compose></ValueSet>