<?xml version="1.0" encoding="UTF-8"?><ValueSet xmlns="http://hl7.org/fhir"><id value="wh-diagnosis-type"/><text><status value="generated"/><div xmlns="http://www.w3.org/1999/xhtml"><p>This value set includes codes based on the following rules:</p><ul><li>Include all codes defined in <a href="CodeSystem-wh-diagnosis-type.html"><code>http://ibm.com/fhir/cdm/CodeSystem/wh-diagnosis-type</code></a></li><li>Include all codes defined in <a href="http://terminology.hl7.org/2.1.0/CodeSystem-ex-diagnosistype.html"><code>http://terminology.hl7.org/CodeSystem/ex-diagnosistype</code></a></li></ul></div></text><url value="http://ibm.com/fhir/cdm/ValueSet/wh-diagnosis-type"/><version value="4.0.0"/><name value="WhDiagnosisTypeValueSet"/><title value="Health Data Connect Diagnosis Type Value Set"/><status value="active"/><date value="2021-10-26T02:43:06+00:00"/><contact><name value="Kim Kenna"/><telecom><system value="email"/><value value="sloand@us.ibm.com"/></telecom></contact><contact><name value="Tom Eggebraaten"/><telecom><system value="email"/><value value="tegge@us.ibm.com"/></telecom></contact><description value="IBM® Health Data Connect value set for the diagnosis codes on a claim"/><compose><include><system value="http://ibm.com/fhir/cdm/CodeSystem/wh-diagnosis-type"/></include><include><system value="http://terminology.hl7.org/CodeSystem/ex-diagnosistype"/></include></compose></ValueSet>