<?xml version="1.0" encoding="UTF-8"?><ValueSet xmlns="http://hl7.org/fhir"><id value="eng-opt-out-reason"/><text><status value="generated"/><div xmlns="http://www.w3.org/1999/xhtml"><ul><li>Include all codes defined in <a href="CodeSystem-eng-opt-out-reason.html"><code>http://ibm.com/fhir/cdm/CodeSystem/eng-opt-out-reason</code></a></li></ul></div></text><url value="http://ibm.com/fhir/cdm/ValueSet/eng-opt-out-reason"/><version value="4.0.0"/><name value="EngagementOptOutReasonValueSet"/><title value="Engagement Opt-Out Reason Value Set"/><status value="active"/><date value="2021-10-26T02:43:06+00:00"/><contact><name value="Kim Kenna"/><telecom><system value="email"/><value value="sloand@us.ibm.com"/></telecom></contact><contact><name value="Tom Eggebraaten"/><telecom><system value="email"/><value value="tegge@us.ibm.com"/></telecom></contact><description value="Codes indicating reasons patients may specify for opting-out of Engagement communications"/><compose><include><system value="http://ibm.com/fhir/cdm/CodeSystem/eng-opt-out-reason"/></include></compose></ValueSet>